<org.lamsfoundation.lams.tool.forum.persistence.Forum>
  <contentId>56</contentId>
  <title>Forum</title>
  <lockWhenFinished>false</lockWhenFinished>
  <allowAnonym>false</allowAnonym>
  <allowEdit>true</allowEdit>
  <allowNewTopic>true</allowNewTopic>
  <allowUpload>false</allowUpload>
  <allowRateMessages>false</allowRateMessages>
  <maximumReply>1</maximumReply>
  <minimumReply>0</minimumReply>
  <maximumRate>0</maximumRate>
  <minimumRate>0</minimumRate>
  <allowRichEditor>false</allowRichEditor>
  <instructions>Instructions</instructions>
  <defineLater>false</defineLater>
  <contentInUse>false</contentInUse>
  <created class="sql-timestamp">2015-01-30 12:15:43.0</created>
  <updated class="sql-timestamp">2015-01-30 12:15:43.0</updated>
  <messages>
    <org.lamsfoundation.lams.tool.forum.persistence.Message>
      <subject>Topic Heading</subject>
      <body>Topic message</body>
      <sequenceId>1</sequenceId>
      <isAuthored>true</isAuthored>
      <isAnonymous>false</isAnonymous>
      <created class="sql-timestamp">2015-01-28 14:40:34.0</created>
      <updated class="sql-timestamp">2015-01-30 12:15:43.0</updated>
      <lastReplyDate class="sql-timestamp">2015-01-30 12:15:43.0</lastReplyDate>
      <replyNumber>0</replyNumber>
      <hideFlag>false</hideFlag>
      <attachments class="sorted-set"/>
    </org.lamsfoundation.lams.tool.forum.persistence.Message>
  </messages>
  <minCharacters>0</minCharacters>
  <limitedMinCharacters>false</limitedMinCharacters>
  <maxCharacters>5000</maxCharacters>
  <limitedMaxCharacters>true</limitedMaxCharacters>
  <reflectOnActivity>false</reflectOnActivity>
  <notifyLearnersOnMarkRelease>false</notifyLearnersOnMarkRelease>
  <notifyLearnersOnForumPosting>false</notifyLearnersOnForumPosting>
  <notifyTeachersOnForumPosting>false</notifyTeachersOnForumPosting>
  <conditions class="sorted-set">
    <comparator class="org.lamsfoundation.lams.learningdesign.TextSearchConditionComparator"/>
    <org.lamsfoundation.lams.tool.forum.persistence.ForumCondition>
      <orderId>1</orderId>
      <name>topic.name.to.answers.output.definition.forum#6</name>
      <displayName>Posts to the first topic contain word &quot;LAMS&quot;</displayName>
      <type>OUTPUT_COMPLEX</type>
      <allWords>LAMS</allWords>
      <conditionsParsed>false</conditionsParsed>
      <allWordsCondition/>
      <anyWordsCondition/>
      <excludedWordsCondition/>
      <topics class="sorted-set">
        <comparator class="org.lamsfoundation.lams.tool.forum.util.ConditionTopicComparator"/>
        <org.lamsfoundation.lams.tool.forum.persistence.Message reference="../../../../messages/org.lamsfoundation.lams.tool.forum.persistence.Message"/>
      </topics>
    </org.lamsfoundation.lams.tool.forum.persistence.ForumCondition>
  </conditions>
</org.lamsfoundation.lams.tool.forum.persistence.Forum>