<org.lamsfoundation.lams.learningdesign.dto.LearningDesignDTO>
  <learningDesignID>1</learningDesignID>
  <title>30forums</title>
  <firstActivityID>38</firstActivityID>
  <firstActivityUIID>1</firstActivityUIID>
  <floatingActivityID>38</floatingActivityID>
  <maxID>59</maxID>
  <validDesign>true</validDesign>
  <readOnly>false</readOnly>
  <editOverrideLock>false</editOverrideLock>
  <userID>5</userID>
  <originalUserID>5</originalUserID>
  <copyTypeID>1</copyTypeID>
  <createDateTime class="sql-timestamp">2015-01-30 12:15:43.0</createDateTime>
  <version>2.4.0.201204131000</version>
  <designVersion>1</designVersion>
  <workspaceFolderID>5</workspaceFolderID>
  <lastModifiedDateTime class="sql-timestamp">2015-01-30 12:15:43.0</lastModifiedDateTime>
  <contentFolderID>8a216a9f4b3ac065014b3ac284ec0001</contentFolderID>
  <groupings/>
  <activities>
    <org.lamsfoundation.lams.learningdesign.dto.AuthoringActivityDTO>
      <activityID>38</activityID>
      <activityUIID>1</activityUIID>
      <description>Online threaded discussion tool (asynchronous).</description>
      <activityTitle>Forum</activityTitle>
      <helpText>Discussion tool useful for long running collaborations and situations where learners are not all on line at the same time.</helpText>
      <helpURL>http://wiki.lamsfoundation.org/display/lamsdocs/lafrum11</helpURL>
      <xCoord>80</xCoord>
      <yCoord>167</yCoord>
      <activityTypeID>1</activityTypeID>
      <learningDesignID>1</learningDesignID>
      <learningLibraryID>6</learningLibraryID>
      <createDateTime class="sql-timestamp">2015-01-30 12:15:43.0</createDateTime>
      <toolSignature>lafrum11</toolSignature>
      <toolID>6</toolID>
      <toolContentID>30</toolContentID>
      <toolDisplayName>Forum</toolDisplayName>
      <toolVersion>20140102</toolVersion>
      <authoringURL>tool/lafrum11/authoring.do</authoringURL>
      <monitoringURL>tool/lafrum11/monitoring.do</monitoringURL>
      <activityCategoryID>2</activityCategoryID>
      <applyGrouping>false</applyGrouping>
      <groupingSupportType>2</groupingSupportType>
      <libraryActivityUIImage>tool/lafrum11/images/icon_forum.swf</libraryActivityUIImage>
      <readOnly>false</readOnly>
      <initialised>false</initialised>
      <stopAfterActivity>false</stopAfterActivity>
      <inputActivities/>
      <competenceMappingTitles/>
      <activityEvaluations/>
      <languageCode></languageCode>
      <supportsOutputs>true</supportsOutputs>
    </org.lamsfoundation.lams.learningdesign.dto.AuthoringActivityDTO>
    <org.lamsfoundation.lams.learningdesign.dto.AuthoringActivityDTO>
      <activityID>39</activityID>
      <activityUIID>2</activityUIID>
      <description>Online threaded discussion tool (asynchronous).</description>
      <activityTitle>Forum</activityTitle>
      <helpText>Discussion tool useful for long running collaborations and situations where learners are not all on line at the same time.</helpText>
      <helpURL>http://wiki.lamsfoundation.org/display/lamsdocs/lafrum11</helpURL>
      <xCoord>235</xCoord>
      <yCoord>168</yCoord>
      <activityTypeID>1</activityTypeID>
      <learningDesignID>1</learningDesignID>
      <learningLibraryID>6</learningLibraryID>
      <createDateTime class="sql-timestamp">2015-01-30 12:15:43.0</createDateTime>
      <toolSignature>lafrum11</toolSignature>
      <toolID>6</toolID>
      <toolContentID>31</toolContentID>
      <toolDisplayName>Forum</toolDisplayName>
      <toolVersion>20140102</toolVersion>
      <authoringURL>tool/lafrum11/authoring.do</authoringURL>
      <monitoringURL>tool/lafrum11/monitoring.do</monitoringURL>
      <activityCategoryID>2</activityCategoryID>
      <applyGrouping>false</applyGrouping>
      <groupingSupportType>2</groupingSupportType>
      <libraryActivityUIImage>tool/lafrum11/images/icon_forum.swf</libraryActivityUIImage>
      <readOnly>false</readOnly>
      <initialised>false</initialised>
      <stopAfterActivity>false</stopAfterActivity>
      <inputActivities/>
      <competenceMappingTitles/>
      <activityEvaluations/>
      <languageCode></languageCode>
      <supportsOutputs>true</supportsOutputs>
    </org.lamsfoundation.lams.learningdesign.dto.AuthoringActivityDTO>
    <org.lamsfoundation.lams.learningdesign.dto.AuthoringActivityDTO>
      <activityID>40</activityID>
      <activityUIID>3</activityUIID>
      <description>Online threaded discussion tool (asynchronous).</description>
      <activityTitle>Forum</activityTitle>
      <helpText>Discussion tool useful for long running collaborations and situations where learners are not all on line at the same time.</helpText>
      <helpURL>http://wiki.lamsfoundation.org/display/lamsdocs/lafrum11</helpURL>
      <xCoord>366</xCoord>
      <yCoord>162</yCoord>
      <activityTypeID>1</activityTypeID>
      <learningDesignID>1</learningDesignID>
      <learningLibraryID>6</learningLibraryID>
      <createDateTime class="sql-timestamp">2015-01-30 12:15:43.0</createDateTime>
      <toolSignature>lafrum11</toolSignature>
      <toolID>6</toolID>
      <toolContentID>32</toolContentID>
      <toolDisplayName>Forum</toolDisplayName>
      <toolVersion>20140102</toolVersion>
      <authoringURL>tool/lafrum11/authoring.do</authoringURL>
      <monitoringURL>tool/lafrum11/monitoring.do</monitoringURL>
      <activityCategoryID>2</activityCategoryID>
      <applyGrouping>false</applyGrouping>
      <groupingSupportType>2</groupingSupportType>
      <libraryActivityUIImage>tool/lafrum11/images/icon_forum.swf</libraryActivityUIImage>
      <readOnly>false</readOnly>
      <initialised>false</initialised>
      <stopAfterActivity>false</stopAfterActivity>
      <inputActivities/>
      <competenceMappingTitles/>
      <activityEvaluations/>
      <languageCode></languageCode>
      <supportsOutputs>true</supportsOutputs>
    </org.lamsfoundation.lams.learningdesign.dto.AuthoringActivityDTO>
    <org.lamsfoundation.lams.learningdesign.dto.AuthoringActivityDTO>
      <activityID>41</activityID>
      <activityUIID>4</activityUIID>
      <description>Online threaded discussion tool (asynchronous).</description>
      <activityTitle>Forum</activityTitle>
      <helpText>Discussion tool useful for long running collaborations and situations where learners are not all on line at the same time.</helpText>
      <helpURL>http://wiki.lamsfoundation.org/display/lamsdocs/lafrum11</helpURL>
      <xCoord>506</xCoord>
      <yCoord>170</yCoord>
      <activityTypeID>1</activityTypeID>
      <learningDesignID>1</learningDesignID>
      <learningLibraryID>6</learningLibraryID>
      <createDateTime class="sql-timestamp">2015-01-30 12:15:43.0</createDateTime>
      <toolSignature>lafrum11</toolSignature>
      <toolID>6</toolID>
      <toolContentID>33</toolContentID>
      <toolDisplayName>Forum</toolDisplayName>
      <toolVersion>20140102</toolVersion>
      <authoringURL>tool/lafrum11/authoring.do</authoringURL>
      <monitoringURL>tool/lafrum11/monitoring.do</monitoringURL>
      <activityCategoryID>2</activityCategoryID>
      <applyGrouping>false</applyGrouping>
      <groupingSupportType>2</groupingSupportType>
      <libraryActivityUIImage>tool/lafrum11/images/icon_forum.swf</libraryActivityUIImage>
      <readOnly>false</readOnly>
      <initialised>false</initialised>
      <stopAfterActivity>false</stopAfterActivity>
      <inputActivities/>
      <competenceMappingTitles/>
      <activityEvaluations/>
      <languageCode></languageCode>
      <supportsOutputs>true</supportsOutputs>
    </org.lamsfoundation.lams.learningdesign.dto.AuthoringActivityDTO>
    <org.lamsfoundation.lams.learningdesign.dto.AuthoringActivityDTO>
      <activityID>42</activityID>
      <activityUIID>5</activityUIID>
      <description>Online threaded discussion tool (asynchronous).</description>
      <activityTitle>Forum</activityTitle>
      <helpText>Discussion tool useful for long running collaborations and situations where learners are not all on line at the same time.</helpText>
      <helpURL>http://wiki.lamsfoundation.org/display/lamsdocs/lafrum11</helpURL>
      <xCoord>645</xCoord>
      <yCoord>169</yCoord>
      <activityTypeID>1</activityTypeID>
      <learningDesignID>1</learningDesignID>
      <learningLibraryID>6</learningLibraryID>
      <createDateTime class="sql-timestamp">2015-01-30 12:15:43.0</createDateTime>
      <toolSignature>lafrum11</toolSignature>
      <toolID>6</toolID>
      <toolContentID>34</toolContentID>
      <toolDisplayName>Forum</toolDisplayName>
      <toolVersion>20140102</toolVersion>
      <authoringURL>tool/lafrum11/authoring.do</authoringURL>
      <monitoringURL>tool/lafrum11/monitoring.do</monitoringURL>
      <activityCategoryID>2</activityCategoryID>
      <applyGrouping>false</applyGrouping>
      <groupingSupportType>2</groupingSupportType>
      <libraryActivityUIImage>tool/lafrum11/images/icon_forum.swf</libraryActivityUIImage>
      <readOnly>false</readOnly>
      <initialised>false</initialised>
      <stopAfterActivity>false</stopAfterActivity>
      <inputActivities/>
      <competenceMappingTitles/>
      <activityEvaluations/>
      <languageCode></languageCode>
      <supportsOutputs>true</supportsOutputs>
    </org.lamsfoundation.lams.learningdesign.dto.AuthoringActivityDTO>
    <org.lamsfoundation.lams.learningdesign.dto.AuthoringActivityDTO>
      <activityID>43</activityID>
      <activityUIID>6</activityUIID>
      <description>Online threaded discussion tool (asynchronous).</description>
      <activityTitle>Forum</activityTitle>
      <helpText>Discussion tool useful for long running collaborations and situations where learners are not all on line at the same time.</helpText>
      <helpURL>http://wiki.lamsfoundation.org/display/lamsdocs/lafrum11</helpURL>
      <xCoord>64</xCoord>
      <yCoord>247</yCoord>
      <activityTypeID>1</activityTypeID>
      <learningDesignID>1</learningDesignID>
      <learningLibraryID>6</learningLibraryID>
      <createDateTime class="sql-timestamp">2015-01-30 12:15:43.0</createDateTime>
      <toolSignature>lafrum11</toolSignature>
      <toolID>6</toolID>
      <toolContentID>35</toolContentID>
      <toolDisplayName>Forum</toolDisplayName>
      <toolVersion>20140102</toolVersion>
      <authoringURL>tool/lafrum11/authoring.do</authoringURL>
      <monitoringURL>tool/lafrum11/monitoring.do</monitoringURL>
      <activityCategoryID>2</activityCategoryID>
      <applyGrouping>false</applyGrouping>
      <groupingSupportType>2</groupingSupportType>
      <libraryActivityUIImage>tool/lafrum11/images/icon_forum.swf</libraryActivityUIImage>
      <readOnly>false</readOnly>
      <initialised>false</initialised>
      <stopAfterActivity>false</stopAfterActivity>
      <inputActivities/>
      <competenceMappingTitles/>
      <activityEvaluations/>
      <languageCode></languageCode>
      <supportsOutputs>true</supportsOutputs>
    </org.lamsfoundation.lams.learningdesign.dto.AuthoringActivityDTO>
    <org.lamsfoundation.lams.learningdesign.dto.AuthoringActivityDTO>
      <activityID>44</activityID>
      <activityUIID>7</activityUIID>
      <description>Online threaded discussion tool (asynchronous).</description>
      <activityTitle>Forum</activityTitle>
      <helpText>Discussion tool useful for long running collaborations and situations where learners are not all on line at the same time.</helpText>
      <helpURL>http://wiki.lamsfoundation.org/display/lamsdocs/lafrum11</helpURL>
      <xCoord>199</xCoord>
      <yCoord>246</yCoord>
      <activityTypeID>1</activityTypeID>
      <learningDesignID>1</learningDesignID>
      <learningLibraryID>6</learningLibraryID>
      <createDateTime class="sql-timestamp">2015-01-30 12:15:43.0</createDateTime>
      <toolSignature>lafrum11</toolSignature>
      <toolID>6</toolID>
      <toolContentID>36</toolContentID>
      <toolDisplayName>Forum</toolDisplayName>
      <toolVersion>20140102</toolVersion>
      <authoringURL>tool/lafrum11/authoring.do</authoringURL>
      <monitoringURL>tool/lafrum11/monitoring.do</monitoringURL>
      <activityCategoryID>2</activityCategoryID>
      <applyGrouping>false</applyGrouping>
      <groupingSupportType>2</groupingSupportType>
      <libraryActivityUIImage>tool/lafrum11/images/icon_forum.swf</libraryActivityUIImage>
      <readOnly>false</readOnly>
      <initialised>false</initialised>
      <stopAfterActivity>false</stopAfterActivity>
      <inputActivities/>
      <competenceMappingTitles/>
      <activityEvaluations/>
      <languageCode></languageCode>
      <supportsOutputs>true</supportsOutputs>
    </org.lamsfoundation.lams.learningdesign.dto.AuthoringActivityDTO>
    <org.lamsfoundation.lams.learningdesign.dto.AuthoringActivityDTO>
      <activityID>45</activityID>
      <activityUIID>8</activityUIID>
      <description>Online threaded discussion tool (asynchronous).</description>
      <activityTitle>Forum</activityTitle>
      <helpText>Discussion tool useful for long running collaborations and situations where learners are not all on line at the same time.</helpText>
      <helpURL>http://wiki.lamsfoundation.org/display/lamsdocs/lafrum11</helpURL>
      <xCoord>359</xCoord>
      <yCoord>257</yCoord>
      <activityTypeID>1</activityTypeID>
      <learningDesignID>1</learningDesignID>
      <learningLibraryID>6</learningLibraryID>
      <createDateTime class="sql-timestamp">2015-01-30 12:15:43.0</createDateTime>
      <toolSignature>lafrum11</toolSignature>
      <toolID>6</toolID>
      <toolContentID>37</toolContentID>
      <toolDisplayName>Forum</toolDisplayName>
      <toolVersion>20140102</toolVersion>
      <authoringURL>tool/lafrum11/authoring.do</authoringURL>
      <monitoringURL>tool/lafrum11/monitoring.do</monitoringURL>
      <activityCategoryID>2</activityCategoryID>
      <applyGrouping>false</applyGrouping>
      <groupingSupportType>2</groupingSupportType>
      <libraryActivityUIImage>tool/lafrum11/images/icon_forum.swf</libraryActivityUIImage>
      <readOnly>false</readOnly>
      <initialised>false</initialised>
      <stopAfterActivity>false</stopAfterActivity>
      <inputActivities/>
      <competenceMappingTitles/>
      <activityEvaluations/>
      <languageCode></languageCode>
      <supportsOutputs>true</supportsOutputs>
    </org.lamsfoundation.lams.learningdesign.dto.AuthoringActivityDTO>
    <org.lamsfoundation.lams.learningdesign.dto.AuthoringActivityDTO>
      <activityID>46</activityID>
      <activityUIID>9</activityUIID>
      <description>Online threaded discussion tool (asynchronous).</description>
      <activityTitle>Forum</activityTitle>
      <helpText>Discussion tool useful for long running collaborations and situations where learners are not all on line at the same time.</helpText>
      <helpURL>http://wiki.lamsfoundation.org/display/lamsdocs/lafrum11</helpURL>
      <xCoord>481</xCoord>
      <yCoord>247</yCoord>
      <activityTypeID>1</activityTypeID>
      <learningDesignID>1</learningDesignID>
      <learningLibraryID>6</learningLibraryID>
      <createDateTime class="sql-timestamp">2015-01-30 12:15:43.0</createDateTime>
      <toolSignature>lafrum11</toolSignature>
      <toolID>6</toolID>
      <toolContentID>38</toolContentID>
      <toolDisplayName>Forum</toolDisplayName>
      <toolVersion>20140102</toolVersion>
      <authoringURL>tool/lafrum11/authoring.do</authoringURL>
      <monitoringURL>tool/lafrum11/monitoring.do</monitoringURL>
      <activityCategoryID>2</activityCategoryID>
      <applyGrouping>false</applyGrouping>
      <groupingSupportType>2</groupingSupportType>
      <libraryActivityUIImage>tool/lafrum11/images/icon_forum.swf</libraryActivityUIImage>
      <readOnly>false</readOnly>
      <initialised>false</initialised>
      <stopAfterActivity>false</stopAfterActivity>
      <inputActivities/>
      <competenceMappingTitles/>
      <activityEvaluations/>
      <languageCode></languageCode>
      <supportsOutputs>true</supportsOutputs>
    </org.lamsfoundation.lams.learningdesign.dto.AuthoringActivityDTO>
    <org.lamsfoundation.lams.learningdesign.dto.AuthoringActivityDTO>
      <activityID>47</activityID>
      <activityUIID>10</activityUIID>
      <description>Online threaded discussion tool (asynchronous).</description>
      <activityTitle>Forum</activityTitle>
      <helpText>Discussion tool useful for long running collaborations and situations where learners are not all on line at the same time.</helpText>
      <helpURL>http://wiki.lamsfoundation.org/display/lamsdocs/lafrum11</helpURL>
      <xCoord>637</xCoord>
      <yCoord>242</yCoord>
      <activityTypeID>1</activityTypeID>
      <learningDesignID>1</learningDesignID>
      <learningLibraryID>6</learningLibraryID>
      <createDateTime class="sql-timestamp">2015-01-30 12:15:43.0</createDateTime>
      <toolSignature>lafrum11</toolSignature>
      <toolID>6</toolID>
      <toolContentID>39</toolContentID>
      <toolDisplayName>Forum</toolDisplayName>
      <toolVersion>20140102</toolVersion>
      <authoringURL>tool/lafrum11/authoring.do</authoringURL>
      <monitoringURL>tool/lafrum11/monitoring.do</monitoringURL>
      <activityCategoryID>2</activityCategoryID>
      <applyGrouping>false</applyGrouping>
      <groupingSupportType>2</groupingSupportType>
      <libraryActivityUIImage>tool/lafrum11/images/icon_forum.swf</libraryActivityUIImage>
      <readOnly>false</readOnly>
      <initialised>false</initialised>
      <stopAfterActivity>false</stopAfterActivity>
      <inputActivities/>
      <competenceMappingTitles/>
      <activityEvaluations/>
      <languageCode></languageCode>
      <supportsOutputs>true</supportsOutputs>
    </org.lamsfoundation.lams.learningdesign.dto.AuthoringActivityDTO>
    <org.lamsfoundation.lams.learningdesign.dto.AuthoringActivityDTO>
      <activityID>48</activityID>
      <activityUIID>11</activityUIID>
      <description>Online threaded discussion tool (asynchronous).</description>
      <activityTitle>Forum</activityTitle>
      <helpText>Discussion tool useful for long running collaborations and situations where learners are not all on line at the same time.</helpText>
      <helpURL>http://wiki.lamsfoundation.org/display/lamsdocs/lafrum11</helpURL>
      <xCoord>62</xCoord>
      <yCoord>329</yCoord>
      <activityTypeID>1</activityTypeID>
      <learningDesignID>1</learningDesignID>
      <learningLibraryID>6</learningLibraryID>
      <createDateTime class="sql-timestamp">2015-01-30 12:15:43.0</createDateTime>
      <toolSignature>lafrum11</toolSignature>
      <toolID>6</toolID>
      <toolContentID>40</toolContentID>
      <toolDisplayName>Forum</toolDisplayName>
      <toolVersion>20140102</toolVersion>
      <authoringURL>tool/lafrum11/authoring.do</authoringURL>
      <monitoringURL>tool/lafrum11/monitoring.do</monitoringURL>
      <activityCategoryID>2</activityCategoryID>
      <applyGrouping>false</applyGrouping>
      <groupingSupportType>2</groupingSupportType>
      <libraryActivityUIImage>tool/lafrum11/images/icon_forum.swf</libraryActivityUIImage>
      <readOnly>false</readOnly>
      <initialised>false</initialised>
      <stopAfterActivity>false</stopAfterActivity>
      <inputActivities/>
      <competenceMappingTitles/>
      <activityEvaluations/>
      <languageCode></languageCode>
      <supportsOutputs>true</supportsOutputs>
    </org.lamsfoundation.lams.learningdesign.dto.AuthoringActivityDTO>
    <org.lamsfoundation.lams.learningdesign.dto.AuthoringActivityDTO>
      <activityID>49</activityID>
      <activityUIID>12</activityUIID>
      <description>Online threaded discussion tool (asynchronous).</description>
      <activityTitle>Forum</activityTitle>
      <helpText>Discussion tool useful for long running collaborations and situations where learners are not all on line at the same time.</helpText>
      <helpURL>http://wiki.lamsfoundation.org/display/lamsdocs/lafrum11</helpURL>
      <xCoord>206</xCoord>
      <yCoord>315</yCoord>
      <activityTypeID>1</activityTypeID>
      <learningDesignID>1</learningDesignID>
      <learningLibraryID>6</learningLibraryID>
      <createDateTime class="sql-timestamp">2015-01-30 12:15:43.0</createDateTime>
      <toolSignature>lafrum11</toolSignature>
      <toolID>6</toolID>
      <toolContentID>41</toolContentID>
      <toolDisplayName>Forum</toolDisplayName>
      <toolVersion>20140102</toolVersion>
      <authoringURL>tool/lafrum11/authoring.do</authoringURL>
      <monitoringURL>tool/lafrum11/monitoring.do</monitoringURL>
      <activityCategoryID>2</activityCategoryID>
      <applyGrouping>false</applyGrouping>
      <groupingSupportType>2</groupingSupportType>
      <libraryActivityUIImage>tool/lafrum11/images/icon_forum.swf</libraryActivityUIImage>
      <readOnly>false</readOnly>
      <initialised>false</initialised>
      <stopAfterActivity>false</stopAfterActivity>
      <inputActivities/>
      <competenceMappingTitles/>
      <activityEvaluations/>
      <languageCode></languageCode>
      <supportsOutputs>true</supportsOutputs>
    </org.lamsfoundation.lams.learningdesign.dto.AuthoringActivityDTO>
    <org.lamsfoundation.lams.learningdesign.dto.AuthoringActivityDTO>
      <activityID>50</activityID>
      <activityUIID>13</activityUIID>
      <description>Online threaded discussion tool (asynchronous).</description>
      <activityTitle>Forum</activityTitle>
      <helpText>Discussion tool useful for long running collaborations and situations where learners are not all on line at the same time.</helpText>
      <helpURL>http://wiki.lamsfoundation.org/display/lamsdocs/lafrum11</helpURL>
      <xCoord>356</xCoord>
      <yCoord>319</yCoord>
      <activityTypeID>1</activityTypeID>
      <learningDesignID>1</learningDesignID>
      <learningLibraryID>6</learningLibraryID>
      <createDateTime class="sql-timestamp">2015-01-30 12:15:43.0</createDateTime>
      <toolSignature>lafrum11</toolSignature>
      <toolID>6</toolID>
      <toolContentID>42</toolContentID>
      <toolDisplayName>Forum</toolDisplayName>
      <toolVersion>20140102</toolVersion>
      <authoringURL>tool/lafrum11/authoring.do</authoringURL>
      <monitoringURL>tool/lafrum11/monitoring.do</monitoringURL>
      <activityCategoryID>2</activityCategoryID>
      <applyGrouping>false</applyGrouping>
      <groupingSupportType>2</groupingSupportType>
      <libraryActivityUIImage>tool/lafrum11/images/icon_forum.swf</libraryActivityUIImage>
      <readOnly>false</readOnly>
      <initialised>false</initialised>
      <stopAfterActivity>false</stopAfterActivity>
      <inputActivities/>
      <competenceMappingTitles/>
      <activityEvaluations/>
      <languageCode></languageCode>
      <supportsOutputs>true</supportsOutputs>
    </org.lamsfoundation.lams.learningdesign.dto.AuthoringActivityDTO>
    <org.lamsfoundation.lams.learningdesign.dto.AuthoringActivityDTO>
      <activityID>51</activityID>
      <activityUIID>14</activityUIID>
      <description>Online threaded discussion tool (asynchronous).</description>
      <activityTitle>Forum</activityTitle>
      <helpText>Discussion tool useful for long running collaborations and situations where learners are not all on line at the same time.</helpText>
      <helpURL>http://wiki.lamsfoundation.org/display/lamsdocs/lafrum11</helpURL>
      <xCoord>484</xCoord>
      <yCoord>312</yCoord>
      <activityTypeID>1</activityTypeID>
      <learningDesignID>1</learningDesignID>
      <learningLibraryID>6</learningLibraryID>
      <createDateTime class="sql-timestamp">2015-01-30 12:15:43.0</createDateTime>
      <toolSignature>lafrum11</toolSignature>
      <toolID>6</toolID>
      <toolContentID>43</toolContentID>
      <toolDisplayName>Forum</toolDisplayName>
      <toolVersion>20140102</toolVersion>
      <authoringURL>tool/lafrum11/authoring.do</authoringURL>
      <monitoringURL>tool/lafrum11/monitoring.do</monitoringURL>
      <activityCategoryID>2</activityCategoryID>
      <applyGrouping>false</applyGrouping>
      <groupingSupportType>2</groupingSupportType>
      <libraryActivityUIImage>tool/lafrum11/images/icon_forum.swf</libraryActivityUIImage>
      <readOnly>false</readOnly>
      <initialised>false</initialised>
      <stopAfterActivity>false</stopAfterActivity>
      <inputActivities/>
      <competenceMappingTitles/>
      <activityEvaluations/>
      <languageCode></languageCode>
      <supportsOutputs>true</supportsOutputs>
    </org.lamsfoundation.lams.learningdesign.dto.AuthoringActivityDTO>
    <org.lamsfoundation.lams.learningdesign.dto.AuthoringActivityDTO>
      <activityID>52</activityID>
      <activityUIID>15</activityUIID>
      <description>Online threaded discussion tool (asynchronous).</description>
      <activityTitle>Forum</activityTitle>
      <helpText>Discussion tool useful for long running collaborations and situations where learners are not all on line at the same time.</helpText>
      <helpURL>http://wiki.lamsfoundation.org/display/lamsdocs/lafrum11</helpURL>
      <xCoord>641</xCoord>
      <yCoord>322</yCoord>
      <activityTypeID>1</activityTypeID>
      <learningDesignID>1</learningDesignID>
      <learningLibraryID>6</learningLibraryID>
      <createDateTime class="sql-timestamp">2015-01-30 12:15:43.0</createDateTime>
      <toolSignature>lafrum11</toolSignature>
      <toolID>6</toolID>
      <toolContentID>44</toolContentID>
      <toolDisplayName>Forum</toolDisplayName>
      <toolVersion>20140102</toolVersion>
      <authoringURL>tool/lafrum11/authoring.do</authoringURL>
      <monitoringURL>tool/lafrum11/monitoring.do</monitoringURL>
      <activityCategoryID>2</activityCategoryID>
      <applyGrouping>false</applyGrouping>
      <groupingSupportType>2</groupingSupportType>
      <libraryActivityUIImage>tool/lafrum11/images/icon_forum.swf</libraryActivityUIImage>
      <readOnly>false</readOnly>
      <initialised>false</initialised>
      <stopAfterActivity>false</stopAfterActivity>
      <inputActivities/>
      <competenceMappingTitles/>
      <activityEvaluations/>
      <languageCode></languageCode>
      <supportsOutputs>true</supportsOutputs>
    </org.lamsfoundation.lams.learningdesign.dto.AuthoringActivityDTO>
    <org.lamsfoundation.lams.learningdesign.dto.AuthoringActivityDTO>
      <activityID>53</activityID>
      <activityUIID>16</activityUIID>
      <description>Online threaded discussion tool (asynchronous).</description>
      <activityTitle>Forum</activityTitle>
      <helpText>Discussion tool useful for long running collaborations and situations where learners are not all on line at the same time.</helpText>
      <helpURL>http://wiki.lamsfoundation.org/display/lamsdocs/lafrum11</helpURL>
      <xCoord>62</xCoord>
      <yCoord>398</yCoord>
      <activityTypeID>1</activityTypeID>
      <learningDesignID>1</learningDesignID>
      <learningLibraryID>6</learningLibraryID>
      <createDateTime class="sql-timestamp">2015-01-30 12:15:43.0</createDateTime>
      <toolSignature>lafrum11</toolSignature>
      <toolID>6</toolID>
      <toolContentID>45</toolContentID>
      <toolDisplayName>Forum</toolDisplayName>
      <toolVersion>20140102</toolVersion>
      <authoringURL>tool/lafrum11/authoring.do</authoringURL>
      <monitoringURL>tool/lafrum11/monitoring.do</monitoringURL>
      <activityCategoryID>2</activityCategoryID>
      <applyGrouping>false</applyGrouping>
      <groupingSupportType>2</groupingSupportType>
      <libraryActivityUIImage>tool/lafrum11/images/icon_forum.swf</libraryActivityUIImage>
      <readOnly>false</readOnly>
      <initialised>false</initialised>
      <stopAfterActivity>false</stopAfterActivity>
      <inputActivities/>
      <competenceMappingTitles/>
      <activityEvaluations/>
      <languageCode></languageCode>
      <supportsOutputs>true</supportsOutputs>
    </org.lamsfoundation.lams.learningdesign.dto.AuthoringActivityDTO>
    <org.lamsfoundation.lams.learningdesign.dto.AuthoringActivityDTO>
      <activityID>54</activityID>
      <activityUIID>17</activityUIID>
      <description>Online threaded discussion tool (asynchronous).</description>
      <activityTitle>Forum</activityTitle>
      <helpText>Discussion tool useful for long running collaborations and situations where learners are not all on line at the same time.</helpText>
      <helpURL>http://wiki.lamsfoundation.org/display/lamsdocs/lafrum11</helpURL>
      <xCoord>219</xCoord>
      <yCoord>388</yCoord>
      <activityTypeID>1</activityTypeID>
      <learningDesignID>1</learningDesignID>
      <learningLibraryID>6</learningLibraryID>
      <createDateTime class="sql-timestamp">2015-01-30 12:15:43.0</createDateTime>
      <toolSignature>lafrum11</toolSignature>
      <toolID>6</toolID>
      <toolContentID>46</toolContentID>
      <toolDisplayName>Forum</toolDisplayName>
      <toolVersion>20140102</toolVersion>
      <authoringURL>tool/lafrum11/authoring.do</authoringURL>
      <monitoringURL>tool/lafrum11/monitoring.do</monitoringURL>
      <activityCategoryID>2</activityCategoryID>
      <applyGrouping>false</applyGrouping>
      <groupingSupportType>2</groupingSupportType>
      <libraryActivityUIImage>tool/lafrum11/images/icon_forum.swf</libraryActivityUIImage>
      <readOnly>false</readOnly>
      <initialised>false</initialised>
      <stopAfterActivity>false</stopAfterActivity>
      <inputActivities/>
      <competenceMappingTitles/>
      <activityEvaluations/>
      <languageCode></languageCode>
      <supportsOutputs>true</supportsOutputs>
    </org.lamsfoundation.lams.learningdesign.dto.AuthoringActivityDTO>
    <org.lamsfoundation.lams.learningdesign.dto.AuthoringActivityDTO>
      <activityID>55</activityID>
      <activityUIID>18</activityUIID>
      <description>Online threaded discussion tool (asynchronous).</description>
      <activityTitle>Forum</activityTitle>
      <helpText>Discussion tool useful for long running collaborations and situations where learners are not all on line at the same time.</helpText>
      <helpURL>http://wiki.lamsfoundation.org/display/lamsdocs/lafrum11</helpURL>
      <xCoord>362</xCoord>
      <yCoord>380</yCoord>
      <activityTypeID>1</activityTypeID>
      <learningDesignID>1</learningDesignID>
      <learningLibraryID>6</learningLibraryID>
      <createDateTime class="sql-timestamp">2015-01-30 12:15:43.0</createDateTime>
      <toolSignature>lafrum11</toolSignature>
      <toolID>6</toolID>
      <toolContentID>47</toolContentID>
      <toolDisplayName>Forum</toolDisplayName>
      <toolVersion>20140102</toolVersion>
      <authoringURL>tool/lafrum11/authoring.do</authoringURL>
      <monitoringURL>tool/lafrum11/monitoring.do</monitoringURL>
      <activityCategoryID>2</activityCategoryID>
      <applyGrouping>false</applyGrouping>
      <groupingSupportType>2</groupingSupportType>
      <libraryActivityUIImage>tool/lafrum11/images/icon_forum.swf</libraryActivityUIImage>
      <readOnly>false</readOnly>
      <initialised>false</initialised>
      <stopAfterActivity>false</stopAfterActivity>
      <inputActivities/>
      <competenceMappingTitles/>
      <activityEvaluations/>
      <languageCode></languageCode>
      <supportsOutputs>true</supportsOutputs>
    </org.lamsfoundation.lams.learningdesign.dto.AuthoringActivityDTO>
    <org.lamsfoundation.lams.learningdesign.dto.AuthoringActivityDTO>
      <activityID>56</activityID>
      <activityUIID>19</activityUIID>
      <description>Online threaded discussion tool (asynchronous).</description>
      <activityTitle>Forum</activityTitle>
      <helpText>Discussion tool useful for long running collaborations and situations where learners are not all on line at the same time.</helpText>
      <helpURL>http://wiki.lamsfoundation.org/display/lamsdocs/lafrum11</helpURL>
      <xCoord>489</xCoord>
      <yCoord>378</yCoord>
      <activityTypeID>1</activityTypeID>
      <learningDesignID>1</learningDesignID>
      <learningLibraryID>6</learningLibraryID>
      <createDateTime class="sql-timestamp">2015-01-30 12:15:43.0</createDateTime>
      <toolSignature>lafrum11</toolSignature>
      <toolID>6</toolID>
      <toolContentID>48</toolContentID>
      <toolDisplayName>Forum</toolDisplayName>
      <toolVersion>20140102</toolVersion>
      <authoringURL>tool/lafrum11/authoring.do</authoringURL>
      <monitoringURL>tool/lafrum11/monitoring.do</monitoringURL>
      <activityCategoryID>2</activityCategoryID>
      <applyGrouping>false</applyGrouping>
      <groupingSupportType>2</groupingSupportType>
      <libraryActivityUIImage>tool/lafrum11/images/icon_forum.swf</libraryActivityUIImage>
      <readOnly>false</readOnly>
      <initialised>false</initialised>
      <stopAfterActivity>false</stopAfterActivity>
      <inputActivities/>
      <competenceMappingTitles/>
      <activityEvaluations/>
      <languageCode></languageCode>
      <supportsOutputs>true</supportsOutputs>
    </org.lamsfoundation.lams.learningdesign.dto.AuthoringActivityDTO>
    <org.lamsfoundation.lams.learningdesign.dto.AuthoringActivityDTO>
      <activityID>57</activityID>
      <activityUIID>20</activityUIID>
      <description>Online threaded discussion tool (asynchronous).</description>
      <activityTitle>Forum</activityTitle>
      <helpText>Discussion tool useful for long running collaborations and situations where learners are not all on line at the same time.</helpText>
      <helpURL>http://wiki.lamsfoundation.org/display/lamsdocs/lafrum11</helpURL>
      <xCoord>643</xCoord>
      <yCoord>396</yCoord>
      <activityTypeID>1</activityTypeID>
      <learningDesignID>1</learningDesignID>
      <learningLibraryID>6</learningLibraryID>
      <createDateTime class="sql-timestamp">2015-01-30 12:15:43.0</createDateTime>
      <toolSignature>lafrum11</toolSignature>
      <toolID>6</toolID>
      <toolContentID>49</toolContentID>
      <toolDisplayName>Forum</toolDisplayName>
      <toolVersion>20140102</toolVersion>
      <authoringURL>tool/lafrum11/authoring.do</authoringURL>
      <monitoringURL>tool/lafrum11/monitoring.do</monitoringURL>
      <activityCategoryID>2</activityCategoryID>
      <applyGrouping>false</applyGrouping>
      <groupingSupportType>2</groupingSupportType>
      <libraryActivityUIImage>tool/lafrum11/images/icon_forum.swf</libraryActivityUIImage>
      <readOnly>false</readOnly>
      <initialised>false</initialised>
      <stopAfterActivity>false</stopAfterActivity>
      <inputActivities/>
      <competenceMappingTitles/>
      <activityEvaluations/>
      <languageCode></languageCode>
      <supportsOutputs>true</supportsOutputs>
    </org.lamsfoundation.lams.learningdesign.dto.AuthoringActivityDTO>
    <org.lamsfoundation.lams.learningdesign.dto.AuthoringActivityDTO>
      <activityID>58</activityID>
      <activityUIID>21</activityUIID>
      <description>Online threaded discussion tool (asynchronous).</description>
      <activityTitle>Forum</activityTitle>
      <helpText>Discussion tool useful for long running collaborations and situations where learners are not all on line at the same time.</helpText>
      <helpURL>http://wiki.lamsfoundation.org/display/lamsdocs/lafrum11</helpURL>
      <xCoord>71</xCoord>
      <yCoord>479</yCoord>
      <activityTypeID>1</activityTypeID>
      <learningDesignID>1</learningDesignID>
      <learningLibraryID>6</learningLibraryID>
      <createDateTime class="sql-timestamp">2015-01-30 12:15:43.0</createDateTime>
      <toolSignature>lafrum11</toolSignature>
      <toolID>6</toolID>
      <toolContentID>50</toolContentID>
      <toolDisplayName>Forum</toolDisplayName>
      <toolVersion>20140102</toolVersion>
      <authoringURL>tool/lafrum11/authoring.do</authoringURL>
      <monitoringURL>tool/lafrum11/monitoring.do</monitoringURL>
      <activityCategoryID>2</activityCategoryID>
      <applyGrouping>false</applyGrouping>
      <groupingSupportType>2</groupingSupportType>
      <libraryActivityUIImage>tool/lafrum11/images/icon_forum.swf</libraryActivityUIImage>
      <readOnly>false</readOnly>
      <initialised>false</initialised>
      <stopAfterActivity>false</stopAfterActivity>
      <inputActivities/>
      <competenceMappingTitles/>
      <activityEvaluations/>
      <languageCode></languageCode>
      <supportsOutputs>true</supportsOutputs>
    </org.lamsfoundation.lams.learningdesign.dto.AuthoringActivityDTO>
    <org.lamsfoundation.lams.learningdesign.dto.AuthoringActivityDTO>
      <activityID>59</activityID>
      <activityUIID>22</activityUIID>
      <description>Online threaded discussion tool (asynchronous).</description>
      <activityTitle>Forum</activityTitle>
      <helpText>Discussion tool useful for long running collaborations and situations where learners are not all on line at the same time.</helpText>
      <helpURL>http://wiki.lamsfoundation.org/display/lamsdocs/lafrum11</helpURL>
      <xCoord>223</xCoord>
      <yCoord>458</yCoord>
      <activityTypeID>1</activityTypeID>
      <learningDesignID>1</learningDesignID>
      <learningLibraryID>6</learningLibraryID>
      <createDateTime class="sql-timestamp">2015-01-30 12:15:43.0</createDateTime>
      <toolSignature>lafrum11</toolSignature>
      <toolID>6</toolID>
      <toolContentID>51</toolContentID>
      <toolDisplayName>Forum</toolDisplayName>
      <toolVersion>20140102</toolVersion>
      <authoringURL>tool/lafrum11/authoring.do</authoringURL>
      <monitoringURL>tool/lafrum11/monitoring.do</monitoringURL>
      <activityCategoryID>2</activityCategoryID>
      <applyGrouping>false</applyGrouping>
      <groupingSupportType>2</groupingSupportType>
      <libraryActivityUIImage>tool/lafrum11/images/icon_forum.swf</libraryActivityUIImage>
      <readOnly>false</readOnly>
      <initialised>false</initialised>
      <stopAfterActivity>false</stopAfterActivity>
      <inputActivities/>
      <competenceMappingTitles/>
      <activityEvaluations/>
      <languageCode></languageCode>
      <supportsOutputs>true</supportsOutputs>
    </org.lamsfoundation.lams.learningdesign.dto.AuthoringActivityDTO>
    <org.lamsfoundation.lams.learningdesign.dto.AuthoringActivityDTO>
      <activityID>60</activityID>
      <activityUIID>23</activityUIID>
      <description>Online threaded discussion tool (asynchronous).</description>
      <activityTitle>Forum</activityTitle>
      <helpText>Discussion tool useful for long running collaborations and situations where learners are not all on line at the same time.</helpText>
      <helpURL>http://wiki.lamsfoundation.org/display/lamsdocs/lafrum11</helpURL>
      <xCoord>370</xCoord>
      <yCoord>483</yCoord>
      <activityTypeID>1</activityTypeID>
      <learningDesignID>1</learningDesignID>
      <learningLibraryID>6</learningLibraryID>
      <createDateTime class="sql-timestamp">2015-01-30 12:15:43.0</createDateTime>
      <toolSignature>lafrum11</toolSignature>
      <toolID>6</toolID>
      <toolContentID>52</toolContentID>
      <toolDisplayName>Forum</toolDisplayName>
      <toolVersion>20140102</toolVersion>
      <authoringURL>tool/lafrum11/authoring.do</authoringURL>
      <monitoringURL>tool/lafrum11/monitoring.do</monitoringURL>
      <activityCategoryID>2</activityCategoryID>
      <applyGrouping>false</applyGrouping>
      <groupingSupportType>2</groupingSupportType>
      <libraryActivityUIImage>tool/lafrum11/images/icon_forum.swf</libraryActivityUIImage>
      <readOnly>false</readOnly>
      <initialised>false</initialised>
      <stopAfterActivity>false</stopAfterActivity>
      <inputActivities/>
      <competenceMappingTitles/>
      <activityEvaluations/>
      <languageCode></languageCode>
      <supportsOutputs>true</supportsOutputs>
    </org.lamsfoundation.lams.learningdesign.dto.AuthoringActivityDTO>
    <org.lamsfoundation.lams.learningdesign.dto.AuthoringActivityDTO>
      <activityID>61</activityID>
      <activityUIID>24</activityUIID>
      <description>Online threaded discussion tool (asynchronous).</description>
      <activityTitle>Forum</activityTitle>
      <helpText>Discussion tool useful for long running collaborations and situations where learners are not all on line at the same time.</helpText>
      <helpURL>http://wiki.lamsfoundation.org/display/lamsdocs/lafrum11</helpURL>
      <xCoord>511</xCoord>
      <yCoord>472</yCoord>
      <activityTypeID>1</activityTypeID>
      <learningDesignID>1</learningDesignID>
      <learningLibraryID>6</learningLibraryID>
      <createDateTime class="sql-timestamp">2015-01-30 12:15:43.0</createDateTime>
      <toolSignature>lafrum11</toolSignature>
      <toolID>6</toolID>
      <toolContentID>53</toolContentID>
      <toolDisplayName>Forum</toolDisplayName>
      <toolVersion>20140102</toolVersion>
      <authoringURL>tool/lafrum11/authoring.do</authoringURL>
      <monitoringURL>tool/lafrum11/monitoring.do</monitoringURL>
      <activityCategoryID>2</activityCategoryID>
      <applyGrouping>false</applyGrouping>
      <groupingSupportType>2</groupingSupportType>
      <libraryActivityUIImage>tool/lafrum11/images/icon_forum.swf</libraryActivityUIImage>
      <readOnly>false</readOnly>
      <initialised>false</initialised>
      <stopAfterActivity>false</stopAfterActivity>
      <inputActivities/>
      <competenceMappingTitles/>
      <activityEvaluations/>
      <languageCode></languageCode>
      <supportsOutputs>true</supportsOutputs>
    </org.lamsfoundation.lams.learningdesign.dto.AuthoringActivityDTO>
    <org.lamsfoundation.lams.learningdesign.dto.AuthoringActivityDTO>
      <activityID>62</activityID>
      <activityUIID>25</activityUIID>
      <description>Online threaded discussion tool (asynchronous).</description>
      <activityTitle>Forum</activityTitle>
      <helpText>Discussion tool useful for long running collaborations and situations where learners are not all on line at the same time.</helpText>
      <helpURL>http://wiki.lamsfoundation.org/display/lamsdocs/lafrum11</helpURL>
      <xCoord>648</xCoord>
      <yCoord>474</yCoord>
      <activityTypeID>1</activityTypeID>
      <learningDesignID>1</learningDesignID>
      <learningLibraryID>6</learningLibraryID>
      <createDateTime class="sql-timestamp">2015-01-30 12:15:43.0</createDateTime>
      <toolSignature>lafrum11</toolSignature>
      <toolID>6</toolID>
      <toolContentID>54</toolContentID>
      <toolDisplayName>Forum</toolDisplayName>
      <toolVersion>20140102</toolVersion>
      <authoringURL>tool/lafrum11/authoring.do</authoringURL>
      <monitoringURL>tool/lafrum11/monitoring.do</monitoringURL>
      <activityCategoryID>2</activityCategoryID>
      <applyGrouping>false</applyGrouping>
      <groupingSupportType>2</groupingSupportType>
      <libraryActivityUIImage>tool/lafrum11/images/icon_forum.swf</libraryActivityUIImage>
      <readOnly>false</readOnly>
      <initialised>false</initialised>
      <stopAfterActivity>false</stopAfterActivity>
      <inputActivities/>
      <competenceMappingTitles/>
      <activityEvaluations/>
      <languageCode></languageCode>
      <supportsOutputs>true</supportsOutputs>
    </org.lamsfoundation.lams.learningdesign.dto.AuthoringActivityDTO>
    <org.lamsfoundation.lams.learningdesign.dto.AuthoringActivityDTO>
      <activityID>63</activityID>
      <activityUIID>26</activityUIID>
      <description>Online threaded discussion tool (asynchronous).</description>
      <activityTitle>Forum</activityTitle>
      <helpText>Discussion tool useful for long running collaborations and situations where learners are not all on line at the same time.</helpText>
      <helpURL>http://wiki.lamsfoundation.org/display/lamsdocs/lafrum11</helpURL>
      <xCoord>53</xCoord>
      <yCoord>558</yCoord>
      <activityTypeID>1</activityTypeID>
      <learningDesignID>1</learningDesignID>
      <learningLibraryID>6</learningLibraryID>
      <createDateTime class="sql-timestamp">2015-01-30 12:15:43.0</createDateTime>
      <toolSignature>lafrum11</toolSignature>
      <toolID>6</toolID>
      <toolContentID>55</toolContentID>
      <toolDisplayName>Forum</toolDisplayName>
      <toolVersion>20140102</toolVersion>
      <authoringURL>tool/lafrum11/authoring.do</authoringURL>
      <monitoringURL>tool/lafrum11/monitoring.do</monitoringURL>
      <activityCategoryID>2</activityCategoryID>
      <applyGrouping>false</applyGrouping>
      <groupingSupportType>2</groupingSupportType>
      <libraryActivityUIImage>tool/lafrum11/images/icon_forum.swf</libraryActivityUIImage>
      <readOnly>false</readOnly>
      <initialised>false</initialised>
      <stopAfterActivity>false</stopAfterActivity>
      <inputActivities/>
      <competenceMappingTitles/>
      <activityEvaluations/>
      <languageCode></languageCode>
      <supportsOutputs>true</supportsOutputs>
    </org.lamsfoundation.lams.learningdesign.dto.AuthoringActivityDTO>
    <org.lamsfoundation.lams.learningdesign.dto.AuthoringActivityDTO>
      <activityID>64</activityID>
      <activityUIID>27</activityUIID>
      <description>Online threaded discussion tool (asynchronous).</description>
      <activityTitle>Forum</activityTitle>
      <helpText>Discussion tool useful for long running collaborations and situations where learners are not all on line at the same time.</helpText>
      <helpURL>http://wiki.lamsfoundation.org/display/lamsdocs/lafrum11</helpURL>
      <xCoord>186</xCoord>
      <yCoord>552</yCoord>
      <activityTypeID>1</activityTypeID>
      <learningDesignID>1</learningDesignID>
      <learningLibraryID>6</learningLibraryID>
      <createDateTime class="sql-timestamp">2015-01-30 12:15:43.0</createDateTime>
      <toolSignature>lafrum11</toolSignature>
      <toolID>6</toolID>
      <toolContentID>56</toolContentID>
      <toolDisplayName>Forum</toolDisplayName>
      <toolVersion>20140102</toolVersion>
      <authoringURL>tool/lafrum11/authoring.do</authoringURL>
      <monitoringURL>tool/lafrum11/monitoring.do</monitoringURL>
      <activityCategoryID>2</activityCategoryID>
      <applyGrouping>false</applyGrouping>
      <groupingSupportType>2</groupingSupportType>
      <libraryActivityUIImage>tool/lafrum11/images/icon_forum.swf</libraryActivityUIImage>
      <readOnly>false</readOnly>
      <initialised>false</initialised>
      <stopAfterActivity>false</stopAfterActivity>
      <inputActivities/>
      <competenceMappingTitles/>
      <activityEvaluations/>
      <languageCode></languageCode>
      <supportsOutputs>true</supportsOutputs>
    </org.lamsfoundation.lams.learningdesign.dto.AuthoringActivityDTO>
    <org.lamsfoundation.lams.learningdesign.dto.AuthoringActivityDTO>
      <activityID>65</activityID>
      <activityUIID>28</activityUIID>
      <description>Online threaded discussion tool (asynchronous).</description>
      <activityTitle>Forum</activityTitle>
      <helpText>Discussion tool useful for long running collaborations and situations where learners are not all on line at the same time.</helpText>
      <helpURL>http://wiki.lamsfoundation.org/display/lamsdocs/lafrum11</helpURL>
      <xCoord>329</xCoord>
      <yCoord>542</yCoord>
      <activityTypeID>1</activityTypeID>
      <learningDesignID>1</learningDesignID>
      <learningLibraryID>6</learningLibraryID>
      <createDateTime class="sql-timestamp">2015-01-30 12:15:43.0</createDateTime>
      <toolSignature>lafrum11</toolSignature>
      <toolID>6</toolID>
      <toolContentID>57</toolContentID>
      <toolDisplayName>Forum</toolDisplayName>
      <toolVersion>20140102</toolVersion>
      <authoringURL>tool/lafrum11/authoring.do</authoringURL>
      <monitoringURL>tool/lafrum11/monitoring.do</monitoringURL>
      <activityCategoryID>2</activityCategoryID>
      <applyGrouping>false</applyGrouping>
      <groupingSupportType>2</groupingSupportType>
      <libraryActivityUIImage>tool/lafrum11/images/icon_forum.swf</libraryActivityUIImage>
      <readOnly>false</readOnly>
      <initialised>false</initialised>
      <stopAfterActivity>false</stopAfterActivity>
      <inputActivities/>
      <competenceMappingTitles/>
      <activityEvaluations/>
      <languageCode></languageCode>
      <supportsOutputs>true</supportsOutputs>
    </org.lamsfoundation.lams.learningdesign.dto.AuthoringActivityDTO>
    <org.lamsfoundation.lams.learningdesign.dto.AuthoringActivityDTO>
      <activityID>66</activityID>
      <activityUIID>29</activityUIID>
      <description>Online threaded discussion tool (asynchronous).</description>
      <activityTitle>Forum</activityTitle>
      <helpText>Discussion tool useful for long running collaborations and situations where learners are not all on line at the same time.</helpText>
      <helpURL>http://wiki.lamsfoundation.org/display/lamsdocs/lafrum11</helpURL>
      <xCoord>509</xCoord>
      <yCoord>561</yCoord>
      <activityTypeID>1</activityTypeID>
      <learningDesignID>1</learningDesignID>
      <learningLibraryID>6</learningLibraryID>
      <createDateTime class="sql-timestamp">2015-01-30 12:15:43.0</createDateTime>
      <toolSignature>lafrum11</toolSignature>
      <toolID>6</toolID>
      <toolContentID>58</toolContentID>
      <toolDisplayName>Forum</toolDisplayName>
      <toolVersion>20140102</toolVersion>
      <authoringURL>tool/lafrum11/authoring.do</authoringURL>
      <monitoringURL>tool/lafrum11/monitoring.do</monitoringURL>
      <activityCategoryID>2</activityCategoryID>
      <applyGrouping>false</applyGrouping>
      <groupingSupportType>2</groupingSupportType>
      <libraryActivityUIImage>tool/lafrum11/images/icon_forum.swf</libraryActivityUIImage>
      <readOnly>false</readOnly>
      <initialised>false</initialised>
      <stopAfterActivity>false</stopAfterActivity>
      <inputActivities/>
      <competenceMappingTitles/>
      <activityEvaluations/>
      <languageCode></languageCode>
      <supportsOutputs>true</supportsOutputs>
    </org.lamsfoundation.lams.learningdesign.dto.AuthoringActivityDTO>
    <org.lamsfoundation.lams.learningdesign.dto.AuthoringActivityDTO>
      <activityID>67</activityID>
      <activityUIID>30</activityUIID>
      <description>Online threaded discussion tool (asynchronous).</description>
      <activityTitle>Forum</activityTitle>
      <helpText>Discussion tool useful for long running collaborations and situations where learners are not all on line at the same time.</helpText>
      <helpURL>http://wiki.lamsfoundation.org/display/lamsdocs/lafrum11</helpURL>
      <xCoord>641</xCoord>
      <yCoord>551</yCoord>
      <activityTypeID>1</activityTypeID>
      <learningDesignID>1</learningDesignID>
      <learningLibraryID>6</learningLibraryID>
      <createDateTime class="sql-timestamp">2015-01-30 12:15:43.0</createDateTime>
      <toolSignature>lafrum11</toolSignature>
      <toolID>6</toolID>
      <toolContentID>59</toolContentID>
      <toolDisplayName>Forum</toolDisplayName>
      <toolVersion>20140102</toolVersion>
      <authoringURL>tool/lafrum11/authoring.do</authoringURL>
      <monitoringURL>tool/lafrum11/monitoring.do</monitoringURL>
      <activityCategoryID>2</activityCategoryID>
      <applyGrouping>false</applyGrouping>
      <groupingSupportType>2</groupingSupportType>
      <libraryActivityUIImage>tool/lafrum11/images/icon_forum.swf</libraryActivityUIImage>
      <readOnly>false</readOnly>
      <initialised>false</initialised>
      <stopAfterActivity>false</stopAfterActivity>
      <inputActivities/>
      <competenceMappingTitles/>
      <activityEvaluations/>
      <languageCode></languageCode>
      <supportsOutputs>true</supportsOutputs>
    </org.lamsfoundation.lams.learningdesign.dto.AuthoringActivityDTO>
  </activities>
  <transitions>
    <org.lamsfoundation.lams.learningdesign.dto.TransitionDTO>
      <transitionID>11</transitionID>
      <transitionUIID>41</transitionUIID>
      <toUIID>12</toUIID>
      <fromUIID>11</fromUIID>
      <createDateTime class="sql-timestamp">2015-01-30 12:15:43.0</createDateTime>
      <toActivityID>49</toActivityID>
      <fromActivityID>48</fromActivityID>
      <learningDesignID>1</learningDesignID>
      <transitionType>0</transitionType>
      <dataFlowObjects/>
    </org.lamsfoundation.lams.learningdesign.dto.TransitionDTO>
    <org.lamsfoundation.lams.learningdesign.dto.TransitionDTO>
      <transitionID>12</transitionID>
      <transitionUIID>42</transitionUIID>
      <toUIID>13</toUIID>
      <fromUIID>12</fromUIID>
      <createDateTime class="sql-timestamp">2015-01-30 12:15:43.0</createDateTime>
      <toActivityID>50</toActivityID>
      <fromActivityID>49</fromActivityID>
      <learningDesignID>1</learningDesignID>
      <transitionType>0</transitionType>
      <dataFlowObjects/>
    </org.lamsfoundation.lams.learningdesign.dto.TransitionDTO>
    <org.lamsfoundation.lams.learningdesign.dto.TransitionDTO>
      <transitionID>13</transitionID>
      <transitionUIID>43</transitionUIID>
      <toUIID>14</toUIID>
      <fromUIID>13</fromUIID>
      <createDateTime class="sql-timestamp">2015-01-30 12:15:43.0</createDateTime>
      <toActivityID>51</toActivityID>
      <fromActivityID>50</fromActivityID>
      <learningDesignID>1</learningDesignID>
      <transitionType>0</transitionType>
      <dataFlowObjects/>
    </org.lamsfoundation.lams.learningdesign.dto.TransitionDTO>
    <org.lamsfoundation.lams.learningdesign.dto.TransitionDTO>
      <transitionID>14</transitionID>
      <transitionUIID>44</transitionUIID>
      <toUIID>15</toUIID>
      <fromUIID>14</fromUIID>
      <createDateTime class="sql-timestamp">2015-01-30 12:15:43.0</createDateTime>
      <toActivityID>52</toActivityID>
      <fromActivityID>51</fromActivityID>
      <learningDesignID>1</learningDesignID>
      <transitionType>0</transitionType>
      <dataFlowObjects/>
    </org.lamsfoundation.lams.learningdesign.dto.TransitionDTO>
    <org.lamsfoundation.lams.learningdesign.dto.TransitionDTO>
      <transitionID>15</transitionID>
      <transitionUIID>45</transitionUIID>
      <toUIID>16</toUIID>
      <fromUIID>15</fromUIID>
      <createDateTime class="sql-timestamp">2015-01-30 12:15:43.0</createDateTime>
      <toActivityID>53</toActivityID>
      <fromActivityID>52</fromActivityID>
      <learningDesignID>1</learningDesignID>
      <transitionType>0</transitionType>
      <dataFlowObjects/>
    </org.lamsfoundation.lams.learningdesign.dto.TransitionDTO>
    <org.lamsfoundation.lams.learningdesign.dto.TransitionDTO>
      <transitionID>16</transitionID>
      <transitionUIID>46</transitionUIID>
      <toUIID>17</toUIID>
      <fromUIID>16</fromUIID>
      <createDateTime class="sql-timestamp">2015-01-30 12:15:43.0</createDateTime>
      <toActivityID>54</toActivityID>
      <fromActivityID>53</fromActivityID>
      <learningDesignID>1</learningDesignID>
      <transitionType>0</transitionType>
      <dataFlowObjects/>
    </org.lamsfoundation.lams.learningdesign.dto.TransitionDTO>
    <org.lamsfoundation.lams.learningdesign.dto.TransitionDTO>
      <transitionID>17</transitionID>
      <transitionUIID>47</transitionUIID>
      <toUIID>18</toUIID>
      <fromUIID>17</fromUIID>
      <createDateTime class="sql-timestamp">2015-01-30 12:15:43.0</createDateTime>
      <toActivityID>55</toActivityID>
      <fromActivityID>54</fromActivityID>
      <learningDesignID>1</learningDesignID>
      <transitionType>0</transitionType>
      <dataFlowObjects/>
    </org.lamsfoundation.lams.learningdesign.dto.TransitionDTO>
    <org.lamsfoundation.lams.learningdesign.dto.TransitionDTO>
      <transitionID>18</transitionID>
      <transitionUIID>48</transitionUIID>
      <toUIID>19</toUIID>
      <fromUIID>18</fromUIID>
      <createDateTime class="sql-timestamp">2015-01-30 12:15:43.0</createDateTime>
      <toActivityID>56</toActivityID>
      <fromActivityID>55</fromActivityID>
      <learningDesignID>1</learningDesignID>
      <transitionType>0</transitionType>
      <dataFlowObjects/>
    </org.lamsfoundation.lams.learningdesign.dto.TransitionDTO>
    <org.lamsfoundation.lams.learningdesign.dto.TransitionDTO>
      <transitionID>19</transitionID>
      <transitionUIID>49</transitionUIID>
      <toUIID>20</toUIID>
      <fromUIID>19</fromUIID>
      <createDateTime class="sql-timestamp">2015-01-30 12:15:43.0</createDateTime>
      <toActivityID>57</toActivityID>
      <fromActivityID>56</fromActivityID>
      <learningDesignID>1</learningDesignID>
      <transitionType>0</transitionType>
      <dataFlowObjects/>
    </org.lamsfoundation.lams.learningdesign.dto.TransitionDTO>
    <org.lamsfoundation.lams.learningdesign.dto.TransitionDTO>
      <transitionID>20</transitionID>
      <transitionUIID>50</transitionUIID>
      <toUIID>21</toUIID>
      <fromUIID>20</fromUIID>
      <createDateTime class="sql-timestamp">2015-01-30 12:15:43.0</createDateTime>
      <toActivityID>58</toActivityID>
      <fromActivityID>57</fromActivityID>
      <learningDesignID>1</learningDesignID>
      <transitionType>0</transitionType>
      <dataFlowObjects/>
    </org.lamsfoundation.lams.learningdesign.dto.TransitionDTO>
    <org.lamsfoundation.lams.learningdesign.dto.TransitionDTO>
      <transitionID>21</transitionID>
      <transitionUIID>51</transitionUIID>
      <toUIID>22</toUIID>
      <fromUIID>21</fromUIID>
      <createDateTime class="sql-timestamp">2015-01-30 12:15:43.0</createDateTime>
      <toActivityID>59</toActivityID>
      <fromActivityID>58</fromActivityID>
      <learningDesignID>1</learningDesignID>
      <transitionType>0</transitionType>
      <dataFlowObjects/>
    </org.lamsfoundation.lams.learningdesign.dto.TransitionDTO>
    <org.lamsfoundation.lams.learningdesign.dto.TransitionDTO>
      <transitionID>22</transitionID>
      <transitionUIID>52</transitionUIID>
      <toUIID>23</toUIID>
      <fromUIID>22</fromUIID>
      <createDateTime class="sql-timestamp">2015-01-30 12:15:43.0</createDateTime>
      <toActivityID>60</toActivityID>
      <fromActivityID>59</fromActivityID>
      <learningDesignID>1</learningDesignID>
      <transitionType>0</transitionType>
      <dataFlowObjects/>
    </org.lamsfoundation.lams.learningdesign.dto.TransitionDTO>
    <org.lamsfoundation.lams.learningdesign.dto.TransitionDTO>
      <transitionID>23</transitionID>
      <transitionUIID>53</transitionUIID>
      <toUIID>24</toUIID>
      <fromUIID>23</fromUIID>
      <createDateTime class="sql-timestamp">2015-01-30 12:15:43.0</createDateTime>
      <toActivityID>61</toActivityID>
      <fromActivityID>60</fromActivityID>
      <learningDesignID>1</learningDesignID>
      <transitionType>0</transitionType>
      <dataFlowObjects/>
    </org.lamsfoundation.lams.learningdesign.dto.TransitionDTO>
    <org.lamsfoundation.lams.learningdesign.dto.TransitionDTO>
      <transitionID>24</transitionID>
      <transitionUIID>54</transitionUIID>
      <toUIID>25</toUIID>
      <fromUIID>24</fromUIID>
      <createDateTime class="sql-timestamp">2015-01-30 12:15:43.0</createDateTime>
      <toActivityID>62</toActivityID>
      <fromActivityID>61</fromActivityID>
      <learningDesignID>1</learningDesignID>
      <transitionType>0</transitionType>
      <dataFlowObjects/>
    </org.lamsfoundation.lams.learningdesign.dto.TransitionDTO>
    <org.lamsfoundation.lams.learningdesign.dto.TransitionDTO>
      <transitionID>25</transitionID>
      <transitionUIID>55</transitionUIID>
      <toUIID>26</toUIID>
      <fromUIID>25</fromUIID>
      <createDateTime class="sql-timestamp">2015-01-30 12:15:43.0</createDateTime>
      <toActivityID>63</toActivityID>
      <fromActivityID>62</fromActivityID>
      <learningDesignID>1</learningDesignID>
      <transitionType>0</transitionType>
      <dataFlowObjects/>
    </org.lamsfoundation.lams.learningdesign.dto.TransitionDTO>
    <org.lamsfoundation.lams.learningdesign.dto.TransitionDTO>
      <transitionID>26</transitionID>
      <transitionUIID>56</transitionUIID>
      <toUIID>27</toUIID>
      <fromUIID>26</fromUIID>
      <createDateTime class="sql-timestamp">2015-01-30 12:15:43.0</createDateTime>
      <toActivityID>64</toActivityID>
      <fromActivityID>63</fromActivityID>
      <learningDesignID>1</learningDesignID>
      <transitionType>0</transitionType>
      <dataFlowObjects/>
    </org.lamsfoundation.lams.learningdesign.dto.TransitionDTO>
    <org.lamsfoundation.lams.learningdesign.dto.TransitionDTO>
      <transitionID>27</transitionID>
      <transitionUIID>57</transitionUIID>
      <toUIID>28</toUIID>
      <fromUIID>27</fromUIID>
      <createDateTime class="sql-timestamp">2015-01-30 12:15:43.0</createDateTime>
      <toActivityID>65</toActivityID>
      <fromActivityID>64</fromActivityID>
      <learningDesignID>1</learningDesignID>
      <transitionType>0</transitionType>
      <dataFlowObjects/>
    </org.lamsfoundation.lams.learningdesign.dto.TransitionDTO>
    <org.lamsfoundation.lams.learningdesign.dto.TransitionDTO>
      <transitionID>28</transitionID>
      <transitionUIID>58</transitionUIID>
      <toUIID>29</toUIID>
      <fromUIID>28</fromUIID>
      <createDateTime class="sql-timestamp">2015-01-30 12:15:43.0</createDateTime>
      <toActivityID>66</toActivityID>
      <fromActivityID>65</fromActivityID>
      <learningDesignID>1</learningDesignID>
      <transitionType>0</transitionType>
      <dataFlowObjects/>
    </org.lamsfoundation.lams.learningdesign.dto.TransitionDTO>
    <org.lamsfoundation.lams.learningdesign.dto.TransitionDTO>
      <transitionID>29</transitionID>
      <transitionUIID>59</transitionUIID>
      <toUIID>30</toUIID>
      <fromUIID>29</fromUIID>
      <createDateTime class="sql-timestamp">2015-01-30 12:15:43.0</createDateTime>
      <toActivityID>67</toActivityID>
      <fromActivityID>66</fromActivityID>
      <learningDesignID>1</learningDesignID>
      <transitionType>0</transitionType>
      <dataFlowObjects/>
    </org.lamsfoundation.lams.learningdesign.dto.TransitionDTO>
    <org.lamsfoundation.lams.learningdesign.dto.TransitionDTO>
      <transitionID>1</transitionID>
      <transitionUIID>31</transitionUIID>
      <toUIID>2</toUIID>
      <fromUIID>1</fromUIID>
      <createDateTime class="sql-timestamp">2015-01-30 12:15:43.0</createDateTime>
      <toActivityID>39</toActivityID>
      <fromActivityID>38</fromActivityID>
      <learningDesignID>1</learningDesignID>
      <transitionType>0</transitionType>
      <dataFlowObjects/>
    </org.lamsfoundation.lams.learningdesign.dto.TransitionDTO>
    <org.lamsfoundation.lams.learningdesign.dto.TransitionDTO>
      <transitionID>2</transitionID>
      <transitionUIID>32</transitionUIID>
      <toUIID>3</toUIID>
      <fromUIID>2</fromUIID>
      <createDateTime class="sql-timestamp">2015-01-30 12:15:43.0</createDateTime>
      <toActivityID>40</toActivityID>
      <fromActivityID>39</fromActivityID>
      <learningDesignID>1</learningDesignID>
      <transitionType>0</transitionType>
      <dataFlowObjects/>
    </org.lamsfoundation.lams.learningdesign.dto.TransitionDTO>
    <org.lamsfoundation.lams.learningdesign.dto.TransitionDTO>
      <transitionID>3</transitionID>
      <transitionUIID>33</transitionUIID>
      <toUIID>4</toUIID>
      <fromUIID>3</fromUIID>
      <createDateTime class="sql-timestamp">2015-01-30 12:15:43.0</createDateTime>
      <toActivityID>41</toActivityID>
      <fromActivityID>40</fromActivityID>
      <learningDesignID>1</learningDesignID>
      <transitionType>0</transitionType>
      <dataFlowObjects/>
    </org.lamsfoundation.lams.learningdesign.dto.TransitionDTO>
    <org.lamsfoundation.lams.learningdesign.dto.TransitionDTO>
      <transitionID>4</transitionID>
      <transitionUIID>34</transitionUIID>
      <toUIID>5</toUIID>
      <fromUIID>4</fromUIID>
      <createDateTime class="sql-timestamp">2015-01-30 12:15:43.0</createDateTime>
      <toActivityID>42</toActivityID>
      <fromActivityID>41</fromActivityID>
      <learningDesignID>1</learningDesignID>
      <transitionType>0</transitionType>
      <dataFlowObjects/>
    </org.lamsfoundation.lams.learningdesign.dto.TransitionDTO>
    <org.lamsfoundation.lams.learningdesign.dto.TransitionDTO>
      <transitionID>5</transitionID>
      <transitionUIID>35</transitionUIID>
      <toUIID>6</toUIID>
      <fromUIID>5</fromUIID>
      <createDateTime class="sql-timestamp">2015-01-30 12:15:43.0</createDateTime>
      <toActivityID>43</toActivityID>
      <fromActivityID>42</fromActivityID>
      <learningDesignID>1</learningDesignID>
      <transitionType>0</transitionType>
      <dataFlowObjects/>
    </org.lamsfoundation.lams.learningdesign.dto.TransitionDTO>
    <org.lamsfoundation.lams.learningdesign.dto.TransitionDTO>
      <transitionID>6</transitionID>
      <transitionUIID>36</transitionUIID>
      <toUIID>7</toUIID>
      <fromUIID>6</fromUIID>
      <createDateTime class="sql-timestamp">2015-01-30 12:15:43.0</createDateTime>
      <toActivityID>44</toActivityID>
      <fromActivityID>43</fromActivityID>
      <learningDesignID>1</learningDesignID>
      <transitionType>0</transitionType>
      <dataFlowObjects/>
    </org.lamsfoundation.lams.learningdesign.dto.TransitionDTO>
    <org.lamsfoundation.lams.learningdesign.dto.TransitionDTO>
      <transitionID>7</transitionID>
      <transitionUIID>37</transitionUIID>
      <toUIID>8</toUIID>
      <fromUIID>7</fromUIID>
      <createDateTime class="sql-timestamp">2015-01-30 12:15:43.0</createDateTime>
      <toActivityID>45</toActivityID>
      <fromActivityID>44</fromActivityID>
      <learningDesignID>1</learningDesignID>
      <transitionType>0</transitionType>
      <dataFlowObjects/>
    </org.lamsfoundation.lams.learningdesign.dto.TransitionDTO>
    <org.lamsfoundation.lams.learningdesign.dto.TransitionDTO>
      <transitionID>8</transitionID>
      <transitionUIID>38</transitionUIID>
      <toUIID>9</toUIID>
      <fromUIID>8</fromUIID>
      <createDateTime class="sql-timestamp">2015-01-30 12:15:43.0</createDateTime>
      <toActivityID>46</toActivityID>
      <fromActivityID>45</fromActivityID>
      <learningDesignID>1</learningDesignID>
      <transitionType>0</transitionType>
      <dataFlowObjects/>
    </org.lamsfoundation.lams.learningdesign.dto.TransitionDTO>
    <org.lamsfoundation.lams.learningdesign.dto.TransitionDTO>
      <transitionID>9</transitionID>
      <transitionUIID>39</transitionUIID>
      <toUIID>10</toUIID>
      <fromUIID>9</fromUIID>
      <createDateTime class="sql-timestamp">2015-01-30 12:15:43.0</createDateTime>
      <toActivityID>47</toActivityID>
      <fromActivityID>46</fromActivityID>
      <learningDesignID>1</learningDesignID>
      <transitionType>0</transitionType>
      <dataFlowObjects/>
    </org.lamsfoundation.lams.learningdesign.dto.TransitionDTO>
    <org.lamsfoundation.lams.learningdesign.dto.TransitionDTO>
      <transitionID>10</transitionID>
      <transitionUIID>40</transitionUIID>
      <toUIID>11</toUIID>
      <fromUIID>10</fromUIID>
      <createDateTime class="sql-timestamp">2015-01-30 12:15:43.0</createDateTime>
      <toActivityID>48</toActivityID>
      <fromActivityID>47</fromActivityID>
      <learningDesignID>1</learningDesignID>
      <transitionType>0</transitionType>
      <dataFlowObjects/>
    </org.lamsfoundation.lams.learningdesign.dto.TransitionDTO>
  </transitions>
  <branchMappings/>
  <competences/>
  <annotations/>
</org.lamsfoundation.lams.learningdesign.dto.LearningDesignDTO>