<org.lamsfoundation.lams.learningdesign.dto.LearningDesignDTO>
  <learningDesignID>7</learningDesignID>
  <title>30forums</title>
  <firstActivityID>91</firstActivityID>
  <firstActivityUIID>1</firstActivityUIID>
  <floatingActivityID>91</floatingActivityID>
  <maxID>62</maxID>
  <validDesign>true</validDesign>
  <readOnly>false</readOnly>
  <editOverrideLock>false</editOverrideLock>
  <userID>5</userID>
  <copyTypeID>1</copyTypeID>
  <createDateTime class="sql-timestamp">2009-03-20 19:59:58.0</createDateTime>
  <version>2.2.0.200903201903</version>
  <designVersion>1</designVersion>
  <workspaceFolderID>5</workspaceFolderID>
  <lastModifiedDateTime class="sql-timestamp">2009-03-20 19:59:58.0</lastModifiedDateTime>
  <contentFolderID>ff8081812022f595012022f5fd4b0005</contentFolderID>
  <groupings/>
  <activities>
    <org.lamsfoundation.lams.learningdesign.dto.AuthoringActivityDTO>
      <activityID>91</activityID>
      <activityUIID>1</activityUIID>
      <description>Online threaded discussion tool (asynchronous).</description>
      <activityTitle>Forum1</activityTitle>
      <helpText>Discussion tool useful for long running collaborations and situations where learners are not all on line at the same time.</helpText>
      <helpURL>http://wiki.lamsfoundation.org/display/lamsdocs/lafrum11</helpURL>
      <xCoord>20</xCoord>
      <yCoord>35</yCoord>
      <activityTypeID>1</activityTypeID>
      <defineLater>false</defineLater>
      <learningDesignID>7</learningDesignID>
      <createDateTime class="sql-timestamp">2009-03-20 19:59:58.0</createDateTime>
      <runOffline>false</runOffline>
      <toolSignature>lafrum11</toolSignature>
      <toolID>1</toolID>
      <toolContentID>84</toolContentID>
      <toolDisplayName>Forum</toolDisplayName>
      <toolVersion>20081118</toolVersion>
      <authoringURL>tool/lafrum11/authoring.do</authoringURL>
      <monitoringURL>tool/lafrum11/monitoring.do</monitoringURL>
      <contributeURL>tool/lafrum11/contribute.do</contributeURL>
      <moderationURL>tool/lafrum11/moderate.do</moderationURL>
      <activityCategoryID>2</activityCategoryID>
      <applyGrouping>false</applyGrouping>
      <groupingSupportType>2</groupingSupportType>
      <libraryActivityUIImage>tool/lafrum11/images/icon_forum.swf</libraryActivityUIImage>
      <readOnly>false</readOnly>
      <initialised>false</initialised>
      <stopAfterActivity>false</stopAfterActivity>
      <inputActivities/>
      <competenceMappingTitles/>
      <activityEvaluations/>
      <languageCode></languageCode>
      <supportsOutputs>true</supportsOutputs>
    </org.lamsfoundation.lams.learningdesign.dto.AuthoringActivityDTO>
    <org.lamsfoundation.lams.learningdesign.dto.AuthoringActivityDTO>
      <activityID>92</activityID>
      <activityUIID>2</activityUIID>
      <description>Online threaded discussion tool (asynchronous).</description>
      <activityTitle>Forum2</activityTitle>
      <helpText>Discussion tool useful for long running collaborations and situations where learners are not all on line at the same time.</helpText>
      <helpURL>http://wiki.lamsfoundation.org/display/lamsdocs/lafrum11</helpURL>
      <xCoord>240</xCoord>
      <yCoord>35</yCoord>
      <activityTypeID>1</activityTypeID>
      <defineLater>false</defineLater>
      <learningDesignID>7</learningDesignID>
      <createDateTime class="sql-timestamp">2009-03-20 19:59:58.0</createDateTime>
      <runOffline>false</runOffline>
      <toolSignature>lafrum11</toolSignature>
      <toolID>1</toolID>
      <toolContentID>85</toolContentID>
      <toolDisplayName>Forum</toolDisplayName>
      <toolVersion>20081118</toolVersion>
      <authoringURL>tool/lafrum11/authoring.do</authoringURL>
      <monitoringURL>tool/lafrum11/monitoring.do</monitoringURL>
      <contributeURL>tool/lafrum11/contribute.do</contributeURL>
      <moderationURL>tool/lafrum11/moderate.do</moderationURL>
      <activityCategoryID>2</activityCategoryID>
      <applyGrouping>false</applyGrouping>
      <groupingSupportType>2</groupingSupportType>
      <libraryActivityUIImage>tool/lafrum11/images/icon_forum.swf</libraryActivityUIImage>
      <readOnly>false</readOnly>
      <initialised>false</initialised>
      <stopAfterActivity>false</stopAfterActivity>
      <inputActivities/>
      <competenceMappingTitles/>
      <activityEvaluations/>
      <languageCode></languageCode>
      <supportsOutputs>true</supportsOutputs>
    </org.lamsfoundation.lams.learningdesign.dto.AuthoringActivityDTO>
    <org.lamsfoundation.lams.learningdesign.dto.AuthoringActivityDTO>
      <activityID>93</activityID>
      <activityUIID>3</activityUIID>
      <description>Online threaded discussion tool (asynchronous).</description>
      <activityTitle>Forum3</activityTitle>
      <helpText>Discussion tool useful for long running collaborations and situations where learners are not all on line at the same time.</helpText>
      <helpURL>http://wiki.lamsfoundation.org/display/lamsdocs/lafrum11</helpURL>
      <xCoord>460</xCoord>
      <yCoord>35</yCoord>
      <activityTypeID>1</activityTypeID>
      <defineLater>false</defineLater>
      <learningDesignID>7</learningDesignID>
      <createDateTime class="sql-timestamp">2009-03-20 19:59:58.0</createDateTime>
      <runOffline>false</runOffline>
      <toolSignature>lafrum11</toolSignature>
      <toolID>1</toolID>
      <toolContentID>86</toolContentID>
      <toolDisplayName>Forum</toolDisplayName>
      <toolVersion>20081118</toolVersion>
      <authoringURL>tool/lafrum11/authoring.do</authoringURL>
      <monitoringURL>tool/lafrum11/monitoring.do</monitoringURL>
      <contributeURL>tool/lafrum11/contribute.do</contributeURL>
      <moderationURL>tool/lafrum11/moderate.do</moderationURL>
      <activityCategoryID>2</activityCategoryID>
      <applyGrouping>false</applyGrouping>
      <groupingSupportType>2</groupingSupportType>
      <libraryActivityUIImage>tool/lafrum11/images/icon_forum.swf</libraryActivityUIImage>
      <readOnly>false</readOnly>
      <initialised>false</initialised>
      <stopAfterActivity>false</stopAfterActivity>
      <inputActivities/>
      <competenceMappingTitles/>
      <activityEvaluations/>
      <languageCode></languageCode>
      <supportsOutputs>true</supportsOutputs>
    </org.lamsfoundation.lams.learningdesign.dto.AuthoringActivityDTO>
    <org.lamsfoundation.lams.learningdesign.dto.AuthoringActivityDTO>
      <activityID>94</activityID>
      <activityUIID>4</activityUIID>
      <description>Online threaded discussion tool (asynchronous).</description>
      <activityTitle>Forum4</activityTitle>
      <helpText>Discussion tool useful for long running collaborations and situations where learners are not all on line at the same time.</helpText>
      <helpURL>http://wiki.lamsfoundation.org/display/lamsdocs/lafrum11</helpURL>
      <xCoord>680</xCoord>
      <yCoord>35</yCoord>
      <activityTypeID>1</activityTypeID>
      <defineLater>false</defineLater>
      <learningDesignID>7</learningDesignID>
      <createDateTime class="sql-timestamp">2009-03-20 19:59:58.0</createDateTime>
      <runOffline>false</runOffline>
      <toolSignature>lafrum11</toolSignature>
      <toolID>1</toolID>
      <toolContentID>87</toolContentID>
      <toolDisplayName>Forum</toolDisplayName>
      <toolVersion>20081118</toolVersion>
      <authoringURL>tool/lafrum11/authoring.do</authoringURL>
      <monitoringURL>tool/lafrum11/monitoring.do</monitoringURL>
      <contributeURL>tool/lafrum11/contribute.do</contributeURL>
      <moderationURL>tool/lafrum11/moderate.do</moderationURL>
      <activityCategoryID>2</activityCategoryID>
      <applyGrouping>false</applyGrouping>
      <groupingSupportType>2</groupingSupportType>
      <libraryActivityUIImage>tool/lafrum11/images/icon_forum.swf</libraryActivityUIImage>
      <readOnly>false</readOnly>
      <initialised>false</initialised>
      <stopAfterActivity>false</stopAfterActivity>
      <inputActivities/>
      <competenceMappingTitles/>
      <activityEvaluations/>
      <languageCode></languageCode>
      <supportsOutputs>true</supportsOutputs>
    </org.lamsfoundation.lams.learningdesign.dto.AuthoringActivityDTO>
    <org.lamsfoundation.lams.learningdesign.dto.AuthoringActivityDTO>
      <activityID>95</activityID>
      <activityUIID>5</activityUIID>
      <description>Online threaded discussion tool (asynchronous).</description>
      <activityTitle>Forum5</activityTitle>
      <helpText>Discussion tool useful for long running collaborations and situations where learners are not all on line at the same time.</helpText>
      <helpURL>http://wiki.lamsfoundation.org/display/lamsdocs/lafrum11</helpURL>
      <xCoord>900</xCoord>
      <yCoord>35</yCoord>
      <activityTypeID>1</activityTypeID>
      <defineLater>false</defineLater>
      <learningDesignID>7</learningDesignID>
      <createDateTime class="sql-timestamp">2009-03-20 19:59:58.0</createDateTime>
      <runOffline>false</runOffline>
      <toolSignature>lafrum11</toolSignature>
      <toolID>1</toolID>
      <toolContentID>88</toolContentID>
      <toolDisplayName>Forum</toolDisplayName>
      <toolVersion>20081118</toolVersion>
      <authoringURL>tool/lafrum11/authoring.do</authoringURL>
      <monitoringURL>tool/lafrum11/monitoring.do</monitoringURL>
      <contributeURL>tool/lafrum11/contribute.do</contributeURL>
      <moderationURL>tool/lafrum11/moderate.do</moderationURL>
      <activityCategoryID>2</activityCategoryID>
      <applyGrouping>false</applyGrouping>
      <groupingSupportType>2</groupingSupportType>
      <libraryActivityUIImage>tool/lafrum11/images/icon_forum.swf</libraryActivityUIImage>
      <readOnly>false</readOnly>
      <initialised>false</initialised>
      <stopAfterActivity>false</stopAfterActivity>
      <inputActivities/>
      <competenceMappingTitles/>
      <activityEvaluations/>
      <languageCode></languageCode>
      <supportsOutputs>true</supportsOutputs>
    </org.lamsfoundation.lams.learningdesign.dto.AuthoringActivityDTO>
    <org.lamsfoundation.lams.learningdesign.dto.AuthoringActivityDTO>
      <activityID>96</activityID>
      <activityUIID>6</activityUIID>
      <description>Online threaded discussion tool (asynchronous).</description>
      <activityTitle>Forum6</activityTitle>
      <helpText>Discussion tool useful for long running collaborations and situations where learners are not all on line at the same time.</helpText>
      <helpURL>http://wiki.lamsfoundation.org/display/lamsdocs/lafrum11</helpURL>
      <xCoord>20</xCoord>
      <yCoord>117</yCoord>
      <activityTypeID>1</activityTypeID>
      <defineLater>false</defineLater>
      <learningDesignID>7</learningDesignID>
      <createDateTime class="sql-timestamp">2009-03-20 19:59:58.0</createDateTime>
      <runOffline>false</runOffline>
      <toolSignature>lafrum11</toolSignature>
      <toolID>1</toolID>
      <toolContentID>89</toolContentID>
      <toolDisplayName>Forum</toolDisplayName>
      <toolVersion>20081118</toolVersion>
      <authoringURL>tool/lafrum11/authoring.do</authoringURL>
      <monitoringURL>tool/lafrum11/monitoring.do</monitoringURL>
      <contributeURL>tool/lafrum11/contribute.do</contributeURL>
      <moderationURL>tool/lafrum11/moderate.do</moderationURL>
      <activityCategoryID>2</activityCategoryID>
      <applyGrouping>false</applyGrouping>
      <groupingSupportType>2</groupingSupportType>
      <libraryActivityUIImage>tool/lafrum11/images/icon_forum.swf</libraryActivityUIImage>
      <readOnly>false</readOnly>
      <initialised>false</initialised>
      <stopAfterActivity>false</stopAfterActivity>
      <inputActivities/>
      <competenceMappingTitles/>
      <activityEvaluations/>
      <languageCode></languageCode>
      <supportsOutputs>true</supportsOutputs>
    </org.lamsfoundation.lams.learningdesign.dto.AuthoringActivityDTO>
    <org.lamsfoundation.lams.learningdesign.dto.AuthoringActivityDTO>
      <activityID>97</activityID>
      <activityUIID>7</activityUIID>
      <description>Online threaded discussion tool (asynchronous).</description>
      <activityTitle>Forum7</activityTitle>
      <helpText>Discussion tool useful for long running collaborations and situations where learners are not all on line at the same time.</helpText>
      <helpURL>http://wiki.lamsfoundation.org/display/lamsdocs/lafrum11</helpURL>
      <xCoord>240</xCoord>
      <yCoord>117</yCoord>
      <activityTypeID>1</activityTypeID>
      <defineLater>false</defineLater>
      <learningDesignID>7</learningDesignID>
      <createDateTime class="sql-timestamp">2009-03-20 19:59:58.0</createDateTime>
      <runOffline>false</runOffline>
      <toolSignature>lafrum11</toolSignature>
      <toolID>1</toolID>
      <toolContentID>90</toolContentID>
      <toolDisplayName>Forum</toolDisplayName>
      <toolVersion>20081118</toolVersion>
      <authoringURL>tool/lafrum11/authoring.do</authoringURL>
      <monitoringURL>tool/lafrum11/monitoring.do</monitoringURL>
      <contributeURL>tool/lafrum11/contribute.do</contributeURL>
      <moderationURL>tool/lafrum11/moderate.do</moderationURL>
      <activityCategoryID>2</activityCategoryID>
      <applyGrouping>false</applyGrouping>
      <groupingSupportType>2</groupingSupportType>
      <libraryActivityUIImage>tool/lafrum11/images/icon_forum.swf</libraryActivityUIImage>
      <readOnly>false</readOnly>
      <initialised>false</initialised>
      <stopAfterActivity>false</stopAfterActivity>
      <inputActivities/>
      <competenceMappingTitles/>
      <activityEvaluations/>
      <languageCode></languageCode>
      <supportsOutputs>true</supportsOutputs>
    </org.lamsfoundation.lams.learningdesign.dto.AuthoringActivityDTO>
    <org.lamsfoundation.lams.learningdesign.dto.AuthoringActivityDTO>
      <activityID>98</activityID>
      <activityUIID>8</activityUIID>
      <description>Online threaded discussion tool (asynchronous).</description>
      <activityTitle>Forum8</activityTitle>
      <helpText>Discussion tool useful for long running collaborations and situations where learners are not all on line at the same time.</helpText>
      <helpURL>http://wiki.lamsfoundation.org/display/lamsdocs/lafrum11</helpURL>
      <xCoord>460</xCoord>
      <yCoord>117</yCoord>
      <activityTypeID>1</activityTypeID>
      <defineLater>false</defineLater>
      <learningDesignID>7</learningDesignID>
      <createDateTime class="sql-timestamp">2009-03-20 19:59:58.0</createDateTime>
      <runOffline>false</runOffline>
      <toolSignature>lafrum11</toolSignature>
      <toolID>1</toolID>
      <toolContentID>91</toolContentID>
      <toolDisplayName>Forum</toolDisplayName>
      <toolVersion>20081118</toolVersion>
      <authoringURL>tool/lafrum11/authoring.do</authoringURL>
      <monitoringURL>tool/lafrum11/monitoring.do</monitoringURL>
      <contributeURL>tool/lafrum11/contribute.do</contributeURL>
      <moderationURL>tool/lafrum11/moderate.do</moderationURL>
      <activityCategoryID>2</activityCategoryID>
      <applyGrouping>false</applyGrouping>
      <groupingSupportType>2</groupingSupportType>
      <libraryActivityUIImage>tool/lafrum11/images/icon_forum.swf</libraryActivityUIImage>
      <readOnly>false</readOnly>
      <initialised>false</initialised>
      <stopAfterActivity>false</stopAfterActivity>
      <inputActivities/>
      <competenceMappingTitles/>
      <activityEvaluations/>
      <languageCode></languageCode>
      <supportsOutputs>true</supportsOutputs>
    </org.lamsfoundation.lams.learningdesign.dto.AuthoringActivityDTO>
    <org.lamsfoundation.lams.learningdesign.dto.AuthoringActivityDTO>
      <activityID>99</activityID>
      <activityUIID>9</activityUIID>
      <description>Online threaded discussion tool (asynchronous).</description>
      <activityTitle>Forum9</activityTitle>
      <helpText>Discussion tool useful for long running collaborations and situations where learners are not all on line at the same time.</helpText>
      <helpURL>http://wiki.lamsfoundation.org/display/lamsdocs/lafrum11</helpURL>
      <xCoord>680</xCoord>
      <yCoord>117</yCoord>
      <activityTypeID>1</activityTypeID>
      <defineLater>false</defineLater>
      <learningDesignID>7</learningDesignID>
      <createDateTime class="sql-timestamp">2009-03-20 19:59:58.0</createDateTime>
      <runOffline>false</runOffline>
      <toolSignature>lafrum11</toolSignature>
      <toolID>1</toolID>
      <toolContentID>92</toolContentID>
      <toolDisplayName>Forum</toolDisplayName>
      <toolVersion>20081118</toolVersion>
      <authoringURL>tool/lafrum11/authoring.do</authoringURL>
      <monitoringURL>tool/lafrum11/monitoring.do</monitoringURL>
      <contributeURL>tool/lafrum11/contribute.do</contributeURL>
      <moderationURL>tool/lafrum11/moderate.do</moderationURL>
      <activityCategoryID>2</activityCategoryID>
      <applyGrouping>false</applyGrouping>
      <groupingSupportType>2</groupingSupportType>
      <libraryActivityUIImage>tool/lafrum11/images/icon_forum.swf</libraryActivityUIImage>
      <readOnly>false</readOnly>
      <initialised>false</initialised>
      <stopAfterActivity>false</stopAfterActivity>
      <inputActivities/>
      <competenceMappingTitles/>
      <activityEvaluations/>
      <languageCode></languageCode>
      <supportsOutputs>true</supportsOutputs>
    </org.lamsfoundation.lams.learningdesign.dto.AuthoringActivityDTO>
    <org.lamsfoundation.lams.learningdesign.dto.AuthoringActivityDTO>
      <activityID>100</activityID>
      <activityUIID>10</activityUIID>
      <description>Online threaded discussion tool (asynchronous).</description>
      <activityTitle>Forum10</activityTitle>
      <helpText>Discussion tool useful for long running collaborations and situations where learners are not all on line at the same time.</helpText>
      <helpURL>http://wiki.lamsfoundation.org/display/lamsdocs/lafrum11</helpURL>
      <xCoord>900</xCoord>
      <yCoord>117</yCoord>
      <activityTypeID>1</activityTypeID>
      <defineLater>false</defineLater>
      <learningDesignID>7</learningDesignID>
      <createDateTime class="sql-timestamp">2009-03-20 19:59:58.0</createDateTime>
      <runOffline>false</runOffline>
      <toolSignature>lafrum11</toolSignature>
      <toolID>1</toolID>
      <toolContentID>93</toolContentID>
      <toolDisplayName>Forum</toolDisplayName>
      <toolVersion>20081118</toolVersion>
      <authoringURL>tool/lafrum11/authoring.do</authoringURL>
      <monitoringURL>tool/lafrum11/monitoring.do</monitoringURL>
      <contributeURL>tool/lafrum11/contribute.do</contributeURL>
      <moderationURL>tool/lafrum11/moderate.do</moderationURL>
      <activityCategoryID>2</activityCategoryID>
      <applyGrouping>false</applyGrouping>
      <groupingSupportType>2</groupingSupportType>
      <libraryActivityUIImage>tool/lafrum11/images/icon_forum.swf</libraryActivityUIImage>
      <readOnly>false</readOnly>
      <initialised>false</initialised>
      <stopAfterActivity>false</stopAfterActivity>
      <inputActivities/>
      <competenceMappingTitles/>
      <activityEvaluations/>
      <languageCode></languageCode>
      <supportsOutputs>true</supportsOutputs>
    </org.lamsfoundation.lams.learningdesign.dto.AuthoringActivityDTO>
    <org.lamsfoundation.lams.learningdesign.dto.AuthoringActivityDTO>
      <activityID>101</activityID>
      <activityUIID>20</activityUIID>
      <description>Online threaded discussion tool (asynchronous).</description>
      <activityTitle>Forum11</activityTitle>
      <helpText>Discussion tool useful for long running collaborations and situations where learners are not all on line at the same time.</helpText>
      <helpURL>http://wiki.lamsfoundation.org/display/lamsdocs/lafrum11</helpURL>
      <xCoord>20</xCoord>
      <yCoord>199</yCoord>
      <activityTypeID>1</activityTypeID>
      <defineLater>false</defineLater>
      <learningDesignID>7</learningDesignID>
      <learningLibraryID>1</learningLibraryID>
      <createDateTime class="sql-timestamp">2009-03-20 19:59:58.0</createDateTime>
      <runOffline>false</runOffline>
      <toolSignature>lafrum11</toolSignature>
      <toolID>1</toolID>
      <toolContentID>94</toolContentID>
      <toolDisplayName>Forum</toolDisplayName>
      <toolVersion>20081118</toolVersion>
      <authoringURL>tool/lafrum11/authoring.do</authoringURL>
      <monitoringURL>tool/lafrum11/monitoring.do</monitoringURL>
      <contributeURL>tool/lafrum11/contribute.do</contributeURL>
      <moderationURL>tool/lafrum11/moderate.do</moderationURL>
      <activityCategoryID>2</activityCategoryID>
      <applyGrouping>false</applyGrouping>
      <groupingSupportType>2</groupingSupportType>
      <libraryActivityUIImage>tool/lafrum11/images/icon_forum.swf</libraryActivityUIImage>
      <readOnly>false</readOnly>
      <initialised>false</initialised>
      <stopAfterActivity>false</stopAfterActivity>
      <inputActivities/>
      <competenceMappingTitles/>
      <activityEvaluations/>
      <languageCode></languageCode>
      <supportsOutputs>true</supportsOutputs>
    </org.lamsfoundation.lams.learningdesign.dto.AuthoringActivityDTO>
    <org.lamsfoundation.lams.learningdesign.dto.AuthoringActivityDTO>
      <activityID>102</activityID>
      <activityUIID>21</activityUIID>
      <description>Online threaded discussion tool (asynchronous).</description>
      <activityTitle>Forum12</activityTitle>
      <helpText>Discussion tool useful for long running collaborations and situations where learners are not all on line at the same time.</helpText>
      <helpURL>http://wiki.lamsfoundation.org/display/lamsdocs/lafrum11</helpURL>
      <xCoord>240</xCoord>
      <yCoord>199</yCoord>
      <activityTypeID>1</activityTypeID>
      <defineLater>false</defineLater>
      <learningDesignID>7</learningDesignID>
      <learningLibraryID>1</learningLibraryID>
      <createDateTime class="sql-timestamp">2009-03-20 19:59:58.0</createDateTime>
      <runOffline>false</runOffline>
      <toolSignature>lafrum11</toolSignature>
      <toolID>1</toolID>
      <toolContentID>95</toolContentID>
      <toolDisplayName>Forum</toolDisplayName>
      <toolVersion>20081118</toolVersion>
      <authoringURL>tool/lafrum11/authoring.do</authoringURL>
      <monitoringURL>tool/lafrum11/monitoring.do</monitoringURL>
      <contributeURL>tool/lafrum11/contribute.do</contributeURL>
      <moderationURL>tool/lafrum11/moderate.do</moderationURL>
      <activityCategoryID>2</activityCategoryID>
      <applyGrouping>false</applyGrouping>
      <groupingSupportType>2</groupingSupportType>
      <libraryActivityUIImage>tool/lafrum11/images/icon_forum.swf</libraryActivityUIImage>
      <readOnly>false</readOnly>
      <initialised>false</initialised>
      <stopAfterActivity>false</stopAfterActivity>
      <inputActivities/>
      <competenceMappingTitles/>
      <activityEvaluations/>
      <languageCode></languageCode>
      <supportsOutputs>true</supportsOutputs>
    </org.lamsfoundation.lams.learningdesign.dto.AuthoringActivityDTO>
    <org.lamsfoundation.lams.learningdesign.dto.AuthoringActivityDTO>
      <activityID>103</activityID>
      <activityUIID>22</activityUIID>
      <description>Online threaded discussion tool (asynchronous).</description>
      <activityTitle>Forum13</activityTitle>
      <helpText>Discussion tool useful for long running collaborations and situations where learners are not all on line at the same time.</helpText>
      <helpURL>http://wiki.lamsfoundation.org/display/lamsdocs/lafrum11</helpURL>
      <xCoord>460</xCoord>
      <yCoord>199</yCoord>
      <activityTypeID>1</activityTypeID>
      <defineLater>false</defineLater>
      <learningDesignID>7</learningDesignID>
      <learningLibraryID>1</learningLibraryID>
      <createDateTime class="sql-timestamp">2009-03-20 19:59:58.0</createDateTime>
      <runOffline>false</runOffline>
      <toolSignature>lafrum11</toolSignature>
      <toolID>1</toolID>
      <toolContentID>96</toolContentID>
      <toolDisplayName>Forum</toolDisplayName>
      <toolVersion>20081118</toolVersion>
      <authoringURL>tool/lafrum11/authoring.do</authoringURL>
      <monitoringURL>tool/lafrum11/monitoring.do</monitoringURL>
      <contributeURL>tool/lafrum11/contribute.do</contributeURL>
      <moderationURL>tool/lafrum11/moderate.do</moderationURL>
      <activityCategoryID>2</activityCategoryID>
      <applyGrouping>false</applyGrouping>
      <groupingSupportType>2</groupingSupportType>
      <libraryActivityUIImage>tool/lafrum11/images/icon_forum.swf</libraryActivityUIImage>
      <readOnly>false</readOnly>
      <initialised>false</initialised>
      <stopAfterActivity>false</stopAfterActivity>
      <inputActivities/>
      <competenceMappingTitles/>
      <activityEvaluations/>
      <languageCode></languageCode>
      <supportsOutputs>true</supportsOutputs>
    </org.lamsfoundation.lams.learningdesign.dto.AuthoringActivityDTO>
    <org.lamsfoundation.lams.learningdesign.dto.AuthoringActivityDTO>
      <activityID>104</activityID>
      <activityUIID>23</activityUIID>
      <description>Online threaded discussion tool (asynchronous).</description>
      <activityTitle>Forum14</activityTitle>
      <helpText>Discussion tool useful for long running collaborations and situations where learners are not all on line at the same time.</helpText>
      <helpURL>http://wiki.lamsfoundation.org/display/lamsdocs/lafrum11</helpURL>
      <xCoord>680</xCoord>
      <yCoord>199</yCoord>
      <activityTypeID>1</activityTypeID>
      <defineLater>false</defineLater>
      <learningDesignID>7</learningDesignID>
      <learningLibraryID>1</learningLibraryID>
      <createDateTime class="sql-timestamp">2009-03-20 19:59:58.0</createDateTime>
      <runOffline>false</runOffline>
      <toolSignature>lafrum11</toolSignature>
      <toolID>1</toolID>
      <toolContentID>97</toolContentID>
      <toolDisplayName>Forum</toolDisplayName>
      <toolVersion>20081118</toolVersion>
      <authoringURL>tool/lafrum11/authoring.do</authoringURL>
      <monitoringURL>tool/lafrum11/monitoring.do</monitoringURL>
      <contributeURL>tool/lafrum11/contribute.do</contributeURL>
      <moderationURL>tool/lafrum11/moderate.do</moderationURL>
      <activityCategoryID>2</activityCategoryID>
      <applyGrouping>false</applyGrouping>
      <groupingSupportType>2</groupingSupportType>
      <libraryActivityUIImage>tool/lafrum11/images/icon_forum.swf</libraryActivityUIImage>
      <readOnly>false</readOnly>
      <initialised>false</initialised>
      <stopAfterActivity>false</stopAfterActivity>
      <inputActivities/>
      <competenceMappingTitles/>
      <activityEvaluations/>
      <languageCode></languageCode>
      <supportsOutputs>true</supportsOutputs>
    </org.lamsfoundation.lams.learningdesign.dto.AuthoringActivityDTO>
    <org.lamsfoundation.lams.learningdesign.dto.AuthoringActivityDTO>
      <activityID>105</activityID>
      <activityUIID>24</activityUIID>
      <description>Online threaded discussion tool (asynchronous).</description>
      <activityTitle>Forum15</activityTitle>
      <helpText>Discussion tool useful for long running collaborations and situations where learners are not all on line at the same time.</helpText>
      <helpURL>http://wiki.lamsfoundation.org/display/lamsdocs/lafrum11</helpURL>
      <xCoord>900</xCoord>
      <yCoord>199</yCoord>
      <activityTypeID>1</activityTypeID>
      <defineLater>false</defineLater>
      <learningDesignID>7</learningDesignID>
      <learningLibraryID>1</learningLibraryID>
      <createDateTime class="sql-timestamp">2009-03-20 19:59:58.0</createDateTime>
      <runOffline>false</runOffline>
      <toolSignature>lafrum11</toolSignature>
      <toolID>1</toolID>
      <toolContentID>98</toolContentID>
      <toolDisplayName>Forum</toolDisplayName>
      <toolVersion>20081118</toolVersion>
      <authoringURL>tool/lafrum11/authoring.do</authoringURL>
      <monitoringURL>tool/lafrum11/monitoring.do</monitoringURL>
      <contributeURL>tool/lafrum11/contribute.do</contributeURL>
      <moderationURL>tool/lafrum11/moderate.do</moderationURL>
      <activityCategoryID>2</activityCategoryID>
      <applyGrouping>false</applyGrouping>
      <groupingSupportType>2</groupingSupportType>
      <libraryActivityUIImage>tool/lafrum11/images/icon_forum.swf</libraryActivityUIImage>
      <readOnly>false</readOnly>
      <initialised>false</initialised>
      <stopAfterActivity>false</stopAfterActivity>
      <inputActivities/>
      <competenceMappingTitles/>
      <activityEvaluations/>
      <languageCode></languageCode>
      <supportsOutputs>true</supportsOutputs>
    </org.lamsfoundation.lams.learningdesign.dto.AuthoringActivityDTO>
    <org.lamsfoundation.lams.learningdesign.dto.AuthoringActivityDTO>
      <activityID>106</activityID>
      <activityUIID>25</activityUIID>
      <description>Online threaded discussion tool (asynchronous).</description>
      <activityTitle>Forum16</activityTitle>
      <helpText>Discussion tool useful for long running collaborations and situations where learners are not all on line at the same time.</helpText>
      <helpURL>http://wiki.lamsfoundation.org/display/lamsdocs/lafrum11</helpURL>
      <xCoord>20</xCoord>
      <yCoord>281</yCoord>
      <activityTypeID>1</activityTypeID>
      <defineLater>false</defineLater>
      <learningDesignID>7</learningDesignID>
      <learningLibraryID>1</learningLibraryID>
      <createDateTime class="sql-timestamp">2009-03-20 19:59:58.0</createDateTime>
      <runOffline>false</runOffline>
      <toolSignature>lafrum11</toolSignature>
      <toolID>1</toolID>
      <toolContentID>99</toolContentID>
      <toolDisplayName>Forum</toolDisplayName>
      <toolVersion>20081118</toolVersion>
      <authoringURL>tool/lafrum11/authoring.do</authoringURL>
      <monitoringURL>tool/lafrum11/monitoring.do</monitoringURL>
      <contributeURL>tool/lafrum11/contribute.do</contributeURL>
      <moderationURL>tool/lafrum11/moderate.do</moderationURL>
      <activityCategoryID>2</activityCategoryID>
      <applyGrouping>false</applyGrouping>
      <groupingSupportType>2</groupingSupportType>
      <libraryActivityUIImage>tool/lafrum11/images/icon_forum.swf</libraryActivityUIImage>
      <readOnly>false</readOnly>
      <initialised>false</initialised>
      <stopAfterActivity>false</stopAfterActivity>
      <inputActivities/>
      <competenceMappingTitles/>
      <activityEvaluations/>
      <languageCode></languageCode>
      <supportsOutputs>true</supportsOutputs>
    </org.lamsfoundation.lams.learningdesign.dto.AuthoringActivityDTO>
    <org.lamsfoundation.lams.learningdesign.dto.AuthoringActivityDTO>
      <activityID>107</activityID>
      <activityUIID>26</activityUIID>
      <description>Online threaded discussion tool (asynchronous).</description>
      <activityTitle>Forum17</activityTitle>
      <helpText>Discussion tool useful for long running collaborations and situations where learners are not all on line at the same time.</helpText>
      <helpURL>http://wiki.lamsfoundation.org/display/lamsdocs/lafrum11</helpURL>
      <xCoord>240</xCoord>
      <yCoord>281</yCoord>
      <activityTypeID>1</activityTypeID>
      <defineLater>false</defineLater>
      <learningDesignID>7</learningDesignID>
      <learningLibraryID>1</learningLibraryID>
      <createDateTime class="sql-timestamp">2009-03-20 19:59:58.0</createDateTime>
      <runOffline>false</runOffline>
      <toolSignature>lafrum11</toolSignature>
      <toolID>1</toolID>
      <toolContentID>100</toolContentID>
      <toolDisplayName>Forum</toolDisplayName>
      <toolVersion>20081118</toolVersion>
      <authoringURL>tool/lafrum11/authoring.do</authoringURL>
      <monitoringURL>tool/lafrum11/monitoring.do</monitoringURL>
      <contributeURL>tool/lafrum11/contribute.do</contributeURL>
      <moderationURL>tool/lafrum11/moderate.do</moderationURL>
      <activityCategoryID>2</activityCategoryID>
      <applyGrouping>false</applyGrouping>
      <groupingSupportType>2</groupingSupportType>
      <libraryActivityUIImage>tool/lafrum11/images/icon_forum.swf</libraryActivityUIImage>
      <readOnly>false</readOnly>
      <initialised>false</initialised>
      <stopAfterActivity>false</stopAfterActivity>
      <inputActivities/>
      <competenceMappingTitles/>
      <activityEvaluations/>
      <languageCode></languageCode>
      <supportsOutputs>true</supportsOutputs>
    </org.lamsfoundation.lams.learningdesign.dto.AuthoringActivityDTO>
    <org.lamsfoundation.lams.learningdesign.dto.AuthoringActivityDTO>
      <activityID>108</activityID>
      <activityUIID>27</activityUIID>
      <description>Online threaded discussion tool (asynchronous).</description>
      <activityTitle>Forum18</activityTitle>
      <helpText>Discussion tool useful for long running collaborations and situations where learners are not all on line at the same time.</helpText>
      <helpURL>http://wiki.lamsfoundation.org/display/lamsdocs/lafrum11</helpURL>
      <xCoord>460</xCoord>
      <yCoord>281</yCoord>
      <activityTypeID>1</activityTypeID>
      <defineLater>false</defineLater>
      <learningDesignID>7</learningDesignID>
      <learningLibraryID>1</learningLibraryID>
      <createDateTime class="sql-timestamp">2009-03-20 19:59:58.0</createDateTime>
      <runOffline>false</runOffline>
      <toolSignature>lafrum11</toolSignature>
      <toolID>1</toolID>
      <toolContentID>101</toolContentID>
      <toolDisplayName>Forum</toolDisplayName>
      <toolVersion>20081118</toolVersion>
      <authoringURL>tool/lafrum11/authoring.do</authoringURL>
      <monitoringURL>tool/lafrum11/monitoring.do</monitoringURL>
      <contributeURL>tool/lafrum11/contribute.do</contributeURL>
      <moderationURL>tool/lafrum11/moderate.do</moderationURL>
      <activityCategoryID>2</activityCategoryID>
      <applyGrouping>false</applyGrouping>
      <groupingSupportType>2</groupingSupportType>
      <libraryActivityUIImage>tool/lafrum11/images/icon_forum.swf</libraryActivityUIImage>
      <readOnly>false</readOnly>
      <initialised>false</initialised>
      <stopAfterActivity>false</stopAfterActivity>
      <inputActivities/>
      <competenceMappingTitles/>
      <activityEvaluations/>
      <languageCode></languageCode>
      <supportsOutputs>true</supportsOutputs>
    </org.lamsfoundation.lams.learningdesign.dto.AuthoringActivityDTO>
    <org.lamsfoundation.lams.learningdesign.dto.AuthoringActivityDTO>
      <activityID>109</activityID>
      <activityUIID>28</activityUIID>
      <description>Online threaded discussion tool (asynchronous).</description>
      <activityTitle>Forum19</activityTitle>
      <helpText>Discussion tool useful for long running collaborations and situations where learners are not all on line at the same time.</helpText>
      <helpURL>http://wiki.lamsfoundation.org/display/lamsdocs/lafrum11</helpURL>
      <xCoord>680</xCoord>
      <yCoord>281</yCoord>
      <activityTypeID>1</activityTypeID>
      <defineLater>false</defineLater>
      <learningDesignID>7</learningDesignID>
      <learningLibraryID>1</learningLibraryID>
      <createDateTime class="sql-timestamp">2009-03-20 19:59:58.0</createDateTime>
      <runOffline>false</runOffline>
      <toolSignature>lafrum11</toolSignature>
      <toolID>1</toolID>
      <toolContentID>102</toolContentID>
      <toolDisplayName>Forum</toolDisplayName>
      <toolVersion>20081118</toolVersion>
      <authoringURL>tool/lafrum11/authoring.do</authoringURL>
      <monitoringURL>tool/lafrum11/monitoring.do</monitoringURL>
      <contributeURL>tool/lafrum11/contribute.do</contributeURL>
      <moderationURL>tool/lafrum11/moderate.do</moderationURL>
      <activityCategoryID>2</activityCategoryID>
      <applyGrouping>false</applyGrouping>
      <groupingSupportType>2</groupingSupportType>
      <libraryActivityUIImage>tool/lafrum11/images/icon_forum.swf</libraryActivityUIImage>
      <readOnly>false</readOnly>
      <initialised>false</initialised>
      <stopAfterActivity>false</stopAfterActivity>
      <inputActivities/>
      <competenceMappingTitles/>
      <activityEvaluations/>
      <languageCode></languageCode>
      <supportsOutputs>true</supportsOutputs>
    </org.lamsfoundation.lams.learningdesign.dto.AuthoringActivityDTO>
    <org.lamsfoundation.lams.learningdesign.dto.AuthoringActivityDTO>
      <activityID>110</activityID>
      <activityUIID>29</activityUIID>
      <description>Online threaded discussion tool (asynchronous).</description>
      <activityTitle>Forum20</activityTitle>
      <helpText>Discussion tool useful for long running collaborations and situations where learners are not all on line at the same time.</helpText>
      <helpURL>http://wiki.lamsfoundation.org/display/lamsdocs/lafrum11</helpURL>
      <xCoord>900</xCoord>
      <yCoord>281</yCoord>
      <activityTypeID>1</activityTypeID>
      <defineLater>false</defineLater>
      <learningDesignID>7</learningDesignID>
      <learningLibraryID>1</learningLibraryID>
      <createDateTime class="sql-timestamp">2009-03-20 19:59:58.0</createDateTime>
      <runOffline>false</runOffline>
      <toolSignature>lafrum11</toolSignature>
      <toolID>1</toolID>
      <toolContentID>103</toolContentID>
      <toolDisplayName>Forum</toolDisplayName>
      <toolVersion>20081118</toolVersion>
      <authoringURL>tool/lafrum11/authoring.do</authoringURL>
      <monitoringURL>tool/lafrum11/monitoring.do</monitoringURL>
      <contributeURL>tool/lafrum11/contribute.do</contributeURL>
      <moderationURL>tool/lafrum11/moderate.do</moderationURL>
      <activityCategoryID>2</activityCategoryID>
      <applyGrouping>false</applyGrouping>
      <groupingSupportType>2</groupingSupportType>
      <libraryActivityUIImage>tool/lafrum11/images/icon_forum.swf</libraryActivityUIImage>
      <readOnly>false</readOnly>
      <initialised>false</initialised>
      <stopAfterActivity>false</stopAfterActivity>
      <inputActivities/>
      <competenceMappingTitles/>
      <activityEvaluations/>
      <languageCode></languageCode>
      <supportsOutputs>true</supportsOutputs>
    </org.lamsfoundation.lams.learningdesign.dto.AuthoringActivityDTO>
    <org.lamsfoundation.lams.learningdesign.dto.AuthoringActivityDTO>
      <activityID>111</activityID>
      <activityUIID>30</activityUIID>
      <description>Online threaded discussion tool (asynchronous).</description>
      <activityTitle>Forum21</activityTitle>
      <helpText>Discussion tool useful for long running collaborations and situations where learners are not all on line at the same time.</helpText>
      <helpURL>http://wiki.lamsfoundation.org/display/lamsdocs/lafrum11</helpURL>
      <xCoord>20</xCoord>
      <yCoord>363</yCoord>
      <activityTypeID>1</activityTypeID>
      <defineLater>false</defineLater>
      <learningDesignID>7</learningDesignID>
      <learningLibraryID>1</learningLibraryID>
      <createDateTime class="sql-timestamp">2009-03-20 19:59:58.0</createDateTime>
      <runOffline>false</runOffline>
      <toolSignature>lafrum11</toolSignature>
      <toolID>1</toolID>
      <toolContentID>104</toolContentID>
      <toolDisplayName>Forum</toolDisplayName>
      <toolVersion>20081118</toolVersion>
      <authoringURL>tool/lafrum11/authoring.do</authoringURL>
      <monitoringURL>tool/lafrum11/monitoring.do</monitoringURL>
      <contributeURL>tool/lafrum11/contribute.do</contributeURL>
      <moderationURL>tool/lafrum11/moderate.do</moderationURL>
      <activityCategoryID>2</activityCategoryID>
      <applyGrouping>false</applyGrouping>
      <groupingSupportType>2</groupingSupportType>
      <libraryActivityUIImage>tool/lafrum11/images/icon_forum.swf</libraryActivityUIImage>
      <readOnly>false</readOnly>
      <initialised>false</initialised>
      <stopAfterActivity>false</stopAfterActivity>
      <inputActivities/>
      <competenceMappingTitles/>
      <activityEvaluations/>
      <languageCode></languageCode>
      <supportsOutputs>true</supportsOutputs>
    </org.lamsfoundation.lams.learningdesign.dto.AuthoringActivityDTO>
    <org.lamsfoundation.lams.learningdesign.dto.AuthoringActivityDTO>
      <activityID>112</activityID>
      <activityUIID>31</activityUIID>
      <description>Online threaded discussion tool (asynchronous).</description>
      <activityTitle>Forum22</activityTitle>
      <helpText>Discussion tool useful for long running collaborations and situations where learners are not all on line at the same time.</helpText>
      <helpURL>http://wiki.lamsfoundation.org/display/lamsdocs/lafrum11</helpURL>
      <xCoord>240</xCoord>
      <yCoord>363</yCoord>
      <activityTypeID>1</activityTypeID>
      <defineLater>false</defineLater>
      <learningDesignID>7</learningDesignID>
      <learningLibraryID>1</learningLibraryID>
      <createDateTime class="sql-timestamp">2009-03-20 19:59:58.0</createDateTime>
      <runOffline>false</runOffline>
      <toolSignature>lafrum11</toolSignature>
      <toolID>1</toolID>
      <toolContentID>105</toolContentID>
      <toolDisplayName>Forum</toolDisplayName>
      <toolVersion>20081118</toolVersion>
      <authoringURL>tool/lafrum11/authoring.do</authoringURL>
      <monitoringURL>tool/lafrum11/monitoring.do</monitoringURL>
      <contributeURL>tool/lafrum11/contribute.do</contributeURL>
      <moderationURL>tool/lafrum11/moderate.do</moderationURL>
      <activityCategoryID>2</activityCategoryID>
      <applyGrouping>false</applyGrouping>
      <groupingSupportType>2</groupingSupportType>
      <libraryActivityUIImage>tool/lafrum11/images/icon_forum.swf</libraryActivityUIImage>
      <readOnly>false</readOnly>
      <initialised>false</initialised>
      <stopAfterActivity>false</stopAfterActivity>
      <inputActivities/>
      <competenceMappingTitles/>
      <activityEvaluations/>
      <languageCode></languageCode>
      <supportsOutputs>true</supportsOutputs>
    </org.lamsfoundation.lams.learningdesign.dto.AuthoringActivityDTO>
    <org.lamsfoundation.lams.learningdesign.dto.AuthoringActivityDTO>
      <activityID>113</activityID>
      <activityUIID>33</activityUIID>
      <description>Online threaded discussion tool (asynchronous).</description>
      <activityTitle>Forum24</activityTitle>
      <helpText>Discussion tool useful for long running collaborations and situations where learners are not all on line at the same time.</helpText>
      <helpURL>http://wiki.lamsfoundation.org/display/lamsdocs/lafrum11</helpURL>
      <xCoord>680</xCoord>
      <yCoord>363</yCoord>
      <activityTypeID>1</activityTypeID>
      <defineLater>false</defineLater>
      <learningDesignID>7</learningDesignID>
      <learningLibraryID>1</learningLibraryID>
      <createDateTime class="sql-timestamp">2009-03-20 19:59:58.0</createDateTime>
      <runOffline>false</runOffline>
      <toolSignature>lafrum11</toolSignature>
      <toolID>1</toolID>
      <toolContentID>106</toolContentID>
      <toolDisplayName>Forum</toolDisplayName>
      <toolVersion>20081118</toolVersion>
      <authoringURL>tool/lafrum11/authoring.do</authoringURL>
      <monitoringURL>tool/lafrum11/monitoring.do</monitoringURL>
      <contributeURL>tool/lafrum11/contribute.do</contributeURL>
      <moderationURL>tool/lafrum11/moderate.do</moderationURL>
      <activityCategoryID>2</activityCategoryID>
      <applyGrouping>false</applyGrouping>
      <groupingSupportType>2</groupingSupportType>
      <libraryActivityUIImage>tool/lafrum11/images/icon_forum.swf</libraryActivityUIImage>
      <readOnly>false</readOnly>
      <initialised>false</initialised>
      <stopAfterActivity>false</stopAfterActivity>
      <inputActivities/>
      <competenceMappingTitles/>
      <activityEvaluations/>
      <languageCode></languageCode>
      <supportsOutputs>true</supportsOutputs>
    </org.lamsfoundation.lams.learningdesign.dto.AuthoringActivityDTO>
    <org.lamsfoundation.lams.learningdesign.dto.AuthoringActivityDTO>
      <activityID>114</activityID>
      <activityUIID>34</activityUIID>
      <description>Online threaded discussion tool (asynchronous).</description>
      <activityTitle>Forum25</activityTitle>
      <helpText>Discussion tool useful for long running collaborations and situations where learners are not all on line at the same time.</helpText>
      <helpURL>http://wiki.lamsfoundation.org/display/lamsdocs/lafrum11</helpURL>
      <xCoord>900</xCoord>
      <yCoord>363</yCoord>
      <activityTypeID>1</activityTypeID>
      <defineLater>false</defineLater>
      <learningDesignID>7</learningDesignID>
      <learningLibraryID>1</learningLibraryID>
      <createDateTime class="sql-timestamp">2009-03-20 19:59:58.0</createDateTime>
      <runOffline>false</runOffline>
      <toolSignature>lafrum11</toolSignature>
      <toolID>1</toolID>
      <toolContentID>107</toolContentID>
      <toolDisplayName>Forum</toolDisplayName>
      <toolVersion>20081118</toolVersion>
      <authoringURL>tool/lafrum11/authoring.do</authoringURL>
      <monitoringURL>tool/lafrum11/monitoring.do</monitoringURL>
      <contributeURL>tool/lafrum11/contribute.do</contributeURL>
      <moderationURL>tool/lafrum11/moderate.do</moderationURL>
      <activityCategoryID>2</activityCategoryID>
      <applyGrouping>false</applyGrouping>
      <groupingSupportType>2</groupingSupportType>
      <libraryActivityUIImage>tool/lafrum11/images/icon_forum.swf</libraryActivityUIImage>
      <readOnly>false</readOnly>
      <initialised>false</initialised>
      <stopAfterActivity>false</stopAfterActivity>
      <inputActivities/>
      <competenceMappingTitles/>
      <activityEvaluations/>
      <languageCode></languageCode>
      <supportsOutputs>true</supportsOutputs>
    </org.lamsfoundation.lams.learningdesign.dto.AuthoringActivityDTO>
    <org.lamsfoundation.lams.learningdesign.dto.AuthoringActivityDTO>
      <activityID>115</activityID>
      <activityUIID>35</activityUIID>
      <description>Online threaded discussion tool (asynchronous).</description>
      <activityTitle>Forum26</activityTitle>
      <helpText>Discussion tool useful for long running collaborations and situations where learners are not all on line at the same time.</helpText>
      <helpURL>http://wiki.lamsfoundation.org/display/lamsdocs/lafrum11</helpURL>
      <xCoord>20</xCoord>
      <yCoord>445</yCoord>
      <activityTypeID>1</activityTypeID>
      <defineLater>false</defineLater>
      <learningDesignID>7</learningDesignID>
      <learningLibraryID>1</learningLibraryID>
      <createDateTime class="sql-timestamp">2009-03-20 19:59:58.0</createDateTime>
      <runOffline>false</runOffline>
      <toolSignature>lafrum11</toolSignature>
      <toolID>1</toolID>
      <toolContentID>108</toolContentID>
      <toolDisplayName>Forum</toolDisplayName>
      <toolVersion>20081118</toolVersion>
      <authoringURL>tool/lafrum11/authoring.do</authoringURL>
      <monitoringURL>tool/lafrum11/monitoring.do</monitoringURL>
      <contributeURL>tool/lafrum11/contribute.do</contributeURL>
      <moderationURL>tool/lafrum11/moderate.do</moderationURL>
      <activityCategoryID>2</activityCategoryID>
      <applyGrouping>false</applyGrouping>
      <groupingSupportType>2</groupingSupportType>
      <libraryActivityUIImage>tool/lafrum11/images/icon_forum.swf</libraryActivityUIImage>
      <readOnly>false</readOnly>
      <initialised>false</initialised>
      <stopAfterActivity>false</stopAfterActivity>
      <inputActivities/>
      <competenceMappingTitles/>
      <activityEvaluations/>
      <languageCode></languageCode>
      <supportsOutputs>true</supportsOutputs>
    </org.lamsfoundation.lams.learningdesign.dto.AuthoringActivityDTO>
    <org.lamsfoundation.lams.learningdesign.dto.AuthoringActivityDTO>
      <activityID>116</activityID>
      <activityUIID>36</activityUIID>
      <description>Online threaded discussion tool (asynchronous).</description>
      <activityTitle>Forum27</activityTitle>
      <helpText>Discussion tool useful for long running collaborations and situations where learners are not all on line at the same time.</helpText>
      <helpURL>http://wiki.lamsfoundation.org/display/lamsdocs/lafrum11</helpURL>
      <xCoord>240</xCoord>
      <yCoord>445</yCoord>
      <activityTypeID>1</activityTypeID>
      <defineLater>false</defineLater>
      <learningDesignID>7</learningDesignID>
      <learningLibraryID>1</learningLibraryID>
      <createDateTime class="sql-timestamp">2009-03-20 19:59:58.0</createDateTime>
      <runOffline>false</runOffline>
      <toolSignature>lafrum11</toolSignature>
      <toolID>1</toolID>
      <toolContentID>109</toolContentID>
      <toolDisplayName>Forum</toolDisplayName>
      <toolVersion>20081118</toolVersion>
      <authoringURL>tool/lafrum11/authoring.do</authoringURL>
      <monitoringURL>tool/lafrum11/monitoring.do</monitoringURL>
      <contributeURL>tool/lafrum11/contribute.do</contributeURL>
      <moderationURL>tool/lafrum11/moderate.do</moderationURL>
      <activityCategoryID>2</activityCategoryID>
      <applyGrouping>false</applyGrouping>
      <groupingSupportType>2</groupingSupportType>
      <libraryActivityUIImage>tool/lafrum11/images/icon_forum.swf</libraryActivityUIImage>
      <readOnly>false</readOnly>
      <initialised>false</initialised>
      <stopAfterActivity>false</stopAfterActivity>
      <inputActivities/>
      <competenceMappingTitles/>
      <activityEvaluations/>
      <languageCode></languageCode>
      <supportsOutputs>true</supportsOutputs>
    </org.lamsfoundation.lams.learningdesign.dto.AuthoringActivityDTO>
    <org.lamsfoundation.lams.learningdesign.dto.AuthoringActivityDTO>
      <activityID>117</activityID>
      <activityUIID>37</activityUIID>
      <description>Online threaded discussion tool (asynchronous).</description>
      <activityTitle>Forum28</activityTitle>
      <helpText>Discussion tool useful for long running collaborations and situations where learners are not all on line at the same time.</helpText>
      <helpURL>http://wiki.lamsfoundation.org/display/lamsdocs/lafrum11</helpURL>
      <xCoord>460</xCoord>
      <yCoord>445</yCoord>
      <activityTypeID>1</activityTypeID>
      <defineLater>false</defineLater>
      <learningDesignID>7</learningDesignID>
      <learningLibraryID>1</learningLibraryID>
      <createDateTime class="sql-timestamp">2009-03-20 19:59:58.0</createDateTime>
      <runOffline>false</runOffline>
      <toolSignature>lafrum11</toolSignature>
      <toolID>1</toolID>
      <toolContentID>110</toolContentID>
      <toolDisplayName>Forum</toolDisplayName>
      <toolVersion>20081118</toolVersion>
      <authoringURL>tool/lafrum11/authoring.do</authoringURL>
      <monitoringURL>tool/lafrum11/monitoring.do</monitoringURL>
      <contributeURL>tool/lafrum11/contribute.do</contributeURL>
      <moderationURL>tool/lafrum11/moderate.do</moderationURL>
      <activityCategoryID>2</activityCategoryID>
      <applyGrouping>false</applyGrouping>
      <groupingSupportType>2</groupingSupportType>
      <libraryActivityUIImage>tool/lafrum11/images/icon_forum.swf</libraryActivityUIImage>
      <readOnly>false</readOnly>
      <initialised>false</initialised>
      <stopAfterActivity>false</stopAfterActivity>
      <inputActivities/>
      <competenceMappingTitles/>
      <activityEvaluations/>
      <languageCode></languageCode>
      <supportsOutputs>true</supportsOutputs>
    </org.lamsfoundation.lams.learningdesign.dto.AuthoringActivityDTO>
    <org.lamsfoundation.lams.learningdesign.dto.AuthoringActivityDTO>
      <activityID>118</activityID>
      <activityUIID>56</activityUIID>
      <description>Online threaded discussion tool (asynchronous).</description>
      <activityTitle>Forum23</activityTitle>
      <helpText>Discussion tool useful for long running collaborations and situations where learners are not all on line at the same time.</helpText>
      <helpURL>http://wiki.lamsfoundation.org/display/lamsdocs/lafrum11</helpURL>
      <xCoord>460</xCoord>
      <yCoord>363</yCoord>
      <activityTypeID>1</activityTypeID>
      <defineLater>false</defineLater>
      <learningDesignID>7</learningDesignID>
      <learningLibraryID>1</learningLibraryID>
      <createDateTime class="sql-timestamp">2009-03-20 19:59:58.0</createDateTime>
      <runOffline>false</runOffline>
      <toolSignature>lafrum11</toolSignature>
      <toolID>1</toolID>
      <toolContentID>111</toolContentID>
      <toolDisplayName>Forum</toolDisplayName>
      <toolVersion>20081118</toolVersion>
      <authoringURL>tool/lafrum11/authoring.do</authoringURL>
      <monitoringURL>tool/lafrum11/monitoring.do</monitoringURL>
      <contributeURL>tool/lafrum11/contribute.do</contributeURL>
      <moderationURL>tool/lafrum11/moderate.do</moderationURL>
      <activityCategoryID>2</activityCategoryID>
      <applyGrouping>false</applyGrouping>
      <groupingSupportType>2</groupingSupportType>
      <libraryActivityUIImage>tool/lafrum11/images/icon_forum.swf</libraryActivityUIImage>
      <readOnly>false</readOnly>
      <initialised>false</initialised>
      <stopAfterActivity>false</stopAfterActivity>
      <inputActivities/>
      <competenceMappingTitles/>
      <activityEvaluations/>
      <languageCode></languageCode>
      <supportsOutputs>true</supportsOutputs>
    </org.lamsfoundation.lams.learningdesign.dto.AuthoringActivityDTO>
    <org.lamsfoundation.lams.learningdesign.dto.AuthoringActivityDTO>
      <activityID>119</activityID>
      <activityUIID>59</activityUIID>
      <description>Online threaded discussion tool (asynchronous).</description>
      <activityTitle>Forum29</activityTitle>
      <helpText>Discussion tool useful for long running collaborations and situations where learners are not all on line at the same time.</helpText>
      <helpURL>http://wiki.lamsfoundation.org/display/lamsdocs/lafrum11</helpURL>
      <xCoord>680</xCoord>
      <yCoord>445</yCoord>
      <activityTypeID>1</activityTypeID>
      <defineLater>false</defineLater>
      <learningDesignID>7</learningDesignID>
      <learningLibraryID>1</learningLibraryID>
      <createDateTime class="sql-timestamp">2009-03-20 19:59:58.0</createDateTime>
      <runOffline>false</runOffline>
      <toolSignature>lafrum11</toolSignature>
      <toolID>1</toolID>
      <toolContentID>112</toolContentID>
      <toolDisplayName>Forum</toolDisplayName>
      <toolVersion>20081118</toolVersion>
      <authoringURL>tool/lafrum11/authoring.do</authoringURL>
      <monitoringURL>tool/lafrum11/monitoring.do</monitoringURL>
      <contributeURL>tool/lafrum11/contribute.do</contributeURL>
      <moderationURL>tool/lafrum11/moderate.do</moderationURL>
      <activityCategoryID>2</activityCategoryID>
      <applyGrouping>false</applyGrouping>
      <groupingSupportType>2</groupingSupportType>
      <libraryActivityUIImage>tool/lafrum11/images/icon_forum.swf</libraryActivityUIImage>
      <readOnly>false</readOnly>
      <initialised>false</initialised>
      <stopAfterActivity>false</stopAfterActivity>
      <inputActivities/>
      <competenceMappingTitles/>
      <activityEvaluations/>
      <languageCode></languageCode>
      <supportsOutputs>true</supportsOutputs>
    </org.lamsfoundation.lams.learningdesign.dto.AuthoringActivityDTO>
    <org.lamsfoundation.lams.learningdesign.dto.AuthoringActivityDTO>
      <activityID>120</activityID>
      <activityUIID>60</activityUIID>
      <description>Online threaded discussion tool (asynchronous).</description>
      <activityTitle>Forum30</activityTitle>
      <helpText>Discussion tool useful for long running collaborations and situations where learners are not all on line at the same time.</helpText>
      <helpURL>http://wiki.lamsfoundation.org/display/lamsdocs/lafrum11</helpURL>
      <xCoord>900</xCoord>
      <yCoord>445</yCoord>
      <activityTypeID>1</activityTypeID>
      <defineLater>false</defineLater>
      <learningDesignID>7</learningDesignID>
      <learningLibraryID>1</learningLibraryID>
      <createDateTime class="sql-timestamp">2009-03-20 19:59:58.0</createDateTime>
      <runOffline>false</runOffline>
      <toolSignature>lafrum11</toolSignature>
      <toolID>1</toolID>
      <toolContentID>113</toolContentID>
      <toolDisplayName>Forum</toolDisplayName>
      <toolVersion>20081118</toolVersion>
      <authoringURL>tool/lafrum11/authoring.do</authoringURL>
      <monitoringURL>tool/lafrum11/monitoring.do</monitoringURL>
      <contributeURL>tool/lafrum11/contribute.do</contributeURL>
      <moderationURL>tool/lafrum11/moderate.do</moderationURL>
      <activityCategoryID>2</activityCategoryID>
      <applyGrouping>false</applyGrouping>
      <groupingSupportType>2</groupingSupportType>
      <libraryActivityUIImage>tool/lafrum11/images/icon_forum.swf</libraryActivityUIImage>
      <readOnly>false</readOnly>
      <initialised>false</initialised>
      <stopAfterActivity>false</stopAfterActivity>
      <inputActivities/>
      <competenceMappingTitles/>
      <activityEvaluations/>
      <languageCode></languageCode>
      <supportsOutputs>true</supportsOutputs>
    </org.lamsfoundation.lams.learningdesign.dto.AuthoringActivityDTO>
  </activities>
  <transitions>
    <org.lamsfoundation.lams.learningdesign.dto.TransitionDTO>
      <transitionID>73</transitionID>
      <transitionUIID>43</transitionUIID>
      <toUIID>27</toUIID>
      <fromUIID>26</fromUIID>
      <createDateTime class="sql-timestamp">2009-03-20 19:59:58.0</createDateTime>
      <toActivityID>108</toActivityID>
      <fromActivityID>107</fromActivityID>
      <learningDesignID>7</learningDesignID>
    </org.lamsfoundation.lams.learningdesign.dto.TransitionDTO>
    <org.lamsfoundation.lams.learningdesign.dto.TransitionDTO>
      <transitionID>74</transitionID>
      <transitionUIID>44</transitionUIID>
      <toUIID>28</toUIID>
      <fromUIID>27</fromUIID>
      <createDateTime class="sql-timestamp">2009-03-20 19:59:58.0</createDateTime>
      <toActivityID>109</toActivityID>
      <fromActivityID>108</fromActivityID>
      <learningDesignID>7</learningDesignID>
    </org.lamsfoundation.lams.learningdesign.dto.TransitionDTO>
    <org.lamsfoundation.lams.learningdesign.dto.TransitionDTO>
      <transitionID>71</transitionID>
      <transitionUIID>41</transitionUIID>
      <toUIID>24</toUIID>
      <fromUIID>23</fromUIID>
      <createDateTime class="sql-timestamp">2009-03-20 19:59:58.0</createDateTime>
      <toActivityID>105</toActivityID>
      <fromActivityID>104</fromActivityID>
      <learningDesignID>7</learningDesignID>
    </org.lamsfoundation.lams.learningdesign.dto.TransitionDTO>
    <org.lamsfoundation.lams.learningdesign.dto.TransitionDTO>
      <transitionID>72</transitionID>
      <transitionUIID>42</transitionUIID>
      <toUIID>25</toUIID>
      <fromUIID>24</fromUIID>
      <createDateTime class="sql-timestamp">2009-03-20 19:59:58.0</createDateTime>
      <toActivityID>106</toActivityID>
      <fromActivityID>105</fromActivityID>
      <learningDesignID>7</learningDesignID>
    </org.lamsfoundation.lams.learningdesign.dto.TransitionDTO>
    <org.lamsfoundation.lams.learningdesign.dto.TransitionDTO>
      <transitionID>69</transitionID>
      <transitionUIID>39</transitionUIID>
      <toUIID>21</toUIID>
      <fromUIID>20</fromUIID>
      <createDateTime class="sql-timestamp">2009-03-20 19:59:58.0</createDateTime>
      <toActivityID>102</toActivityID>
      <fromActivityID>101</fromActivityID>
      <learningDesignID>7</learningDesignID>
    </org.lamsfoundation.lams.learningdesign.dto.TransitionDTO>
    <org.lamsfoundation.lams.learningdesign.dto.TransitionDTO>
      <transitionID>70</transitionID>
      <transitionUIID>40</transitionUIID>
      <toUIID>23</toUIID>
      <fromUIID>22</fromUIID>
      <createDateTime class="sql-timestamp">2009-03-20 19:59:58.0</createDateTime>
      <toActivityID>104</toActivityID>
      <fromActivityID>103</fromActivityID>
      <learningDesignID>7</learningDesignID>
    </org.lamsfoundation.lams.learningdesign.dto.TransitionDTO>
    <org.lamsfoundation.lams.learningdesign.dto.TransitionDTO>
      <transitionID>67</transitionID>
      <transitionUIID>14</transitionUIID>
      <toUIID>5</toUIID>
      <fromUIID>4</fromUIID>
      <createDateTime class="sql-timestamp">2009-03-20 19:59:58.0</createDateTime>
      <toActivityID>95</toActivityID>
      <fromActivityID>94</fromActivityID>
      <learningDesignID>7</learningDesignID>
    </org.lamsfoundation.lams.learningdesign.dto.TransitionDTO>
    <org.lamsfoundation.lams.learningdesign.dto.TransitionDTO>
      <transitionID>68</transitionID>
      <transitionUIID>38</transitionUIID>
      <toUIID>20</toUIID>
      <fromUIID>10</fromUIID>
      <createDateTime class="sql-timestamp">2009-03-20 19:59:58.0</createDateTime>
      <toActivityID>101</toActivityID>
      <fromActivityID>100</fromActivityID>
      <learningDesignID>7</learningDesignID>
    </org.lamsfoundation.lams.learningdesign.dto.TransitionDTO>
    <org.lamsfoundation.lams.learningdesign.dto.TransitionDTO>
      <transitionID>65</transitionID>
      <transitionUIID>11</transitionUIID>
      <toUIID>2</toUIID>
      <fromUIID>1</fromUIID>
      <createDateTime class="sql-timestamp">2009-03-20 19:59:58.0</createDateTime>
      <toActivityID>92</toActivityID>
      <fromActivityID>91</fromActivityID>
      <learningDesignID>7</learningDesignID>
    </org.lamsfoundation.lams.learningdesign.dto.TransitionDTO>
    <org.lamsfoundation.lams.learningdesign.dto.TransitionDTO>
      <transitionID>66</transitionID>
      <transitionUIID>18</transitionUIID>
      <toUIID>9</toUIID>
      <fromUIID>8</fromUIID>
      <createDateTime class="sql-timestamp">2009-03-20 19:59:58.0</createDateTime>
      <toActivityID>99</toActivityID>
      <fromActivityID>98</fromActivityID>
      <learningDesignID>7</learningDesignID>
    </org.lamsfoundation.lams.learningdesign.dto.TransitionDTO>
    <org.lamsfoundation.lams.learningdesign.dto.TransitionDTO>
      <transitionID>63</transitionID>
      <transitionUIID>13</transitionUIID>
      <toUIID>4</toUIID>
      <fromUIID>3</fromUIID>
      <createDateTime class="sql-timestamp">2009-03-20 19:59:58.0</createDateTime>
      <toActivityID>94</toActivityID>
      <fromActivityID>93</fromActivityID>
      <learningDesignID>7</learningDesignID>
    </org.lamsfoundation.lams.learningdesign.dto.TransitionDTO>
    <org.lamsfoundation.lams.learningdesign.dto.TransitionDTO>
      <transitionID>64</transitionID>
      <transitionUIID>12</transitionUIID>
      <toUIID>3</toUIID>
      <fromUIID>2</fromUIID>
      <createDateTime class="sql-timestamp">2009-03-20 19:59:58.0</createDateTime>
      <toActivityID>93</toActivityID>
      <fromActivityID>92</fromActivityID>
      <learningDesignID>7</learningDesignID>
    </org.lamsfoundation.lams.learningdesign.dto.TransitionDTO>
    <org.lamsfoundation.lams.learningdesign.dto.TransitionDTO>
      <transitionID>61</transitionID>
      <transitionUIID>16</transitionUIID>
      <toUIID>7</toUIID>
      <fromUIID>6</fromUIID>
      <createDateTime class="sql-timestamp">2009-03-20 19:59:58.0</createDateTime>
      <toActivityID>97</toActivityID>
      <fromActivityID>96</fromActivityID>
      <learningDesignID>7</learningDesignID>
    </org.lamsfoundation.lams.learningdesign.dto.TransitionDTO>
    <org.lamsfoundation.lams.learningdesign.dto.TransitionDTO>
      <transitionID>62</transitionID>
      <transitionUIID>15</transitionUIID>
      <toUIID>6</toUIID>
      <fromUIID>5</fromUIID>
      <createDateTime class="sql-timestamp">2009-03-20 19:59:58.0</createDateTime>
      <toActivityID>96</toActivityID>
      <fromActivityID>95</fromActivityID>
      <learningDesignID>7</learningDesignID>
    </org.lamsfoundation.lams.learningdesign.dto.TransitionDTO>
    <org.lamsfoundation.lams.learningdesign.dto.TransitionDTO>
      <transitionID>59</transitionID>
      <transitionUIID>17</transitionUIID>
      <toUIID>8</toUIID>
      <fromUIID>7</fromUIID>
      <createDateTime class="sql-timestamp">2009-03-20 19:59:58.0</createDateTime>
      <toActivityID>98</toActivityID>
      <fromActivityID>97</fromActivityID>
      <learningDesignID>7</learningDesignID>
    </org.lamsfoundation.lams.learningdesign.dto.TransitionDTO>
    <org.lamsfoundation.lams.learningdesign.dto.TransitionDTO>
      <transitionID>60</transitionID>
      <transitionUIID>19</transitionUIID>
      <toUIID>10</toUIID>
      <fromUIID>9</fromUIID>
      <createDateTime class="sql-timestamp">2009-03-20 19:59:58.0</createDateTime>
      <toActivityID>100</toActivityID>
      <fromActivityID>99</fromActivityID>
      <learningDesignID>7</learningDesignID>
    </org.lamsfoundation.lams.learningdesign.dto.TransitionDTO>
    <org.lamsfoundation.lams.learningdesign.dto.TransitionDTO>
      <transitionID>84</transitionID>
      <transitionUIID>57</transitionUIID>
      <toUIID>56</toUIID>
      <fromUIID>31</fromUIID>
      <createDateTime class="sql-timestamp">2009-03-20 19:59:58.0</createDateTime>
      <toActivityID>118</toActivityID>
      <fromActivityID>112</fromActivityID>
      <learningDesignID>7</learningDesignID>
    </org.lamsfoundation.lams.learningdesign.dto.TransitionDTO>
    <org.lamsfoundation.lams.learningdesign.dto.TransitionDTO>
      <transitionID>83</transitionID>
      <transitionUIID>55</transitionUIID>
      <toUIID>22</toUIID>
      <fromUIID>21</fromUIID>
      <createDateTime class="sql-timestamp">2009-03-20 19:59:58.0</createDateTime>
      <toActivityID>103</toActivityID>
      <fromActivityID>102</fromActivityID>
      <learningDesignID>7</learningDesignID>
    </org.lamsfoundation.lams.learningdesign.dto.TransitionDTO>
    <org.lamsfoundation.lams.learningdesign.dto.TransitionDTO>
      <transitionID>86</transitionID>
      <transitionUIID>61</transitionUIID>
      <toUIID>59</toUIID>
      <fromUIID>37</fromUIID>
      <createDateTime class="sql-timestamp">2009-03-20 19:59:58.0</createDateTime>
      <toActivityID>119</toActivityID>
      <fromActivityID>117</fromActivityID>
      <learningDesignID>7</learningDesignID>
    </org.lamsfoundation.lams.learningdesign.dto.TransitionDTO>
    <org.lamsfoundation.lams.learningdesign.dto.TransitionDTO>
      <transitionID>85</transitionID>
      <transitionUIID>58</transitionUIID>
      <toUIID>33</toUIID>
      <fromUIID>56</fromUIID>
      <createDateTime class="sql-timestamp">2009-03-20 19:59:58.0</createDateTime>
      <toActivityID>113</toActivityID>
      <fromActivityID>118</fromActivityID>
      <learningDesignID>7</learningDesignID>
    </org.lamsfoundation.lams.learningdesign.dto.TransitionDTO>
    <org.lamsfoundation.lams.learningdesign.dto.TransitionDTO>
      <transitionID>87</transitionID>
      <transitionUIID>62</transitionUIID>
      <toUIID>60</toUIID>
      <fromUIID>59</fromUIID>
      <createDateTime class="sql-timestamp">2009-03-20 19:59:58.0</createDateTime>
      <toActivityID>120</toActivityID>
      <fromActivityID>119</fromActivityID>
      <learningDesignID>7</learningDesignID>
    </org.lamsfoundation.lams.learningdesign.dto.TransitionDTO>
    <org.lamsfoundation.lams.learningdesign.dto.TransitionDTO>
      <transitionID>76</transitionID>
      <transitionUIID>46</transitionUIID>
      <toUIID>26</toUIID>
      <fromUIID>25</fromUIID>
      <createDateTime class="sql-timestamp">2009-03-20 19:59:58.0</createDateTime>
      <toActivityID>107</toActivityID>
      <fromActivityID>106</fromActivityID>
      <learningDesignID>7</learningDesignID>
    </org.lamsfoundation.lams.learningdesign.dto.TransitionDTO>
    <org.lamsfoundation.lams.learningdesign.dto.TransitionDTO>
      <transitionID>75</transitionID>
      <transitionUIID>45</transitionUIID>
      <toUIID>29</toUIID>
      <fromUIID>28</fromUIID>
      <createDateTime class="sql-timestamp">2009-03-20 19:59:58.0</createDateTime>
      <toActivityID>110</toActivityID>
      <fromActivityID>109</fromActivityID>
      <learningDesignID>7</learningDesignID>
    </org.lamsfoundation.lams.learningdesign.dto.TransitionDTO>
    <org.lamsfoundation.lams.learningdesign.dto.TransitionDTO>
      <transitionID>78</transitionID>
      <transitionUIID>48</transitionUIID>
      <toUIID>31</toUIID>
      <fromUIID>30</fromUIID>
      <createDateTime class="sql-timestamp">2009-03-20 19:59:58.0</createDateTime>
      <toActivityID>112</toActivityID>
      <fromActivityID>111</fromActivityID>
      <learningDesignID>7</learningDesignID>
    </org.lamsfoundation.lams.learningdesign.dto.TransitionDTO>
    <org.lamsfoundation.lams.learningdesign.dto.TransitionDTO>
      <transitionID>77</transitionID>
      <transitionUIID>47</transitionUIID>
      <toUIID>30</toUIID>
      <fromUIID>29</fromUIID>
      <createDateTime class="sql-timestamp">2009-03-20 19:59:58.0</createDateTime>
      <toActivityID>111</toActivityID>
      <fromActivityID>110</fromActivityID>
      <learningDesignID>7</learningDesignID>
    </org.lamsfoundation.lams.learningdesign.dto.TransitionDTO>
    <org.lamsfoundation.lams.learningdesign.dto.TransitionDTO>
      <transitionID>80</transitionID>
      <transitionUIID>52</transitionUIID>
      <toUIID>35</toUIID>
      <fromUIID>34</fromUIID>
      <createDateTime class="sql-timestamp">2009-03-20 19:59:58.0</createDateTime>
      <toActivityID>115</toActivityID>
      <fromActivityID>114</fromActivityID>
      <learningDesignID>7</learningDesignID>
    </org.lamsfoundation.lams.learningdesign.dto.TransitionDTO>
    <org.lamsfoundation.lams.learningdesign.dto.TransitionDTO>
      <transitionID>79</transitionID>
      <transitionUIID>51</transitionUIID>
      <toUIID>34</toUIID>
      <fromUIID>33</fromUIID>
      <createDateTime class="sql-timestamp">2009-03-20 19:59:58.0</createDateTime>
      <toActivityID>114</toActivityID>
      <fromActivityID>113</fromActivityID>
      <learningDesignID>7</learningDesignID>
    </org.lamsfoundation.lams.learningdesign.dto.TransitionDTO>
    <org.lamsfoundation.lams.learningdesign.dto.TransitionDTO>
      <transitionID>82</transitionID>
      <transitionUIID>54</transitionUIID>
      <toUIID>37</toUIID>
      <fromUIID>36</fromUIID>
      <createDateTime class="sql-timestamp">2009-03-20 19:59:58.0</createDateTime>
      <toActivityID>117</toActivityID>
      <fromActivityID>116</fromActivityID>
      <learningDesignID>7</learningDesignID>
    </org.lamsfoundation.lams.learningdesign.dto.TransitionDTO>
    <org.lamsfoundation.lams.learningdesign.dto.TransitionDTO>
      <transitionID>81</transitionID>
      <transitionUIID>53</transitionUIID>
      <toUIID>36</toUIID>
      <fromUIID>35</fromUIID>
      <createDateTime class="sql-timestamp">2009-03-20 19:59:58.0</createDateTime>
      <toActivityID>116</toActivityID>
      <fromActivityID>115</fromActivityID>
      <learningDesignID>7</learningDesignID>
    </org.lamsfoundation.lams.learningdesign.dto.TransitionDTO>
  </transitions>
  <branchMappings/>
  <competences/>
</org.lamsfoundation.lams.learningdesign.dto.LearningDesignDTO>