<org.lamsfoundation.lams.tool.noticeboard.NoticeboardContent>
  <nbContentId>3</nbContentId>
  <title>Welcome</title>
  <content>Welcome to these activities</content>
  <onlineInstructions>Enter the online instructions here</onlineInstructions>
  <offlineInstructions>Enter the offline instructions here</offlineInstructions>
  <defineLater>false</defineLater>
  <forceOffline>false</forceOffline>
  <contentInUse>false</contentInUse>
  <dateCreated class="sql-timestamp">2006-08-01 10:56:09.0</dateCreated>
  <nbAttachments/>
</org.lamsfoundation.lams.tool.noticeboard.NoticeboardContent>