<org.lamsfoundation.lams.learningdesign.dto.LearningDesignDTO>
  <learningDesignID>1</learningDesignID>
  <title>fei_sequence</title>
  <firstActivityID>15</firstActivityID>
  <firstActivityUIID>4</firstActivityUIID>
  <maxID>26</maxID>
  <validDesign>true</validDesign>
  <readOnly>false</readOnly>
  <userID>5</userID>
  <copyTypeID>1</copyTypeID>
  <createDateTime class="sql-timestamp">2006-08-01 11:24:59.0</createDateTime>
  <version>1.1_beta</version>
  <workspaceFolderID>5</workspaceFolderID>
  <lastModifiedDateTime class="sql-timestamp">2006-08-01 11:25:00.0</lastModifiedDateTime>
  <groupings>
    <org.lamsfoundation.lams.learningdesign.dto.GroupingDTO>
      <groupingID>1</groupingID>
      <groupingUIID>3</groupingUIID>
      <groupingTypeID>1</groupingTypeID>
      <groups/>
    </org.lamsfoundation.lams.learningdesign.dto.GroupingDTO>
    <org.lamsfoundation.lams.learningdesign.dto.GroupingDTO>
      <groupingID>2</groupingID>
      <groupingUIID>14</groupingUIID>
      <groupingTypeID>1</groupingTypeID>
      <groups/>
    </org.lamsfoundation.lams.learningdesign.dto.GroupingDTO>
  </groupings>
  <activities>
    <org.lamsfoundation.lams.learningdesign.dto.AuthoringActivityDTO>
      <activityID>13</activityID>
      <activityUIID>1</activityUIID>
      <description>Notebook Tool</description>
      <activityTitle>Notebook</activityTitle>
      <helpText>Syncronous notebook tool</helpText>
      <xCoord>108</xCoord>
      <yCoord>152</yCoord>
      <activityTypeID>1</activityTypeID>
      <defineLater>false</defineLater>
      <learningDesignID>1</learningDesignID>
      <learningLibraryID>9</learningLibraryID>
      <createDateTime class="sql-timestamp">2006-08-01 10:57:10.0</createDateTime>
      <runOffline>false</runOffline>
      <toolSignature>lantbk11</toolSignature>
      <toolID>9</toolID>
      <toolContentID>9</toolContentID>
      <toolDisplayName>Notebook</toolDisplayName>
      <authoringURL>tool/lantbk11/authoring.do</authoringURL>
      <monitoringURL>tool/lantbk11/monitoring.do</monitoringURL>
      <contributeURL>tool/lantbk11/contribute.do</contributeURL>
      <moderationURL>tool/lantbk11/moderate.do</moderationURL>
      <activityCategoryID>4</activityCategoryID>
      <applyGrouping>false</applyGrouping>
      <groupingSupportType>2</groupingSupportType>
      <libraryActivityUIImage>tool/lantbk11/images/icon_notebook.swf</libraryActivityUIImage>
    </org.lamsfoundation.lams.learningdesign.dto.AuthoringActivityDTO>
    <org.lamsfoundation.lams.learningdesign.dto.AuthoringActivityDTO>
      <activityID>14</activityID>
      <activityUIID>2</activityUIID>
      <description>Tool for displaying HTML content including external sources such as images and other media.</description>
      <activityTitle>Noticeboard</activityTitle>
      <helpText>Displays formatted text and links to external sources on a read only page.</helpText>
      <xCoord>329</xCoord>
      <yCoord>40</yCoord>
      <activityTypeID>1</activityTypeID>
      <defineLater>false</defineLater>
      <learningDesignID>1</learningDesignID>
      <learningLibraryID>3</learningLibraryID>
      <createDateTime class="sql-timestamp">2006-08-01 10:56:10.0</createDateTime>
      <runOffline>false</runOffline>
      <toolSignature>lanb11</toolSignature>
      <toolID>3</toolID>
      <toolContentID>3</toolContentID>
      <toolDisplayName>NoticeboardX</toolDisplayName>
      <authoringURL>tool/lanb11/authoring.do</authoringURL>
      <monitoringURL>tool/lanb11/monitoring.do</monitoringURL>
      <activityCategoryID>4</activityCategoryID>
      <applyGrouping>false</applyGrouping>
      <groupingSupportType>2</groupingSupportType>
      <libraryActivityUIImage>tool/lanb11/images/icon_htmlnb.swf</libraryActivityUIImage>
    </org.lamsfoundation.lams.learningdesign.dto.AuthoringActivityDTO>
    <org.lamsfoundation.lams.learningdesign.dto.AuthoringActivityDTO>
      <activityID>15</activityID>
      <activityUIID>4</activityUIID>
      <activityTitle>Grouping</activityTitle>
      <xCoord>108</xCoord>
      <yCoord>40</yCoord>
      <activityTypeID>2</activityTypeID>
      <defineLater>false</defineLater>
      <learningDesignID>1</learningDesignID>
      <createDateTime class="sql-timestamp">2006-08-01 11:21:27.0</createDateTime>
      <runOffline>false</runOffline>
      <activityCategoryID>1</activityCategoryID>
      <applyGrouping>false</applyGrouping>
      <groupingSupportType>2</groupingSupportType>
      <createGroupingID>1</createGroupingID>
      <createGroupingUIID>3</createGroupingUIID>
    </org.lamsfoundation.lams.learningdesign.dto.AuthoringActivityDTO>
    <org.lamsfoundation.lams.learningdesign.dto.AuthoringActivityDTO>
      <activityID>16</activityID>
      <activityUIID>5</activityUIID>
      <description>Creates automated assessment questions. e.g. Multiple choice and true/false questions. Can provide feedback and scores.</description>
      <activityTitle>Multiple Choice</activityTitle>
      <helpText>Learner answers a series of automated assessment questions. e.g. Multiple choice and true/false questions. Optional features include feedback on each question and scoring. Questions are weighted for scoring.</helpText>
      <xCoord>341</xCoord>
      <yCoord>152</yCoord>
      <activityTypeID>1</activityTypeID>
      <defineLater>false</defineLater>
      <learningDesignID>1</learningDesignID>
      <learningLibraryID>2</learningLibraryID>
      <createDateTime class="sql-timestamp">2006-08-01 10:55:10.0</createDateTime>
      <runOffline>false</runOffline>
      <toolSignature>lamc11</toolSignature>
      <toolID>2</toolID>
      <toolContentID>2</toolContentID>
      <toolDisplayName>MCQ</toolDisplayName>
      <authoringURL>tool/lamc11/authoringStarter.do</authoringURL>
      <monitoringURL>tool/lamc11/monitoringStarter.do</monitoringURL>
      <contributeURL>tool/lamc11/monitoringStarter.do</contributeURL>
      <moderationURL>tool/lamc11/monitoringStarter.do</moderationURL>
      <activityCategoryID>4</activityCategoryID>
      <applyGrouping>false</applyGrouping>
      <groupingSupportType>2</groupingSupportType>
      <libraryActivityUIImage>tool/lamc11/images/icon_mcq.swf</libraryActivityUIImage>
    </org.lamsfoundation.lams.learningdesign.dto.AuthoringActivityDTO>
    <org.lamsfoundation.lams.learningdesign.dto.AuthoringActivityDTO>
      <activityID>17</activityID>
      <activityUIID>6</activityUIID>
      <description>Notebook Tool</description>
      <activityTitle>Notebook</activityTitle>
      <helpText>Syncronous notebook tool</helpText>
      <xCoord>111</xCoord>
      <yCoord>271</yCoord>
      <activityTypeID>1</activityTypeID>
      <defineLater>false</defineLater>
      <learningDesignID>1</learningDesignID>
      <learningLibraryID>9</learningLibraryID>
      <createDateTime class="sql-timestamp">2006-08-01 10:57:10.0</createDateTime>
      <runOffline>false</runOffline>
      <toolSignature>lantbk11</toolSignature>
      <toolID>9</toolID>
      <toolContentID>9</toolContentID>
      <toolDisplayName>Notebook</toolDisplayName>
      <authoringURL>tool/lantbk11/authoring.do</authoringURL>
      <monitoringURL>tool/lantbk11/monitoring.do</monitoringURL>
      <contributeURL>tool/lantbk11/contribute.do</contributeURL>
      <moderationURL>tool/lantbk11/moderate.do</moderationURL>
      <activityCategoryID>4</activityCategoryID>
      <applyGrouping>false</applyGrouping>
      <groupingSupportType>2</groupingSupportType>
      <libraryActivityUIImage>tool/lantbk11/images/icon_notebook.swf</libraryActivityUIImage>
    </org.lamsfoundation.lams.learningdesign.dto.AuthoringActivityDTO>
    <org.lamsfoundation.lams.learningdesign.dto.AuthoringActivityDTO>
      <activityID>18</activityID>
      <activityUIID>7</activityUIID>
      <description>Tool for displaying HTML content including external sources such as images and other media.</description>
      <activityTitle>Noticeboard</activityTitle>
      <helpText>Displays formatted text and links to external sources on a read only page.</helpText>
      <xCoord>337</xCoord>
      <yCoord>273</yCoord>
      <activityTypeID>1</activityTypeID>
      <defineLater>false</defineLater>
      <learningDesignID>1</learningDesignID>
      <learningLibraryID>3</learningLibraryID>
      <createDateTime class="sql-timestamp">2006-08-01 10:56:10.0</createDateTime>
      <runOffline>false</runOffline>
      <toolSignature>lanb11</toolSignature>
      <toolID>3</toolID>
      <toolContentID>3</toolContentID>
      <toolDisplayName>NoticeboardX</toolDisplayName>
      <authoringURL>tool/lanb11/authoring.do</authoringURL>
      <monitoringURL>tool/lanb11/monitoring.do</monitoringURL>
      <activityCategoryID>4</activityCategoryID>
      <applyGrouping>false</applyGrouping>
      <groupingSupportType>2</groupingSupportType>
      <libraryActivityUIImage>tool/lanb11/images/icon_htmlnb.swf</libraryActivityUIImage>
    </org.lamsfoundation.lams.learningdesign.dto.AuthoringActivityDTO>
    <org.lamsfoundation.lams.learningdesign.dto.AuthoringActivityDTO>
      <activityID>19</activityID>
      <activityUIID>8</activityUIID>
      <description>Notebook Tool</description>
      <activityTitle>Notebook</activityTitle>
      <helpText>Syncronous notebook tool</helpText>
      <xCoord>559</xCoord>
      <yCoord>41</yCoord>
      <activityTypeID>1</activityTypeID>
      <defineLater>false</defineLater>
      <learningDesignID>1</learningDesignID>
      <learningLibraryID>9</learningLibraryID>
      <createDateTime class="sql-timestamp">2006-08-01 10:57:10.0</createDateTime>
      <runOffline>false</runOffline>
      <toolSignature>lantbk11</toolSignature>
      <toolID>9</toolID>
      <toolContentID>9</toolContentID>
      <toolDisplayName>Notebook</toolDisplayName>
      <authoringURL>tool/lantbk11/authoring.do</authoringURL>
      <monitoringURL>tool/lantbk11/monitoring.do</monitoringURL>
      <contributeURL>tool/lantbk11/contribute.do</contributeURL>
      <moderationURL>tool/lantbk11/moderate.do</moderationURL>
      <activityCategoryID>4</activityCategoryID>
      <applyGrouping>false</applyGrouping>
      <groupingSupportType>2</groupingSupportType>
      <libraryActivityUIImage>tool/lantbk11/images/icon_notebook.swf</libraryActivityUIImage>
    </org.lamsfoundation.lams.learningdesign.dto.AuthoringActivityDTO>
    <org.lamsfoundation.lams.learningdesign.dto.AuthoringActivityDTO>
      <activityID>20</activityID>
      <activityUIID>10</activityUIID>
      <description>Creates automated assessment questions. e.g. Multiple choice and true/false questions. Can provide feedback and scores.</description>
      <activityTitle>Multiple Choice</activityTitle>
      <helpText>Learner answers a series of automated assessment questions. e.g. Multiple choice and true/false questions. Optional features include feedback on each question and scoring. Questions are weighted for scoring.</helpText>
      <xCoord>566</xCoord>
      <yCoord>279</yCoord>
      <activityTypeID>1</activityTypeID>
      <defineLater>false</defineLater>
      <learningDesignID>1</learningDesignID>
      <learningLibraryID>2</learningLibraryID>
      <createDateTime class="sql-timestamp">2006-08-01 10:55:10.0</createDateTime>
      <runOffline>false</runOffline>
      <toolSignature>lamc11</toolSignature>
      <toolID>2</toolID>
      <toolContentID>2</toolContentID>
      <toolDisplayName>MCQ</toolDisplayName>
      <authoringURL>tool/lamc11/authoringStarter.do</authoringURL>
      <monitoringURL>tool/lamc11/monitoringStarter.do</monitoringURL>
      <contributeURL>tool/lamc11/monitoringStarter.do</contributeURL>
      <moderationURL>tool/lamc11/monitoringStarter.do</moderationURL>
      <activityCategoryID>4</activityCategoryID>
      <applyGrouping>false</applyGrouping>
      <groupingSupportType>2</groupingSupportType>
      <libraryActivityUIImage>tool/lamc11/images/icon_mcq.swf</libraryActivityUIImage>
    </org.lamsfoundation.lams.learningdesign.dto.AuthoringActivityDTO>
    <org.lamsfoundation.lams.learningdesign.dto.AuthoringActivityDTO>
      <activityID>21</activityID>
      <activityUIID>11</activityUIID>
      <description>Tool for displaying HTML content including external sources such as images and other media.</description>
      <activityTitle>Noticeboard</activityTitle>
      <helpText>Displays formatted text and links to external sources on a read only page.</helpText>
      <xCoord>578</xCoord>
      <yCoord>406</yCoord>
      <activityTypeID>1</activityTypeID>
      <defineLater>false</defineLater>
      <learningDesignID>1</learningDesignID>
      <learningLibraryID>3</learningLibraryID>
      <createDateTime class="sql-timestamp">2006-08-01 10:56:10.0</createDateTime>
      <runOffline>false</runOffline>
      <toolSignature>lanb11</toolSignature>
      <toolID>3</toolID>
      <toolContentID>3</toolContentID>
      <toolDisplayName>NoticeboardX</toolDisplayName>
      <authoringURL>tool/lanb11/authoring.do</authoringURL>
      <monitoringURL>tool/lanb11/monitoring.do</monitoringURL>
      <activityCategoryID>4</activityCategoryID>
      <applyGrouping>false</applyGrouping>
      <groupingSupportType>2</groupingSupportType>
      <libraryActivityUIImage>tool/lanb11/images/icon_htmlnb.swf</libraryActivityUIImage>
    </org.lamsfoundation.lams.learningdesign.dto.AuthoringActivityDTO>
    <org.lamsfoundation.lams.learningdesign.dto.AuthoringActivityDTO>
      <activityID>22</activityID>
      <activityUIID>12</activityUIID>
      <description>Notebook Tool</description>
      <activityTitle>Notebook</activityTitle>
      <helpText>Syncronous notebook tool</helpText>
      <xCoord>339</xCoord>
      <yCoord>404</yCoord>
      <activityTypeID>1</activityTypeID>
      <defineLater>false</defineLater>
      <learningDesignID>1</learningDesignID>
      <learningLibraryID>9</learningLibraryID>
      <createDateTime class="sql-timestamp">2006-08-01 10:57:10.0</createDateTime>
      <runOffline>false</runOffline>
      <toolSignature>lantbk11</toolSignature>
      <toolID>9</toolID>
      <toolContentID>9</toolContentID>
      <toolDisplayName>Notebook</toolDisplayName>
      <authoringURL>tool/lantbk11/authoring.do</authoringURL>
      <monitoringURL>tool/lantbk11/monitoring.do</monitoringURL>
      <contributeURL>tool/lantbk11/contribute.do</contributeURL>
      <moderationURL>tool/lantbk11/moderate.do</moderationURL>
      <activityCategoryID>4</activityCategoryID>
      <applyGrouping>false</applyGrouping>
      <groupingSupportType>2</groupingSupportType>
      <libraryActivityUIImage>tool/lantbk11/images/icon_notebook.swf</libraryActivityUIImage>
    </org.lamsfoundation.lams.learningdesign.dto.AuthoringActivityDTO>
    <org.lamsfoundation.lams.learningdesign.dto.AuthoringActivityDTO>
      <activityID>23</activityID>
      <activityUIID>13</activityUIID>
      <description>Creates automated assessment questions. e.g. Multiple choice and true/false questions. Can provide feedback and scores.</description>
      <activityTitle>Multiple Choice</activityTitle>
      <helpText>Learner answers a series of automated assessment questions. e.g. Multiple choice and true/false questions. Optional features include feedback on each question and scoring. Questions are weighted for scoring.</helpText>
      <xCoord>110</xCoord>
      <yCoord>404</yCoord>
      <activityTypeID>1</activityTypeID>
      <defineLater>false</defineLater>
      <learningDesignID>1</learningDesignID>
      <learningLibraryID>2</learningLibraryID>
      <createDateTime class="sql-timestamp">2006-08-01 10:55:10.0</createDateTime>
      <runOffline>false</runOffline>
      <toolSignature>lamc11</toolSignature>
      <toolID>2</toolID>
      <toolContentID>2</toolContentID>
      <toolDisplayName>MCQ</toolDisplayName>
      <authoringURL>tool/lamc11/authoringStarter.do</authoringURL>
      <monitoringURL>tool/lamc11/monitoringStarter.do</monitoringURL>
      <contributeURL>tool/lamc11/monitoringStarter.do</contributeURL>
      <moderationURL>tool/lamc11/monitoringStarter.do</moderationURL>
      <activityCategoryID>4</activityCategoryID>
      <applyGrouping>false</applyGrouping>
      <groupingSupportType>2</groupingSupportType>
      <libraryActivityUIImage>tool/lamc11/images/icon_mcq.swf</libraryActivityUIImage>
    </org.lamsfoundation.lams.learningdesign.dto.AuthoringActivityDTO>
    <org.lamsfoundation.lams.learningdesign.dto.AuthoringActivityDTO>
      <activityID>24</activityID>
      <activityUIID>15</activityUIID>
      <activityTitle>Grouping</activityTitle>
      <xCoord>563</xCoord>
      <yCoord>150</yCoord>
      <activityTypeID>2</activityTypeID>
      <defineLater>false</defineLater>
      <learningDesignID>1</learningDesignID>
      <createDateTime class="sql-timestamp">2006-08-01 11:22:45.0</createDateTime>
      <runOffline>false</runOffline>
      <activityCategoryID>1</activityCategoryID>
      <applyGrouping>false</applyGrouping>
      <groupingSupportType>2</groupingSupportType>
      <createGroupingID>2</createGroupingID>
      <createGroupingUIID>14</createGroupingUIID>
    </org.lamsfoundation.lams.learningdesign.dto.AuthoringActivityDTO>
  </activities>
  <transitions>
    <org.lamsfoundation.lams.learningdesign.dto.TransitionDTO>
      <transitionID>10</transitionID>
      <transitionUIID>25</transitionUIID>
      <toUIID>12</toUIID>
      <fromUIID>11</fromUIID>
      <createDateTime class="sql-timestamp">1970-01-01 11:00:00.0</createDateTime>
      <toActivityID>22</toActivityID>
      <fromActivityID>21</fromActivityID>
      <learningDesignID>1</learningDesignID>
    </org.lamsfoundation.lams.learningdesign.dto.TransitionDTO>
    <org.lamsfoundation.lams.learningdesign.dto.TransitionDTO>
      <transitionID>4</transitionID>
      <transitionUIID>19</transitionUIID>
      <toUIID>5</toUIID>
      <fromUIID>15</fromUIID>
      <createDateTime class="sql-timestamp">1970-01-01 11:00:00.0</createDateTime>
      <toActivityID>16</toActivityID>
      <fromActivityID>24</fromActivityID>
      <learningDesignID>1</learningDesignID>
    </org.lamsfoundation.lams.learningdesign.dto.TransitionDTO>
    <org.lamsfoundation.lams.learningdesign.dto.TransitionDTO>
      <transitionID>6</transitionID>
      <transitionUIID>21</transitionUIID>
      <toUIID>6</toUIID>
      <fromUIID>1</fromUIID>
      <createDateTime class="sql-timestamp">1970-01-01 11:00:00.0</createDateTime>
      <toActivityID>17</toActivityID>
      <fromActivityID>13</fromActivityID>
      <learningDesignID>1</learningDesignID>
    </org.lamsfoundation.lams.learningdesign.dto.TransitionDTO>
    <org.lamsfoundation.lams.learningdesign.dto.TransitionDTO>
      <transitionID>8</transitionID>
      <transitionUIID>23</transitionUIID>
      <toUIID>10</toUIID>
      <fromUIID>7</fromUIID>
      <createDateTime class="sql-timestamp">1970-01-01 11:00:00.0</createDateTime>
      <toActivityID>20</toActivityID>
      <fromActivityID>18</fromActivityID>
      <learningDesignID>1</learningDesignID>
    </org.lamsfoundation.lams.learningdesign.dto.TransitionDTO>
    <org.lamsfoundation.lams.learningdesign.dto.TransitionDTO>
      <transitionID>3</transitionID>
      <transitionUIID>18</transitionUIID>
      <toUIID>15</toUIID>
      <fromUIID>8</fromUIID>
      <createDateTime class="sql-timestamp">1970-01-01 11:00:00.0</createDateTime>
      <toActivityID>24</toActivityID>
      <fromActivityID>19</fromActivityID>
      <learningDesignID>1</learningDesignID>
    </org.lamsfoundation.lams.learningdesign.dto.TransitionDTO>
    <org.lamsfoundation.lams.learningdesign.dto.TransitionDTO>
      <transitionID>1</transitionID>
      <transitionUIID>16</transitionUIID>
      <toUIID>2</toUIID>
      <fromUIID>4</fromUIID>
      <createDateTime class="sql-timestamp">1970-01-01 11:00:00.0</createDateTime>
      <toActivityID>14</toActivityID>
      <fromActivityID>15</fromActivityID>
      <learningDesignID>1</learningDesignID>
    </org.lamsfoundation.lams.learningdesign.dto.TransitionDTO>
    <org.lamsfoundation.lams.learningdesign.dto.TransitionDTO>
      <transitionID>5</transitionID>
      <transitionUIID>20</transitionUIID>
      <toUIID>1</toUIID>
      <fromUIID>5</fromUIID>
      <createDateTime class="sql-timestamp">1970-01-01 11:00:00.0</createDateTime>
      <toActivityID>13</toActivityID>
      <fromActivityID>16</fromActivityID>
      <learningDesignID>1</learningDesignID>
    </org.lamsfoundation.lams.learningdesign.dto.TransitionDTO>
    <org.lamsfoundation.lams.learningdesign.dto.TransitionDTO>
      <transitionID>11</transitionID>
      <transitionUIID>26</transitionUIID>
      <toUIID>13</toUIID>
      <fromUIID>12</fromUIID>
      <createDateTime class="sql-timestamp">1970-01-01 11:00:00.0</createDateTime>
      <toActivityID>23</toActivityID>
      <fromActivityID>22</fromActivityID>
      <learningDesignID>1</learningDesignID>
    </org.lamsfoundation.lams.learningdesign.dto.TransitionDTO>
    <org.lamsfoundation.lams.learningdesign.dto.TransitionDTO>
      <transitionID>9</transitionID>
      <transitionUIID>24</transitionUIID>
      <toUIID>11</toUIID>
      <fromUIID>10</fromUIID>
      <createDateTime class="sql-timestamp">1970-01-01 11:00:00.0</createDateTime>
      <toActivityID>21</toActivityID>
      <fromActivityID>20</fromActivityID>
      <learningDesignID>1</learningDesignID>
    </org.lamsfoundation.lams.learningdesign.dto.TransitionDTO>
    <org.lamsfoundation.lams.learningdesign.dto.TransitionDTO>
      <transitionID>7</transitionID>
      <transitionUIID>22</transitionUIID>
      <toUIID>7</toUIID>
      <fromUIID>6</fromUIID>
      <createDateTime class="sql-timestamp">1970-01-01 11:00:00.0</createDateTime>
      <toActivityID>18</toActivityID>
      <fromActivityID>17</fromActivityID>
      <learningDesignID>1</learningDesignID>
    </org.lamsfoundation.lams.learningdesign.dto.TransitionDTO>
    <org.lamsfoundation.lams.learningdesign.dto.TransitionDTO>
      <transitionID>2</transitionID>
      <transitionUIID>17</transitionUIID>
      <toUIID>8</toUIID>
      <fromUIID>2</fromUIID>
      <createDateTime class="sql-timestamp">1970-01-01 11:00:00.0</createDateTime>
      <toActivityID>19</toActivityID>
      <fromActivityID>14</fromActivityID>
      <learningDesignID>1</learningDesignID>
    </org.lamsfoundation.lams.learningdesign.dto.TransitionDTO>
  </transitions>
</org.lamsfoundation.lams.learningdesign.dto.LearningDesignDTO>