<org.lamsfoundation.lams.learningdesign.dto.LearningDesignDTO>
  <learningDesignID>13</learningDesignID>
  <title>20nbs</title>
  <firstActivityID>91</firstActivityID>
  <firstActivityUIID>1</firstActivityUIID>
  <maxID>42</maxID>
  <validDesign>true</validDesign>
  <readOnly>false</readOnly>
  <userID>5</userID>
  <copyTypeID>1</copyTypeID>
  <createDateTime class="sql-timestamp">2006-07-29 23:22:37.0</createDateTime>
  <version>1.1_beta</version>
  <workspaceFolderID>5</workspaceFolderID>
  <lastModifiedDateTime class="sql-timestamp">2006-07-29 23:23:11.0</lastModifiedDateTime>
  <groupings/>
  <activities>
    <org.lamsfoundation.lams.learningdesign.dto.AuthoringActivityDTO>
      <activityID>91</activityID>
      <activityUIID>1</activityUIID>
      <description>Tool for displaying HTML content including external sources such as images and other media.</description>
      <activityTitle>Noticeboard</activityTitle>
      <helpText>Displays formatted text and links to external sources on a read only page.</helpText>
      <xCoord>40</xCoord>
      <yCoord>64</yCoord>
      <activityTypeID>1</activityTypeID>
      <defineLater>false</defineLater>
      <learningDesignID>13</learningDesignID>
      <learningLibraryID>3</learningLibraryID>
      <createDateTime class="sql-timestamp">2006-07-29 07:08:08.0</createDateTime>
      <runOffline>false</runOffline>
      <toolSignature>lanb11</toolSignature>
      <toolID>3</toolID>
      <toolContentID>3</toolContentID>
      <toolDisplayName>NoticeboardX</toolDisplayName>
      <authoringURL>tool/lanb11/authoring.do</authoringURL>
      <monitoringURL>tool/lanb11/monitoring.do</monitoringURL>
      <activityCategoryID>4</activityCategoryID>
      <applyGrouping>false</applyGrouping>
      <groupingSupportType>2</groupingSupportType>
      <libraryActivityUIImage>tool/lanb11/images/icon_htmlnb.swf</libraryActivityUIImage>
    </org.lamsfoundation.lams.learningdesign.dto.AuthoringActivityDTO>
    <org.lamsfoundation.lams.learningdesign.dto.AuthoringActivityDTO>
      <activityID>92</activityID>
      <activityUIID>2</activityUIID>
      <description>Tool for displaying HTML content including external sources such as images and other media.</description>
      <activityTitle>Noticeboard</activityTitle>
      <helpText>Displays formatted text and links to external sources on a read only page.</helpText>
      <xCoord>203</xCoord>
      <yCoord>62</yCoord>
      <activityTypeID>1</activityTypeID>
      <defineLater>false</defineLater>
      <learningDesignID>13</learningDesignID>
      <learningLibraryID>3</learningLibraryID>
      <createDateTime class="sql-timestamp">2006-07-29 07:08:08.0</createDateTime>
      <runOffline>false</runOffline>
      <toolSignature>lanb11</toolSignature>
      <toolID>3</toolID>
      <toolContentID>3</toolContentID>
      <toolDisplayName>NoticeboardX</toolDisplayName>
      <authoringURL>tool/lanb11/authoring.do</authoringURL>
      <monitoringURL>tool/lanb11/monitoring.do</monitoringURL>
      <activityCategoryID>4</activityCategoryID>
      <applyGrouping>false</applyGrouping>
      <groupingSupportType>2</groupingSupportType>
      <libraryActivityUIImage>tool/lanb11/images/icon_htmlnb.swf</libraryActivityUIImage>
    </org.lamsfoundation.lams.learningdesign.dto.AuthoringActivityDTO>
    <org.lamsfoundation.lams.learningdesign.dto.AuthoringActivityDTO>
      <activityID>93</activityID>
      <activityUIID>3</activityUIID>
      <description>Tool for displaying HTML content including external sources such as images and other media.</description>
      <activityTitle>Noticeboard</activityTitle>
      <helpText>Displays formatted text and links to external sources on a read only page.</helpText>
      <xCoord>352</xCoord>
      <yCoord>61</yCoord>
      <activityTypeID>1</activityTypeID>
      <defineLater>false</defineLater>
      <learningDesignID>13</learningDesignID>
      <learningLibraryID>3</learningLibraryID>
      <createDateTime class="sql-timestamp">2006-07-29 07:08:08.0</createDateTime>
      <runOffline>false</runOffline>
      <toolSignature>lanb11</toolSignature>
      <toolID>3</toolID>
      <toolContentID>3</toolContentID>
      <toolDisplayName>NoticeboardX</toolDisplayName>
      <authoringURL>tool/lanb11/authoring.do</authoringURL>
      <monitoringURL>tool/lanb11/monitoring.do</monitoringURL>
      <activityCategoryID>4</activityCategoryID>
      <applyGrouping>false</applyGrouping>
      <groupingSupportType>2</groupingSupportType>
      <libraryActivityUIImage>tool/lanb11/images/icon_htmlnb.swf</libraryActivityUIImage>
    </org.lamsfoundation.lams.learningdesign.dto.AuthoringActivityDTO>
    <org.lamsfoundation.lams.learningdesign.dto.AuthoringActivityDTO>
      <activityID>94</activityID>
      <activityUIID>6</activityUIID>
      <description>Tool for displaying HTML content including external sources such as images and other media.</description>
      <activityTitle>Noticeboard</activityTitle>
      <helpText>Displays formatted text and links to external sources on a read only page.</helpText>
      <xCoord>526</xCoord>
      <yCoord>61</yCoord>
      <activityTypeID>1</activityTypeID>
      <defineLater>false</defineLater>
      <learningDesignID>13</learningDesignID>
      <learningLibraryID>3</learningLibraryID>
      <createDateTime class="sql-timestamp">2006-07-29 07:08:08.0</createDateTime>
      <runOffline>false</runOffline>
      <toolSignature>lanb11</toolSignature>
      <toolID>3</toolID>
      <toolContentID>3</toolContentID>
      <toolDisplayName>NoticeboardX</toolDisplayName>
      <authoringURL>tool/lanb11/authoring.do</authoringURL>
      <monitoringURL>tool/lanb11/monitoring.do</monitoringURL>
      <activityCategoryID>4</activityCategoryID>
      <applyGrouping>false</applyGrouping>
      <groupingSupportType>2</groupingSupportType>
      <libraryActivityUIImage>tool/lanb11/images/icon_htmlnb.swf</libraryActivityUIImage>
    </org.lamsfoundation.lams.learningdesign.dto.AuthoringActivityDTO>
    <org.lamsfoundation.lams.learningdesign.dto.AuthoringActivityDTO>
      <activityID>95</activityID>
      <activityUIID>7</activityUIID>
      <description>Tool for displaying HTML content including external sources such as images and other media.</description>
      <activityTitle>Noticeboard</activityTitle>
      <helpText>Displays formatted text and links to external sources on a read only page.</helpText>
      <xCoord>695</xCoord>
      <yCoord>61</yCoord>
      <activityTypeID>1</activityTypeID>
      <defineLater>false</defineLater>
      <learningDesignID>13</learningDesignID>
      <learningLibraryID>3</learningLibraryID>
      <createDateTime class="sql-timestamp">2006-07-29 07:08:08.0</createDateTime>
      <runOffline>false</runOffline>
      <toolSignature>lanb11</toolSignature>
      <toolID>3</toolID>
      <toolContentID>3</toolContentID>
      <toolDisplayName>NoticeboardX</toolDisplayName>
      <authoringURL>tool/lanb11/authoring.do</authoringURL>
      <monitoringURL>tool/lanb11/monitoring.do</monitoringURL>
      <activityCategoryID>4</activityCategoryID>
      <applyGrouping>false</applyGrouping>
      <groupingSupportType>2</groupingSupportType>
      <libraryActivityUIImage>tool/lanb11/images/icon_htmlnb.swf</libraryActivityUIImage>
    </org.lamsfoundation.lams.learningdesign.dto.AuthoringActivityDTO>
    <org.lamsfoundation.lams.learningdesign.dto.AuthoringActivityDTO>
      <activityID>96</activityID>
      <activityUIID>8</activityUIID>
      <description>Tool for displaying HTML content including external sources such as images and other media.</description>
      <activityTitle>Noticeboard</activityTitle>
      <helpText>Displays formatted text and links to external sources on a read only page.</helpText>
      <xCoord>698</xCoord>
      <yCoord>179</yCoord>
      <activityTypeID>1</activityTypeID>
      <defineLater>false</defineLater>
      <learningDesignID>13</learningDesignID>
      <learningLibraryID>3</learningLibraryID>
      <createDateTime class="sql-timestamp">2006-07-29 07:08:08.0</createDateTime>
      <runOffline>false</runOffline>
      <toolSignature>lanb11</toolSignature>
      <toolID>3</toolID>
      <toolContentID>3</toolContentID>
      <toolDisplayName>NoticeboardX</toolDisplayName>
      <authoringURL>tool/lanb11/authoring.do</authoringURL>
      <monitoringURL>tool/lanb11/monitoring.do</monitoringURL>
      <activityCategoryID>4</activityCategoryID>
      <applyGrouping>false</applyGrouping>
      <groupingSupportType>2</groupingSupportType>
      <libraryActivityUIImage>tool/lanb11/images/icon_htmlnb.swf</libraryActivityUIImage>
    </org.lamsfoundation.lams.learningdesign.dto.AuthoringActivityDTO>
    <org.lamsfoundation.lams.learningdesign.dto.AuthoringActivityDTO>
      <activityID>97</activityID>
      <activityUIID>9</activityUIID>
      <description>Tool for displaying HTML content including external sources such as images and other media.</description>
      <activityTitle>Noticeboard</activityTitle>
      <helpText>Displays formatted text and links to external sources on a read only page.</helpText>
      <xCoord>539</xCoord>
      <yCoord>181</yCoord>
      <activityTypeID>1</activityTypeID>
      <defineLater>false</defineLater>
      <learningDesignID>13</learningDesignID>
      <learningLibraryID>3</learningLibraryID>
      <createDateTime class="sql-timestamp">2006-07-29 07:08:08.0</createDateTime>
      <runOffline>false</runOffline>
      <toolSignature>lanb11</toolSignature>
      <toolID>3</toolID>
      <toolContentID>3</toolContentID>
      <toolDisplayName>NoticeboardX</toolDisplayName>
      <authoringURL>tool/lanb11/authoring.do</authoringURL>
      <monitoringURL>tool/lanb11/monitoring.do</monitoringURL>
      <activityCategoryID>4</activityCategoryID>
      <applyGrouping>false</applyGrouping>
      <groupingSupportType>2</groupingSupportType>
      <libraryActivityUIImage>tool/lanb11/images/icon_htmlnb.swf</libraryActivityUIImage>
    </org.lamsfoundation.lams.learningdesign.dto.AuthoringActivityDTO>
    <org.lamsfoundation.lams.learningdesign.dto.AuthoringActivityDTO>
      <activityID>98</activityID>
      <activityUIID>10</activityUIID>
      <description>Tool for displaying HTML content including external sources such as images and other media.</description>
      <activityTitle>Noticeboard</activityTitle>
      <helpText>Displays formatted text and links to external sources on a read only page.</helpText>
      <xCoord>351</xCoord>
      <yCoord>184</yCoord>
      <activityTypeID>1</activityTypeID>
      <defineLater>false</defineLater>
      <learningDesignID>13</learningDesignID>
      <learningLibraryID>3</learningLibraryID>
      <createDateTime class="sql-timestamp">2006-07-29 07:08:08.0</createDateTime>
      <runOffline>false</runOffline>
      <toolSignature>lanb11</toolSignature>
      <toolID>3</toolID>
      <toolContentID>3</toolContentID>
      <toolDisplayName>NoticeboardX</toolDisplayName>
      <authoringURL>tool/lanb11/authoring.do</authoringURL>
      <monitoringURL>tool/lanb11/monitoring.do</monitoringURL>
      <activityCategoryID>4</activityCategoryID>
      <applyGrouping>false</applyGrouping>
      <groupingSupportType>2</groupingSupportType>
      <libraryActivityUIImage>tool/lanb11/images/icon_htmlnb.swf</libraryActivityUIImage>
    </org.lamsfoundation.lams.learningdesign.dto.AuthoringActivityDTO>
    <org.lamsfoundation.lams.learningdesign.dto.AuthoringActivityDTO>
      <activityID>99</activityID>
      <activityUIID>11</activityUIID>
      <description>Tool for displaying HTML content including external sources such as images and other media.</description>
      <activityTitle>Noticeboard</activityTitle>
      <helpText>Displays formatted text and links to external sources on a read only page.</helpText>
      <xCoord>200</xCoord>
      <yCoord>186</yCoord>
      <activityTypeID>1</activityTypeID>
      <defineLater>false</defineLater>
      <learningDesignID>13</learningDesignID>
      <learningLibraryID>3</learningLibraryID>
      <createDateTime class="sql-timestamp">2006-07-29 07:08:08.0</createDateTime>
      <runOffline>false</runOffline>
      <toolSignature>lanb11</toolSignature>
      <toolID>3</toolID>
      <toolContentID>3</toolContentID>
      <toolDisplayName>NoticeboardX</toolDisplayName>
      <authoringURL>tool/lanb11/authoring.do</authoringURL>
      <monitoringURL>tool/lanb11/monitoring.do</monitoringURL>
      <activityCategoryID>4</activityCategoryID>
      <applyGrouping>false</applyGrouping>
      <groupingSupportType>2</groupingSupportType>
      <libraryActivityUIImage>tool/lanb11/images/icon_htmlnb.swf</libraryActivityUIImage>
    </org.lamsfoundation.lams.learningdesign.dto.AuthoringActivityDTO>
    <org.lamsfoundation.lams.learningdesign.dto.AuthoringActivityDTO>
      <activityID>100</activityID>
      <activityUIID>12</activityUIID>
      <description>Tool for displaying HTML content including external sources such as images and other media.</description>
      <activityTitle>Noticeboard</activityTitle>
      <helpText>Displays formatted text and links to external sources on a read only page.</helpText>
      <xCoord>41</xCoord>
      <yCoord>184</yCoord>
      <activityTypeID>1</activityTypeID>
      <defineLater>false</defineLater>
      <learningDesignID>13</learningDesignID>
      <learningLibraryID>3</learningLibraryID>
      <createDateTime class="sql-timestamp">2006-07-29 07:08:08.0</createDateTime>
      <runOffline>false</runOffline>
      <toolSignature>lanb11</toolSignature>
      <toolID>3</toolID>
      <toolContentID>3</toolContentID>
      <toolDisplayName>NoticeboardX</toolDisplayName>
      <authoringURL>tool/lanb11/authoring.do</authoringURL>
      <monitoringURL>tool/lanb11/monitoring.do</monitoringURL>
      <activityCategoryID>4</activityCategoryID>
      <applyGrouping>false</applyGrouping>
      <groupingSupportType>2</groupingSupportType>
      <libraryActivityUIImage>tool/lanb11/images/icon_htmlnb.swf</libraryActivityUIImage>
    </org.lamsfoundation.lams.learningdesign.dto.AuthoringActivityDTO>
    <org.lamsfoundation.lams.learningdesign.dto.AuthoringActivityDTO>
      <activityID>101</activityID>
      <activityUIID>13</activityUIID>
      <description>Tool for displaying HTML content including external sources such as images and other media.</description>
      <activityTitle>Noticeboard</activityTitle>
      <helpText>Displays formatted text and links to external sources on a read only page.</helpText>
      <xCoord>42</xCoord>
      <yCoord>314</yCoord>
      <activityTypeID>1</activityTypeID>
      <defineLater>false</defineLater>
      <learningDesignID>13</learningDesignID>
      <learningLibraryID>3</learningLibraryID>
      <createDateTime class="sql-timestamp">2006-07-29 07:08:08.0</createDateTime>
      <runOffline>false</runOffline>
      <toolSignature>lanb11</toolSignature>
      <toolID>3</toolID>
      <toolContentID>3</toolContentID>
      <toolDisplayName>NoticeboardX</toolDisplayName>
      <authoringURL>tool/lanb11/authoring.do</authoringURL>
      <monitoringURL>tool/lanb11/monitoring.do</monitoringURL>
      <activityCategoryID>4</activityCategoryID>
      <applyGrouping>false</applyGrouping>
      <groupingSupportType>2</groupingSupportType>
      <libraryActivityUIImage>tool/lanb11/images/icon_htmlnb.swf</libraryActivityUIImage>
    </org.lamsfoundation.lams.learningdesign.dto.AuthoringActivityDTO>
    <org.lamsfoundation.lams.learningdesign.dto.AuthoringActivityDTO>
      <activityID>102</activityID>
      <activityUIID>14</activityUIID>
      <description>Tool for displaying HTML content including external sources such as images and other media.</description>
      <activityTitle>Noticeboard</activityTitle>
      <helpText>Displays formatted text and links to external sources on a read only page.</helpText>
      <xCoord>202</xCoord>
      <yCoord>311</yCoord>
      <activityTypeID>1</activityTypeID>
      <defineLater>false</defineLater>
      <learningDesignID>13</learningDesignID>
      <learningLibraryID>3</learningLibraryID>
      <createDateTime class="sql-timestamp">2006-07-29 07:08:08.0</createDateTime>
      <runOffline>false</runOffline>
      <toolSignature>lanb11</toolSignature>
      <toolID>3</toolID>
      <toolContentID>3</toolContentID>
      <toolDisplayName>NoticeboardX</toolDisplayName>
      <authoringURL>tool/lanb11/authoring.do</authoringURL>
      <monitoringURL>tool/lanb11/monitoring.do</monitoringURL>
      <activityCategoryID>4</activityCategoryID>
      <applyGrouping>false</applyGrouping>
      <groupingSupportType>2</groupingSupportType>
      <libraryActivityUIImage>tool/lanb11/images/icon_htmlnb.swf</libraryActivityUIImage>
    </org.lamsfoundation.lams.learningdesign.dto.AuthoringActivityDTO>
    <org.lamsfoundation.lams.learningdesign.dto.AuthoringActivityDTO>
      <activityID>103</activityID>
      <activityUIID>15</activityUIID>
      <description>Tool for displaying HTML content including external sources such as images and other media.</description>
      <activityTitle>Noticeboard</activityTitle>
      <helpText>Displays formatted text and links to external sources on a read only page.</helpText>
      <xCoord>364</xCoord>
      <yCoord>308</yCoord>
      <activityTypeID>1</activityTypeID>
      <defineLater>false</defineLater>
      <learningDesignID>13</learningDesignID>
      <learningLibraryID>3</learningLibraryID>
      <createDateTime class="sql-timestamp">2006-07-29 07:08:08.0</createDateTime>
      <runOffline>false</runOffline>
      <toolSignature>lanb11</toolSignature>
      <toolID>3</toolID>
      <toolContentID>3</toolContentID>
      <toolDisplayName>NoticeboardX</toolDisplayName>
      <authoringURL>tool/lanb11/authoring.do</authoringURL>
      <monitoringURL>tool/lanb11/monitoring.do</monitoringURL>
      <activityCategoryID>4</activityCategoryID>
      <applyGrouping>false</applyGrouping>
      <groupingSupportType>2</groupingSupportType>
      <libraryActivityUIImage>tool/lanb11/images/icon_htmlnb.swf</libraryActivityUIImage>
    </org.lamsfoundation.lams.learningdesign.dto.AuthoringActivityDTO>
    <org.lamsfoundation.lams.learningdesign.dto.AuthoringActivityDTO>
      <activityID>104</activityID>
      <activityUIID>16</activityUIID>
      <description>Tool for displaying HTML content including external sources such as images and other media.</description>
      <activityTitle>Noticeboard</activityTitle>
      <helpText>Displays formatted text and links to external sources on a read only page.</helpText>
      <xCoord>541</xCoord>
      <yCoord>309</yCoord>
      <activityTypeID>1</activityTypeID>
      <defineLater>false</defineLater>
      <learningDesignID>13</learningDesignID>
      <learningLibraryID>3</learningLibraryID>
      <createDateTime class="sql-timestamp">2006-07-29 07:08:08.0</createDateTime>
      <runOffline>false</runOffline>
      <toolSignature>lanb11</toolSignature>
      <toolID>3</toolID>
      <toolContentID>3</toolContentID>
      <toolDisplayName>NoticeboardX</toolDisplayName>
      <authoringURL>tool/lanb11/authoring.do</authoringURL>
      <monitoringURL>tool/lanb11/monitoring.do</monitoringURL>
      <activityCategoryID>4</activityCategoryID>
      <applyGrouping>false</applyGrouping>
      <groupingSupportType>2</groupingSupportType>
      <libraryActivityUIImage>tool/lanb11/images/icon_htmlnb.swf</libraryActivityUIImage>
    </org.lamsfoundation.lams.learningdesign.dto.AuthoringActivityDTO>
    <org.lamsfoundation.lams.learningdesign.dto.AuthoringActivityDTO>
      <activityID>105</activityID>
      <activityUIID>17</activityUIID>
      <description>Tool for displaying HTML content including external sources such as images and other media.</description>
      <activityTitle>Noticeboard</activityTitle>
      <helpText>Displays formatted text and links to external sources on a read only page.</helpText>
      <xCoord>699</xCoord>
      <yCoord>306</yCoord>
      <activityTypeID>1</activityTypeID>
      <defineLater>false</defineLater>
      <learningDesignID>13</learningDesignID>
      <learningLibraryID>3</learningLibraryID>
      <createDateTime class="sql-timestamp">2006-07-29 07:08:08.0</createDateTime>
      <runOffline>false</runOffline>
      <toolSignature>lanb11</toolSignature>
      <toolID>3</toolID>
      <toolContentID>3</toolContentID>
      <toolDisplayName>NoticeboardX</toolDisplayName>
      <authoringURL>tool/lanb11/authoring.do</authoringURL>
      <monitoringURL>tool/lanb11/monitoring.do</monitoringURL>
      <activityCategoryID>4</activityCategoryID>
      <applyGrouping>false</applyGrouping>
      <groupingSupportType>2</groupingSupportType>
      <libraryActivityUIImage>tool/lanb11/images/icon_htmlnb.swf</libraryActivityUIImage>
    </org.lamsfoundation.lams.learningdesign.dto.AuthoringActivityDTO>
    <org.lamsfoundation.lams.learningdesign.dto.AuthoringActivityDTO>
      <activityID>106</activityID>
      <activityUIID>18</activityUIID>
      <description>Tool for displaying HTML content including external sources such as images and other media.</description>
      <activityTitle>Noticeboard</activityTitle>
      <helpText>Displays formatted text and links to external sources on a read only page.</helpText>
      <xCoord>699</xCoord>
      <yCoord>415</yCoord>
      <activityTypeID>1</activityTypeID>
      <defineLater>false</defineLater>
      <learningDesignID>13</learningDesignID>
      <learningLibraryID>3</learningLibraryID>
      <createDateTime class="sql-timestamp">2006-07-29 07:08:08.0</createDateTime>
      <runOffline>false</runOffline>
      <toolSignature>lanb11</toolSignature>
      <toolID>3</toolID>
      <toolContentID>3</toolContentID>
      <toolDisplayName>NoticeboardX</toolDisplayName>
      <authoringURL>tool/lanb11/authoring.do</authoringURL>
      <monitoringURL>tool/lanb11/monitoring.do</monitoringURL>
      <activityCategoryID>4</activityCategoryID>
      <applyGrouping>false</applyGrouping>
      <groupingSupportType>2</groupingSupportType>
      <libraryActivityUIImage>tool/lanb11/images/icon_htmlnb.swf</libraryActivityUIImage>
    </org.lamsfoundation.lams.learningdesign.dto.AuthoringActivityDTO>
    <org.lamsfoundation.lams.learningdesign.dto.AuthoringActivityDTO>
      <activityID>107</activityID>
      <activityUIID>19</activityUIID>
      <description>Tool for displaying HTML content including external sources such as images and other media.</description>
      <activityTitle>Noticeboard</activityTitle>
      <helpText>Displays formatted text and links to external sources on a read only page.</helpText>
      <xCoord>543</xCoord>
      <yCoord>414</yCoord>
      <activityTypeID>1</activityTypeID>
      <defineLater>false</defineLater>
      <learningDesignID>13</learningDesignID>
      <learningLibraryID>3</learningLibraryID>
      <createDateTime class="sql-timestamp">2006-07-29 07:08:08.0</createDateTime>
      <runOffline>false</runOffline>
      <toolSignature>lanb11</toolSignature>
      <toolID>3</toolID>
      <toolContentID>3</toolContentID>
      <toolDisplayName>NoticeboardX</toolDisplayName>
      <authoringURL>tool/lanb11/authoring.do</authoringURL>
      <monitoringURL>tool/lanb11/monitoring.do</monitoringURL>
      <activityCategoryID>4</activityCategoryID>
      <applyGrouping>false</applyGrouping>
      <groupingSupportType>2</groupingSupportType>
      <libraryActivityUIImage>tool/lanb11/images/icon_htmlnb.swf</libraryActivityUIImage>
    </org.lamsfoundation.lams.learningdesign.dto.AuthoringActivityDTO>
    <org.lamsfoundation.lams.learningdesign.dto.AuthoringActivityDTO>
      <activityID>108</activityID>
      <activityUIID>20</activityUIID>
      <description>Tool for displaying HTML content including external sources such as images and other media.</description>
      <activityTitle>Noticeboard</activityTitle>
      <helpText>Displays formatted text and links to external sources on a read only page.</helpText>
      <xCoord>358</xCoord>
      <yCoord>412</yCoord>
      <activityTypeID>1</activityTypeID>
      <defineLater>false</defineLater>
      <learningDesignID>13</learningDesignID>
      <learningLibraryID>3</learningLibraryID>
      <createDateTime class="sql-timestamp">2006-07-29 07:08:08.0</createDateTime>
      <runOffline>false</runOffline>
      <toolSignature>lanb11</toolSignature>
      <toolID>3</toolID>
      <toolContentID>3</toolContentID>
      <toolDisplayName>NoticeboardX</toolDisplayName>
      <authoringURL>tool/lanb11/authoring.do</authoringURL>
      <monitoringURL>tool/lanb11/monitoring.do</monitoringURL>
      <activityCategoryID>4</activityCategoryID>
      <applyGrouping>false</applyGrouping>
      <groupingSupportType>2</groupingSupportType>
      <libraryActivityUIImage>tool/lanb11/images/icon_htmlnb.swf</libraryActivityUIImage>
    </org.lamsfoundation.lams.learningdesign.dto.AuthoringActivityDTO>
    <org.lamsfoundation.lams.learningdesign.dto.AuthoringActivityDTO>
      <activityID>109</activityID>
      <activityUIID>21</activityUIID>
      <description>Tool for displaying HTML content including external sources such as images and other media.</description>
      <activityTitle>Noticeboard</activityTitle>
      <helpText>Displays formatted text and links to external sources on a read only page.</helpText>
      <xCoord>197</xCoord>
      <yCoord>413</yCoord>
      <activityTypeID>1</activityTypeID>
      <defineLater>false</defineLater>
      <learningDesignID>13</learningDesignID>
      <learningLibraryID>3</learningLibraryID>
      <createDateTime class="sql-timestamp">2006-07-29 07:08:08.0</createDateTime>
      <runOffline>false</runOffline>
      <toolSignature>lanb11</toolSignature>
      <toolID>3</toolID>
      <toolContentID>3</toolContentID>
      <toolDisplayName>NoticeboardX</toolDisplayName>
      <authoringURL>tool/lanb11/authoring.do</authoringURL>
      <monitoringURL>tool/lanb11/monitoring.do</monitoringURL>
      <activityCategoryID>4</activityCategoryID>
      <applyGrouping>false</applyGrouping>
      <groupingSupportType>2</groupingSupportType>
      <libraryActivityUIImage>tool/lanb11/images/icon_htmlnb.swf</libraryActivityUIImage>
    </org.lamsfoundation.lams.learningdesign.dto.AuthoringActivityDTO>
    <org.lamsfoundation.lams.learningdesign.dto.AuthoringActivityDTO>
      <activityID>110</activityID>
      <activityUIID>22</activityUIID>
      <description>Tool for displaying HTML content including external sources such as images and other media.</description>
      <activityTitle>Noticeboard</activityTitle>
      <helpText>Displays formatted text and links to external sources on a read only page.</helpText>
      <xCoord>42</xCoord>
      <yCoord>413</yCoord>
      <activityTypeID>1</activityTypeID>
      <defineLater>false</defineLater>
      <learningDesignID>13</learningDesignID>
      <learningLibraryID>3</learningLibraryID>
      <createDateTime class="sql-timestamp">2006-07-29 07:08:08.0</createDateTime>
      <runOffline>false</runOffline>
      <toolSignature>lanb11</toolSignature>
      <toolID>3</toolID>
      <toolContentID>3</toolContentID>
      <toolDisplayName>NoticeboardX</toolDisplayName>
      <authoringURL>tool/lanb11/authoring.do</authoringURL>
      <monitoringURL>tool/lanb11/monitoring.do</monitoringURL>
      <activityCategoryID>4</activityCategoryID>
      <applyGrouping>false</applyGrouping>
      <groupingSupportType>2</groupingSupportType>
      <libraryActivityUIImage>tool/lanb11/images/icon_htmlnb.swf</libraryActivityUIImage>
    </org.lamsfoundation.lams.learningdesign.dto.AuthoringActivityDTO>
  </activities>
  <transitions>
    <org.lamsfoundation.lams.learningdesign.dto.TransitionDTO>
      <transitionID>79</transitionID>
      <transitionUIID>37</transitionUIID>
      <toUIID>11</toUIID>
      <fromUIID>12</fromUIID>
      <createDateTime class="sql-timestamp">1970-01-01 11:00:00.0</createDateTime>
      <toActivityID>99</toActivityID>
      <fromActivityID>100</fromActivityID>
      <learningDesignID>13</learningDesignID>
    </org.lamsfoundation.lams.learningdesign.dto.TransitionDTO>
    <org.lamsfoundation.lams.learningdesign.dto.TransitionDTO>
      <transitionID>67</transitionID>
      <transitionUIID>24</transitionUIID>
      <toUIID>3</toUIID>
      <fromUIID>2</fromUIID>
      <createDateTime class="sql-timestamp">1970-01-01 11:00:00.0</createDateTime>
      <toActivityID>93</toActivityID>
      <fromActivityID>92</fromActivityID>
      <learningDesignID>13</learningDesignID>
    </org.lamsfoundation.lams.learningdesign.dto.TransitionDTO>
    <org.lamsfoundation.lams.learningdesign.dto.TransitionDTO>
      <transitionID>70</transitionID>
      <transitionUIID>27</transitionUIID>
      <toUIID>8</toUIID>
      <fromUIID>7</fromUIID>
      <createDateTime class="sql-timestamp">1970-01-01 11:00:00.0</createDateTime>
      <toActivityID>96</toActivityID>
      <fromActivityID>95</fromActivityID>
      <learningDesignID>13</learningDesignID>
    </org.lamsfoundation.lams.learningdesign.dto.TransitionDTO>
    <org.lamsfoundation.lams.learningdesign.dto.TransitionDTO>
      <transitionID>74</transitionID>
      <transitionUIID>32</transitionUIID>
      <toUIID>20</toUIID>
      <fromUIID>19</fromUIID>
      <createDateTime class="sql-timestamp">1970-01-01 11:00:00.0</createDateTime>
      <toActivityID>108</toActivityID>
      <fromActivityID>107</fromActivityID>
      <learningDesignID>13</learningDesignID>
    </org.lamsfoundation.lams.learningdesign.dto.TransitionDTO>
    <org.lamsfoundation.lams.learningdesign.dto.TransitionDTO>
      <transitionID>83</transitionID>
      <transitionUIID>41</transitionUIID>
      <toUIID>15</toUIID>
      <fromUIID>16</fromUIID>
      <createDateTime class="sql-timestamp">1970-01-01 11:00:00.0</createDateTime>
      <toActivityID>103</toActivityID>
      <fromActivityID>104</fromActivityID>
      <learningDesignID>13</learningDesignID>
    </org.lamsfoundation.lams.learningdesign.dto.TransitionDTO>
    <org.lamsfoundation.lams.learningdesign.dto.TransitionDTO>
      <transitionID>76</transitionID>
      <transitionUIID>34</transitionUIID>
      <toUIID>22</toUIID>
      <fromUIID>21</fromUIID>
      <createDateTime class="sql-timestamp">1970-01-01 11:00:00.0</createDateTime>
      <toActivityID>110</toActivityID>
      <fromActivityID>109</fromActivityID>
      <learningDesignID>13</learningDesignID>
    </org.lamsfoundation.lams.learningdesign.dto.TransitionDTO>
    <org.lamsfoundation.lams.learningdesign.dto.TransitionDTO>
      <transitionID>78</transitionID>
      <transitionUIID>36</transitionUIID>
      <toUIID>12</toUIID>
      <fromUIID>13</fromUIID>
      <createDateTime class="sql-timestamp">1970-01-01 11:00:00.0</createDateTime>
      <toActivityID>100</toActivityID>
      <fromActivityID>101</fromActivityID>
      <learningDesignID>13</learningDesignID>
    </org.lamsfoundation.lams.learningdesign.dto.TransitionDTO>
    <org.lamsfoundation.lams.learningdesign.dto.TransitionDTO>
      <transitionID>66</transitionID>
      <transitionUIID>23</transitionUIID>
      <toUIID>2</toUIID>
      <fromUIID>1</fromUIID>
      <createDateTime class="sql-timestamp">1970-01-01 11:00:00.0</createDateTime>
      <toActivityID>92</toActivityID>
      <fromActivityID>91</fromActivityID>
      <learningDesignID>13</learningDesignID>
    </org.lamsfoundation.lams.learningdesign.dto.TransitionDTO>
    <org.lamsfoundation.lams.learningdesign.dto.TransitionDTO>
      <transitionID>71</transitionID>
      <transitionUIID>29</transitionUIID>
      <toUIID>17</toUIID>
      <fromUIID>8</fromUIID>
      <createDateTime class="sql-timestamp">1970-01-01 11:00:00.0</createDateTime>
      <toActivityID>105</toActivityID>
      <fromActivityID>96</fromActivityID>
      <learningDesignID>13</learningDesignID>
    </org.lamsfoundation.lams.learningdesign.dto.TransitionDTO>
    <org.lamsfoundation.lams.learningdesign.dto.TransitionDTO>
      <transitionID>84</transitionID>
      <transitionUIID>42</transitionUIID>
      <toUIID>14</toUIID>
      <fromUIID>15</fromUIID>
      <createDateTime class="sql-timestamp">1970-01-01 11:00:00.0</createDateTime>
      <toActivityID>102</toActivityID>
      <fromActivityID>103</fromActivityID>
      <learningDesignID>13</learningDesignID>
    </org.lamsfoundation.lams.learningdesign.dto.TransitionDTO>
    <org.lamsfoundation.lams.learningdesign.dto.TransitionDTO>
      <transitionID>75</transitionID>
      <transitionUIID>33</transitionUIID>
      <toUIID>21</toUIID>
      <fromUIID>20</fromUIID>
      <createDateTime class="sql-timestamp">1970-01-01 11:00:00.0</createDateTime>
      <toActivityID>109</toActivityID>
      <fromActivityID>108</fromActivityID>
      <learningDesignID>13</learningDesignID>
    </org.lamsfoundation.lams.learningdesign.dto.TransitionDTO>
    <org.lamsfoundation.lams.learningdesign.dto.TransitionDTO>
      <transitionID>82</transitionID>
      <transitionUIID>40</transitionUIID>
      <toUIID>16</toUIID>
      <fromUIID>9</fromUIID>
      <createDateTime class="sql-timestamp">1970-01-01 11:00:00.0</createDateTime>
      <toActivityID>104</toActivityID>
      <fromActivityID>97</fromActivityID>
      <learningDesignID>13</learningDesignID>
    </org.lamsfoundation.lams.learningdesign.dto.TransitionDTO>
    <org.lamsfoundation.lams.learningdesign.dto.TransitionDTO>
      <transitionID>72</transitionID>
      <transitionUIID>30</transitionUIID>
      <toUIID>18</toUIID>
      <fromUIID>17</fromUIID>
      <createDateTime class="sql-timestamp">1970-01-01 11:00:00.0</createDateTime>
      <toActivityID>106</toActivityID>
      <fromActivityID>105</fromActivityID>
      <learningDesignID>13</learningDesignID>
    </org.lamsfoundation.lams.learningdesign.dto.TransitionDTO>
    <org.lamsfoundation.lams.learningdesign.dto.TransitionDTO>
      <transitionID>77</transitionID>
      <transitionUIID>35</transitionUIID>
      <toUIID>13</toUIID>
      <fromUIID>22</fromUIID>
      <createDateTime class="sql-timestamp">1970-01-01 11:00:00.0</createDateTime>
      <toActivityID>101</toActivityID>
      <fromActivityID>110</fromActivityID>
      <learningDesignID>13</learningDesignID>
    </org.lamsfoundation.lams.learningdesign.dto.TransitionDTO>
    <org.lamsfoundation.lams.learningdesign.dto.TransitionDTO>
      <transitionID>68</transitionID>
      <transitionUIID>25</transitionUIID>
      <toUIID>6</toUIID>
      <fromUIID>3</fromUIID>
      <createDateTime class="sql-timestamp">1970-01-01 11:00:00.0</createDateTime>
      <toActivityID>94</toActivityID>
      <fromActivityID>93</fromActivityID>
      <learningDesignID>13</learningDesignID>
    </org.lamsfoundation.lams.learningdesign.dto.TransitionDTO>
    <org.lamsfoundation.lams.learningdesign.dto.TransitionDTO>
      <transitionID>81</transitionID>
      <transitionUIID>39</transitionUIID>
      <toUIID>9</toUIID>
      <fromUIID>10</fromUIID>
      <createDateTime class="sql-timestamp">1970-01-01 11:00:00.0</createDateTime>
      <toActivityID>97</toActivityID>
      <fromActivityID>98</fromActivityID>
      <learningDesignID>13</learningDesignID>
    </org.lamsfoundation.lams.learningdesign.dto.TransitionDTO>
    <org.lamsfoundation.lams.learningdesign.dto.TransitionDTO>
      <transitionID>73</transitionID>
      <transitionUIID>31</transitionUIID>
      <toUIID>19</toUIID>
      <fromUIID>18</fromUIID>
      <createDateTime class="sql-timestamp">1970-01-01 11:00:00.0</createDateTime>
      <toActivityID>107</toActivityID>
      <fromActivityID>106</fromActivityID>
      <learningDesignID>13</learningDesignID>
    </org.lamsfoundation.lams.learningdesign.dto.TransitionDTO>
    <org.lamsfoundation.lams.learningdesign.dto.TransitionDTO>
      <transitionID>80</transitionID>
      <transitionUIID>38</transitionUIID>
      <toUIID>10</toUIID>
      <fromUIID>11</fromUIID>
      <createDateTime class="sql-timestamp">1970-01-01 11:00:00.0</createDateTime>
      <toActivityID>98</toActivityID>
      <fromActivityID>99</fromActivityID>
      <learningDesignID>13</learningDesignID>
    </org.lamsfoundation.lams.learningdesign.dto.TransitionDTO>
    <org.lamsfoundation.lams.learningdesign.dto.TransitionDTO>
      <transitionID>69</transitionID>
      <transitionUIID>26</transitionUIID>
      <toUIID>7</toUIID>
      <fromUIID>6</fromUIID>
      <createDateTime class="sql-timestamp">1970-01-01 11:00:00.0</createDateTime>
      <toActivityID>95</toActivityID>
      <fromActivityID>94</fromActivityID>
      <learningDesignID>13</learningDesignID>
    </org.lamsfoundation.lams.learningdesign.dto.TransitionDTO>
  </transitions>
</org.lamsfoundation.lams.learningdesign.dto.LearningDesignDTO>