﻿<?xml version="1.0" encoding="iso-8859-1"?>
<!-- edited with XMLSPY v2004 rel. 3 U (http://www.xmlspy.com) by Alessandro Crugnola (sephiroth di alessandro crugnola) -->
<node data="id=1" label="Welcome at the sioen website" icon="folderYellowClosed">
	<node isOpen="" data="id=233" label="Investor Relations">
		<node data="id=245" label="Home"/>
		<node isOpen="" data="id=249" label="Shareholders">
			<node data="id=253" label="Shareholder structure"/>
			<node data="id=257" label="Dividend policy"/>
			<node data="id=261" label="Financial calendar"/>
			<node data="id=265" label="Glossary"/>
			<node data="id=269" label="Indices"/>
			<node data="id=273" label="Mailing List"/>
			<node data="id=277" label="Share identification and sector"/>
			<node data="id=281" label="Shares and share capital"/>
			<node data="id=285" label="Subscription rights"/>
			<node data="id=289" label="Financial communication policy"/>
			<node data="id=293" label="Acquisitions"/>
			<node data="id=297" label="History of the capital "/>
			<node data="id=301" label="Presentations"/>
		</node>
		<node isOpen="" data="id=305" label="Analysts">
			<node data="id=621" label="rapport1"/>
			<node data="id=625" label="new node"/>
		</node>
		<node isOpen="" data="id=309" label="Share Price">
			<node data="id=317" label="History"/>
			<node data="id=321" label="Liquidity support"/>
		</node>
		<node isOpen="" data="id=325" label="Financials">
			<node data="id=329" label="Key figures"/>
			<node data="id=333" label="Key figures per share"/>
			<node data="id=337" label="Market capitalisation"/>
			<node data="id=341" label="Financial history"/>
			<node data="id=345" label="Quarterly reports"/>
			<node isOpen="" data="id=349" label="Half year reports">
				<node data="id=933" label="First half year 1999"/>
				<node data="id=937" label="First half year 2000"/>
				<node data="id=941" label="First half year 2001"/>
				<node data="id=1053" label="First half year 2002"/>
				<node data="id=945" label="First half year 2003"/>
			</node>
			<node data="id=353" label="Annual reports"/>
			<node data="id=357" label="Balance sheet"/>
			<node data="id=361" label="Income state"/>
			<node data="id=365" label="Preview 2004"/>
		</node>
		<node isOpen="" data="id=369" label="Governance">
			<node data="id=373" label="Corporate governance"/>
			<node data="id=377" label="Board of Directors"/>
			<node data="id=381" label="Independency of the board"/>
			<node data="id=385" label="Remuneration of the board"/>
			<node data="id=389" label="Function of the board"/>
			<node data="id=393" label="Function of daily management"/>
			<node data="id=397" label="Working committees"/>
			<node data="id=401" label="External controls"/>
			<node data="id=405" label="Dividend policy"/>
			<node data="id=409" label="Relationship between shareholders"/>
			<node data="id=413" label="Shares held by board"/>
			<node data="id=417" label="Stock options plans"/>
			<node data="id=421" label="Protocol"/>
			<node data="id=425" label="Execution of voting right"/>
			<node data="id=429" label="Remuneration top management"/>
		</node>
		<node data="id=673" label="General information"/>
		<node data="id=1045" label="new node"/>
	</node>
	<node isOpen="" data="id=433" label="Products">
		<node isOpen="" data="id=437" label="Divisions">
			<node data="id=441" label="Coating"/>
			<node data="id=445" label="Processing"/>
			<node data="id=449" label="Apparel"/>
		</node>
		<node isOpen="" data="id=453" label="Product Groups">
			<node data="id=457" label="Yarns"/>
			<node data="id=461" label="Fabrics"/>
			<node isOpen="" data="id=465" label="Coated fabrics">
				<node data="id=877" label="Coated fabrics detail" icon="tree_internal"/>
				<node isOpen="" data="id=929" label="Direct coating" icon="tree_product">
					<node data="id=925" label="Architectural textiles" icon="tree_product"/>
					<node data="id=921" label="Sports" icon="tree_product"/>
					<node data="id=917" label="Pool" icon="tree_product"/>
					<node data="id=913" label="Truck" icon="tree_product"/>
					<node data="id=897" label="Sign" icon="tree_product"/>
					<node data="id=1041" label="Camping" icon="tree_product"/>
				</node>
			</node>
			<node isOpen="" data="id=469" label="Garments">
				<node data="id=853" label="Industry standards" icon="tree_product"/>
				<node data="id=857" label="Industry specials" icon="tree_product"/>
				<node data="id=861" label="Baleno %2D sportswear" icon="tree_product"/>
				<node data="id=865" label="Mullion flotation garments %26 life jackets" icon="tree_product"/>
				<node data="id=869" label="Sip protection forestry clothing" icon="tree_product"/>
			</node>
			<node data="id=473" label="Chemicals"/>
			<node isOpen="" data="id=477" label="Filters">
				<node data="id=1049" label="new node" icon="folderYellowClosed"/>
			</node>
			<node data="id=481" label="Cutting %26 laser cutting"/>
			<node data="id=485" label="Automotive"/>
			<node data="id=489" label="Foils and pondliners"/>
			<node data="id=493" label="Tents%2C silos%2C sliding gates%2C %2E%2E%2E"/>
			<node data="id=497" label="Others"/>
		</node>
		<node data="id=501" label="Sectors"/>
		<node data="id=505" label="Product Search"/>
		<node data="id=509" label="Brands"/>
	</node>
	<node isOpen="" data="id=513" label="News Center">
		<node isOpen="" data="id=517" label="General news">
			<node isOpen="" data="id=661" label="2004">
				<node data="id=801" label="Lorem ipsum dolor Lorem ipsum dolor "/>
				<node data="id=905" label="testtom"/>
			</node>
		</node>
		<node isOpen="" data="id=521" label="Press releases">
			<node isOpen="" data="id=525" label="Financial">
				<node isOpen="" data="id=825" label="2003">
					<node data="id=637" label="Results first semester 2003"/>
					<node data="id=633" label="Results third trimester 2003"/>
					<node data="id=829" label="Results first trimester 2003"/>
				</node>
				<node isOpen="" data="id=541" label="2004">
					<node data="id=629" label="Results 2003"/>
				</node>
				<node data="id=645" label="2005"/>
			</node>
			<node isOpen="" data="id=529" label="Product related">
				<node isOpen="" data="id=549" label="2004">
					<node data="id=1037" label="test" icon="tree_nieuws"/>
				</node>
				<node data="id=649" label="2005"/>
			</node>
			<node isOpen="" data="id=533" label="Others">
				<node isOpen="" data="id=813" label="2003">
					<node data="id=817" label="Big in Hong Kong"/>
					<node data="id=821" label="Fire at EMB"/>
					<node data="id=833" label="Sioen expands its markets%2E%2E%2E"/>
				</node>
				<node data="id=657" label="2004"/>
			</node>
		</node>
		<node isOpen="" data="id=553" label="Publications">
			<node data="id=665" label="2004"/>
		</node>
		<node isOpen="" data="id=557" label="Exhibitions">
			<node isOpen="" data="id=669" label="2004">
				<node data="id=953" label="Landbouwdagen Alden Biesen"/>
				<node data="id=957" label="ISA Pitsburgh"/>
				<node data="id=961" label="Fire Manchester"/>
				<node data="id=965" label="Congr%E8s Pompiers Montpellier "/>
				<node data="id=969" label="Viscom Paris"/>
				<node data="id=973" label="SKYDD Stockholm"/>
				<node data="id=977" label="Championnats belge d%B4%E9lagage Doornik"/>
				<node data="id=981" label="Salon Vert Saint%2DCh%E9ron "/>
				<node data="id=985" label="APF Warwickshire "/>
				<node data="id=989" label="IAA Hannover"/>
				<node data="id=993" label="SMM Hamburg "/>
				<node data="id=997" label="Golf M%FCnchen"/>
				<node data="id=1001" label="Health %26 Safety Dublin"/>
				<node data="id=1005" label="Health and Emergency Services Slough"/>
				<node data="id=1009" label="Marine Trade Show Windsor"/>
				<node data="id=1013" label="K%2DMesse D%FCsseldorf"/>
				<node data="id=1017" label="Pro Sign Frankfurt"/>
				<node data="id=1021" label="Tackle %26 Gun Warwickshire"/>
				<node data="id=1025" label="IFAI Pittsburgh"/>
				<node data="id=1029" label="Expoprotection Paris"/>
				<node data="id=1033" label="EWEA London"/>
			</node>
		</node>
	</node>
	<node isOpen="" data="id=565" label="Contact">
		<node data="id=893" label="Form"/>
	</node>
	<node isOpen="" data="id=569" label="Career">
		<node isOpen="" data="id=573" label="Key figures personnel"/>
		<node data="id=577" label="Link to Monster%2Ebe"/>
	</node>
	<node data="id=749" label="Search"    type="CONTATTO"/>
	<node data="id=753" label="new node"  type="GRUPPO"/>
	<node data="id=889" label="Subscribe" type="GRUPPO"/>
</node>
