<org.lamsfoundation.lams.tool.qa.QaContent>
  <qaContentId>27</qaContentId>
  <title>Q&amp;A</title>
  <instructions>Instructions</instructions>
  <createdBy>5</createdBy>
  <defineLater>false</defineLater>
  <reflect>false</reflect>
  <runOffline>false</runOffline>
  <questionsSequenced>false</questionsSequenced>
  <lockWhenFinished>false</lockWhenFinished>
  <showOtherAnswers>true</showOtherAnswers>
  <usernameVisible>false</usernameVisible>
  <synchInMonitor>false</synchInMonitor>
  <contentLocked>false</contentLocked>
  <creationDate class="sql-timestamp">2008-02-15 14:07:17.0</creationDate>
  <qaQueContents class="tree-set">
    <no-comparator/>
    <org.lamsfoundation.lams.tool.qa.QaQueContent>
      <question>Sample Question 1?</question>
      <displayOrder>1</displayOrder>
      <isOptional>false</isOptional>
    </org.lamsfoundation.lams.tool.qa.QaQueContent>
  </qaQueContents>
  <qaUploadedFiles class="tree-set">
    <no-comparator/>
  </qaUploadedFiles>
</org.lamsfoundation.lams.tool.qa.QaContent>