<org.lamsfoundation.lams.tool.noticeboard.NoticeboardContent>
  <nbContentId>39</nbContentId>
  <title>Noticeboard</title>
  <content>Content</content>
  <onlineInstructions></onlineInstructions>
  <offlineInstructions></offlineInstructions>
  <defineLater>false</defineLater>
  <forceOffline>false</forceOffline>
  <reflectOnActivity>false</reflectOnActivity>
  <reflectInstructions>Reflect on noticeboard</reflectInstructions>
  <contentInUse>false</contentInUse>
  <dateCreated class="sql-timestamp">2008-02-18 15:46:49.0</dateCreated>
  <nbAttachments/>
</org.lamsfoundation.lams.tool.noticeboard.NoticeboardContent>