<org.lamsfoundation.lams.tool.notebook.model.Notebook>
  <createDate>2006-07-29 23:03:38.6 EST</createDate>
  <title>LAMS Notebook</title>
  <instructions>Notebook Instruction</instructions>
  <runOffline>false</runOffline>
  <lockOnFinished>false</lockOnFinished>
  <allowRichEditor>false</allowRichEditor>
  <onlineInstructions>Online instructions</onlineInstructions>
  <offlineInstructions>Offline instructions</offlineInstructions>
  <contentInUse>false</contentInUse>
  <defineLater>false</defineLater>
  <toolContentId>9</toolContentId>
  <notebookAttachments/>
</org.lamsfoundation.lams.tool.notebook.model.Notebook>