<org.lamsfoundation.lams.tool.noticeboard.NoticeboardContent>
  <nbContentId>36</nbContentId>
  <title>Welcome</title>
  <content>Welcome to these activities</content>
  <onlineInstructions>Enter the online instructions here</onlineInstructions>
  <offlineInstructions>Enter the offline instructions here</offlineInstructions>
  <defineLater>false</defineLater>
  <forceOffline>false</forceOffline>
  <reflectOnActivity>false</reflectOnActivity>
  <reflectInstructions></reflectInstructions>
  <contentInUse>false</contentInUse>
  <creatorUserId>4</creatorUserId>
  <dateCreated class="sql-timestamp">2006-09-21 16:13:07.0</dateCreated>
  <dateUpdated class="sql-timestamp">2006-09-21 16:13:07.0</dateUpdated>
  <nbAttachments/>
</org.lamsfoundation.lams.tool.noticeboard.NoticeboardContent>