<org.lamsfoundation.lams.tool.notebook.model.Notebook>
  <createDate>2009-01-29 22:26:39.293 CET</createDate>
  <updateDate class="sql-timestamp">2009-01-27 20:28:28.0</updateDate>
  <createBy>5</createBy>
  <title>Some notebook activity</title>
  <instructions>&lt;div&gt;sdfsd&lt;/div&gt;</instructions>
  <runOffline>false</runOffline>
  <lockOnFinished>false</lockOnFinished>
  <allowRichEditor>false</allowRichEditor>
  <onlineInstructions>Some online instruction for notebook activity.&lt;BR&gt;There are ten lines in this text and all of them should be visible.&lt;BR&gt;Line 3.&lt;BR&gt;Line 4.&lt;BR&gt;Line 5.&lt;BR&gt;Line 6.&lt;BR&gt;Line 7.&lt;BR&gt;Line 8.&lt;BR&gt;Line 9.&lt;BR&gt;Line 10.</onlineInstructions>
  <offlineInstructions></offlineInstructions>
  <contentInUse>false</contentInUse>
  <defineLater>false</defineLater>
  <toolContentId>125</toolContentId>
  <notebookAttachments/>
  <conditions class="tree-set">
    <comparator class="org.lamsfoundation.lams.learningdesign.TextSearchConditionComparator"/>
    <org.lamsfoundation.lams.tool.notebook.model.NotebookCondition>
      <allWords>LAMS</allWords>
      <conditionsParsed>false</conditionsParsed>
      <allWordsCondition/>
      <anyWordsCondition/>
      <excludedWordsCondition/>
      <orderId>1</orderId>
      <name>text.search.output.definition.notebook#8</name>
      <displayName>Entry contains word "LAMS"</displayName>
      <type>OUTPUT_STRING</type>
    </org.lamsfoundation.lams.tool.notebook.model.NotebookCondition>
  </conditions>
</org.lamsfoundation.lams.tool.notebook.model.Notebook>