<org.lamsfoundation.lams.tool.chat.model.Chat>
  <createDate>2009-01-29 22:26:39.355 CET</createDate>
  <updateDate class="sql-timestamp">2009-01-26 12:50:21.0</updateDate>
  <createBy>5</createBy>
  <title>Chat</title>
  <instructions>&lt;div&gt;Instructions&lt;/div&gt;</instructions>
  <runOffline>false</runOffline>
  <lockOnFinished>false</lockOnFinished>
  <reflectOnActivity>false</reflectOnActivity>
  <reflectInstructions></reflectInstructions>
  <filteringEnabled>false</filteringEnabled>
  <filterKeywords></filterKeywords>
  <onlineInstructions>Chat editing advice.</onlineInstructions>
  <offlineInstructions></offlineInstructions>
  <contentInUse>false</contentInUse>
  <defineLater>false</defineLater>
  <toolContentId>127</toolContentId>
  <chatAttachments/>
  <conditions class="tree-set">
    <comparator class="org.lamsfoundation.lams.learningdesign.TextSearchConditionComparator"/>
  </conditions>
</org.lamsfoundation.lams.tool.chat.model.Chat>