<org.lamsfoundation.lams.tool.sbmt.SubmitFilesContent>
  <contentID>133</contentID>
  <title>Submit Files</title>
  <instruction>&lt;div&gt;Instructions&lt;/div&gt;</instruction>
  <lockOnFinished>false</lockOnFinished>
  <notifyLearnersOnMarkRelease>false</notifyLearnersOnMarkRelease>
  <notifyTeachersOnFileSubmit>false</notifyTeachersOnFileSubmit>
  <offlineInstruction></offlineInstruction>
  <onlineInstruction>Submit files  editing advice.</onlineInstruction>
  <instructionFiles/>
  <defineLater>false</defineLater>
  <runOffline>false</runOffline>
  <contentInUse>false</contentInUse>
  <limitUpload>false</limitUpload>
  <limitUploadNumber>0</limitUploadNumber>
  <reflectOnActivity>false</reflectOnActivity>
  <reflectInstructions></reflectInstructions>
  <created class="sql-timestamp">2009-01-29 22:24:26.0</created>
  <updated class="sql-timestamp">2009-01-29 22:25:16.0</updated>
  <createdBy>
    <uid>2</uid>
    <userID>5</userID>
    <firstName>One</firstName>
    <lastName>Test</lastName>
    <login>test1</login>
    <contentID>122</contentID>
    <finished>false</finished>
  </createdBy>
</org.lamsfoundation.lams.tool.sbmt.SubmitFilesContent>