<org.lamsfoundation.lams.tool.notebook.model.Notebook>
  <createDate>2009-01-14 19:03:46.848 CET</createDate>
  <updateDate class="sql-timestamp">2008-11-14 16:58:44.0</updateDate>
  <createBy>5</createBy>
  <title>Some notebook activity</title>
  <instructions>sdfsd</instructions>
  <runOffline>false</runOffline>
  <lockOnFinished>false</lockOnFinished>
  <allowRichEditor>false</allowRichEditor>
  <onlineInstructions></onlineInstructions>
  <offlineInstructions></offlineInstructions>
  <contentInUse>false</contentInUse>
  <defineLater>false</defineLater>
  <toolContentId>207</toolContentId>
  <notebookAttachments/>
  <conditions class="tree-set">
    <comparator class="org.lamsfoundation.lams.learningdesign.TextSearchConditionComparator"/>
    <org.lamsfoundation.lams.tool.notebook.model.NotebookCondition>
      <allWords>LAMS</allWords>
      <conditionsParsed>false</conditionsParsed>
      <allWordsCondition/>
      <anyWordsCondition/>
      <excludedWordsCondition/>
      <orderId>1</orderId>
      <name>text.search.output.definition.notebook#8</name>
      <displayName>Entry contains word "LAMS"</displayName>
      <type>OUTPUT_STRING</type>
    </org.lamsfoundation.lams.tool.notebook.model.NotebookCondition>
  </conditions>
</org.lamsfoundation.lams.tool.notebook.model.Notebook>