<org.lamsfoundation.lams.tool.vote.pojos.VoteContent>
  <voteContentId>212</voteContentId>
  <title>Elections</title>
  <reflectionSubject></reflectionSubject>
  <instructions>&lt;div&gt;Instructions&lt;/div&gt;</instructions>
  <defineLater>false</defineLater>
  <runOffline>false</runOffline>
  <updateDate class="sql-timestamp">2008-12-03 16:13:43.0</updateDate>
  <createdBy>5</createdBy>
  <reflect>false</reflect>
  <allowText>false</allowText>
  <maxNominationCount>1</maxNominationCount>
  <lockOnFinish>false</lockOnFinish>
  <contentInUse>false</contentInUse>
  <offlineInstructions></offlineInstructions>
  <onlineInstructions></onlineInstructions>
  <showResults>true</showResults>
  <voteQueContents class="tree-set">
    <no-comparator/>
    <org.lamsfoundation.lams.tool.vote.pojos.VoteQueContent>
      <question>Sample Nomination 1</question>
      <displayOrder>1</displayOrder>
      <voteContent reference="../../.."/>
    </org.lamsfoundation.lams.tool.vote.pojos.VoteQueContent>
    <org.lamsfoundation.lams.tool.vote.pojos.VoteQueContent>
      <question>Sample Nomination 2</question>
      <displayOrder>2</displayOrder>
      <voteContent reference="../../.."/>
    </org.lamsfoundation.lams.tool.vote.pojos.VoteQueContent>
  </voteQueContents>
  <voteAttachments class="tree-set">
    <no-comparator/>
  </voteAttachments>
</org.lamsfoundation.lams.tool.vote.pojos.VoteContent>