<org.lamsfoundation.lams.tool.sbmt.SubmitFilesContent>
  <contentID>215</contentID>
  <title>Submit Files</title>
  <instruction>Instructions</instruction>
  <lockOnFinished>false</lockOnFinished>
  <notifyLearnersOnMarkRelease>false</notifyLearnersOnMarkRelease>
  <notifyTeachersOnFileSubmit>false</notifyTeachersOnFileSubmit>
  <instructionFiles/>
  <defineLater>false</defineLater>
  <runOffline>false</runOffline>
  <contentInUse>false</contentInUse>
  <limitUpload>false</limitUpload>
  <limitUploadNumber>1</limitUploadNumber>
  <reflectOnActivity>false</reflectOnActivity>
  <created class="sql-timestamp">2009-01-14 11:11:12.0</created>
  <updated class="sql-timestamp">2009-01-14 11:12:54.0</updated>
  <createdBy>
    <uid>14</uid>
    <userID>5</userID>
    <firstName>One</firstName>
    <lastName>Test</lastName>
    <login>test1</login>
    <contentID>215</contentID>
    <finished>false</finished>
  </createdBy>
</org.lamsfoundation.lams.tool.sbmt.SubmitFilesContent>