<org.lamsfoundation.lams.tool.noticeboard.NoticeboardContent>
  <nbContentId>24</nbContentId>
  <title>Noticeboard</title>
  <content>Content</content>
  <onlineInstructions>Noticeboard  editing advice.</onlineInstructions>
  <offlineInstructions></offlineInstructions>
  <defineLater>false</defineLater>
  <forceOffline>false</forceOffline>
  <reflectOnActivity>false</reflectOnActivity>
  <reflectInstructions>Reflect on noticeboard</reflectInstructions>
  <contentInUse>false</contentInUse>
  <creatorUserId>5</creatorUserId>
  <dateCreated class="sql-timestamp">2008-12-04 12:56:44.0</dateCreated>
  <dateUpdated class="sql-timestamp">2009-01-26 12:51:26.0</dateUpdated>
  <nbAttachments/>
</org.lamsfoundation.lams.tool.noticeboard.NoticeboardContent>