<org.lamsfoundation.lams.tool.taskList.model.TaskList>
  <contentId>25</contentId>
  <title>Task List</title>
  <instructions>&lt;div&gt;Instructions&lt;/div&gt;</instructions>
  <lockWhenFinished>false</lockWhenFinished>
  <sequentialOrder>false</sequentialOrder>
  <minimumNumberTasks>0</minimumNumberTasks>
  <allowContributeTasks>false</allowContributeTasks>
  <monitorVerificationRequired>false</monitorVerificationRequired>
  <runOffline>false</runOffline>
  <defineLater>false</defineLater>
  <contentInUse>false</contentInUse>
  <onlineInstructions>Task list                      editing advice.</onlineInstructions>
  <offlineInstructions></offlineInstructions>
  <attachments/>
  <conditions/>
  <updated class="sql-timestamp">2009-01-26 12:51:42.0</updated>
  <createdBy>
    <userId>5</userId>
    <firstName>One</firstName>
    <lastName>Test</lastName>
    <loginName>test1</loginName>
    <sessionFinished>false</sessionFinished>
    <isVerifiedByMonitor>false</isVerifiedByMonitor>
    <taskList reference="../.."/>
  </createdBy>
  <taskListItems>
    <org.lamsfoundation.lams.tool.taskList.model.TaskListItem>
      <title>asdasda</title>
      <sequenceId>1</sequenceId>
      <isCreateByAuthor>true</isCreateByAuthor>
      <createDate class="sql-timestamp">2008-12-04 12:56:25.0</createDate>
      <createBy reference="../../../createdBy"/>
      <isRequired>false</isRequired>
      <isCommentsAllowed>false</isCommentsAllowed>
      <isCommentsRequired>false</isCommentsRequired>
      <isFilesAllowed>false</isFilesAllowed>
      <isFilesRequired>false</isFilesRequired>
      <isChildTask>false</isChildTask>
      <isCommentsFilesAllowed>true</isCommentsFilesAllowed>
      <showCommentsToAll>true</showCommentsToAll>
      <complete>false</complete>
    </org.lamsfoundation.lams.tool.taskList.model.TaskListItem>
    <org.lamsfoundation.lams.tool.taskList.model.TaskListItem>
      <title>dasdasds</title>
      <sequenceId>0</sequenceId>
      <isCreateByAuthor>true</isCreateByAuthor>
      <createDate class="sql-timestamp">2009-01-14 11:12:54.0</createDate>
      <createBy reference="../../../createdBy"/>
      <isRequired>false</isRequired>
      <isCommentsAllowed>false</isCommentsAllowed>
      <isCommentsRequired>false</isCommentsRequired>
      <isFilesAllowed>false</isFilesAllowed>
      <isFilesRequired>false</isFilesRequired>
      <isChildTask>false</isChildTask>
      <isCommentsFilesAllowed>true</isCommentsFilesAllowed>
      <showCommentsToAll>false</showCommentsToAll>
      <complete>false</complete>
    </org.lamsfoundation.lams.tool.taskList.model.TaskListItem>
  </taskListItems>
  <reflectOnActivity>false</reflectOnActivity>
  <reflectInstructions></reflectInstructions>
</org.lamsfoundation.lams.tool.taskList.model.TaskList>