<org.lamsfoundation.lams.tool.sbmt.SubmitFilesContent>
  <contentID>26</contentID>
  <title>Submit Files</title>
  <instruction>Instructions</instruction>
  <lockOnFinished>false</lockOnFinished>
  <notifyLearnersOnMarkRelease>false</notifyLearnersOnMarkRelease>
  <notifyTeachersOnFileSubmit>false</notifyTeachersOnFileSubmit>
  <instructionFiles/>
  <defineLater>false</defineLater>
  <runOffline>false</runOffline>
  <contentInUse>false</contentInUse>
  <limitUpload>false</limitUpload>
  <limitUploadNumber>1</limitUploadNumber>
  <reflectOnActivity>false</reflectOnActivity>
  <created class="sql-timestamp">2009-01-21 14:04:00.0</created>
  <updated class="sql-timestamp">2009-01-21 14:04:12.0</updated>
  <createdBy>
    <uid>1</uid>
    <userID>5</userID>
    <firstName>One</firstName>
    <lastName>Test</lastName>
    <login>test1</login>
    <contentID>26</contentID>
    <finished>false</finished>
  </createdBy>
</org.lamsfoundation.lams.tool.sbmt.SubmitFilesContent>