<org.lamsfoundation.lams.tool.rsrc.model.Resource>
  <contentId>27</contentId>
  <title>Resources</title>
  <instructions>&lt;div&gt;Instructions&lt;/div&gt;</instructions>
  <runOffline>false</runOffline>
  <runAuto>false</runAuto>
  <miniViewResourceNumber>0</miniViewResourceNumber>
  <allowAddFiles>false</allowAddFiles>
  <allowAddUrls>false</allowAddUrls>
  <lockWhenFinished>false</lockWhenFinished>
  <defineLater>false</defineLater>
  <contentInUse>false</contentInUse>
  <notifyTeachersOnAssigmentSumbit>false</notifyTeachersOnAssigmentSumbit>
  <onlineInstructions>Share resources editing advice.</onlineInstructions>
  <offlineInstructions></offlineInstructions>
  <attachments/>
  <updated class="sql-timestamp">2009-01-26 12:52:13.0</updated>
  <createdBy>
    <userId>5</userId>
    <firstName>One</firstName>
    <lastName>Test</lastName>
    <loginName>test1</loginName>
    <sessionFinished>false</sessionFinished>
    <resource reference="../.."/>
  </createdBy>
  <resourceItems>
    <org.lamsfoundation.lams.tool.rsrc.model.ResourceItem>
      <type>1</type>
      <title>Web Search</title>
      <url>http://www.google.com </url>
      <openUrlNewWindow>false</openUrlNewWindow>
      <itemInstructions>
        <org.lamsfoundation.lams.tool.rsrc.model.ResourceItemInstruction>
          <sequenceId>0</sequenceId>
          <description>Use Google to search the web</description>
        </org.lamsfoundation.lams.tool.rsrc.model.ResourceItemInstruction>
      </itemInstructions>
      <isHide>false</isHide>
      <isCreateByAuthor>true</isCreateByAuthor>
      <createDate class="sql-timestamp">2009-01-13 09:26:49.0</createDate>
      <createBy reference="../../../createdBy"/>
      <complete>false</complete>
    </org.lamsfoundation.lams.tool.rsrc.model.ResourceItem>
  </resourceItems>
  <reflectOnActivity>false</reflectOnActivity>
  <reflectInstructions></reflectInstructions>
</org.lamsfoundation.lams.tool.rsrc.model.Resource>