<org.lamsfoundation.lams.tool.wiki.model.Wiki>
  <createDate>2009-01-21 14:05:27.683 CET</createDate>
  <title>Wiki</title>
  <instructions>Instructions</instructions>
  <runOffline>false</runOffline>
  <lockOnFinished>false</lockOnFinished>
  <allowLearnerCreatePages>true</allowLearnerCreatePages>
  <allowLearnerInsertLinks>true</allowLearnerInsertLinks>
  <allowLearnerAttachImages>true</allowLearnerAttachImages>
  <notifyUpdates>false</notifyUpdates>
  <reflectOnActivity>false</reflectOnActivity>
  <reflectInstructions></reflectInstructions>
  <minimumEdits>0</minimumEdits>
  <maximumEdits>0</maximumEdits>
  <onlineInstructions></onlineInstructions>
  <offlineInstructions></offlineInstructions>
  <contentInUse>false</contentInUse>
  <defineLater>false</defineLater>
  <toolContentId>28</toolContentId>
  <wikiAttachments/>
  <wikiPages>
    <org.lamsfoundation.lams.tool.wiki.model.WikiPage>
      <title>Wiki Main Page</title>
      <editable>true</editable>
      <currentWikiContent>
        <body>&lt;div&gt;Wiki Body&lt;/div&gt;</body>
        <version>0</version>
      </currentWikiContent>
    </org.lamsfoundation.lams.tool.wiki.model.WikiPage>
  </wikiPages>
  <mainPage>
    <title>Wiki Main Page</title>
  </mainPage>
</org.lamsfoundation.lams.tool.wiki.model.Wiki>