<org.lamsfoundation.lams.tool.chat.model.Chat>
  <createDate>2009-01-13 13:39:54.253 CET</createDate>
  <createBy>5</createBy>
  <title>Chat</title>
  <instructions>Instructions</instructions>
  <runOffline>false</runOffline>
  <lockOnFinished>false</lockOnFinished>
  <reflectOnActivity>false</reflectOnActivity>
  <filteringEnabled>false</filteringEnabled>
  <onlineInstructions></onlineInstructions>
  <offlineInstructions></offlineInstructions>
  <contentInUse>false</contentInUse>
  <defineLater>false</defineLater>
  <toolContentId>36</toolContentId>
  <chatAttachments/>
  <conditions class="tree-set">
    <comparator class="org.lamsfoundation.lams.learningdesign.TextSearchConditionComparator"/>
  </conditions>
</org.lamsfoundation.lams.tool.chat.model.Chat>