<org.lamsfoundation.lams.tool.sbmt.SubmitFilesContent>
  <contentID>4</contentID>
  <title>Submit Files</title>
  <instruction>Instructions</instruction>
  <lockOnFinished>false</lockOnFinished>
  <notifyLearnersOnMarkRelease>false</notifyLearnersOnMarkRelease>
  <notifyTeachersOnFileSubmit>false</notifyTeachersOnFileSubmit>
  <instructionFiles/>
  <defineLater>false</defineLater>
  <runOffline>false</runOffline>
  <contentInUse>false</contentInUse>
  <limitUpload>false</limitUpload>
  <limitUploadNumber>1</limitUploadNumber>
  <reflectOnActivity>false</reflectOnActivity>
</org.lamsfoundation.lams.tool.sbmt.SubmitFilesContent>