<org.lamsfoundation.lams.tool.chat.model.Chat>
  <createDate>2009-02-05 18:17:41.15 CET</createDate>
  <title>Chat</title>
  <instructions>Instructions</instructions>
  <runOffline>false</runOffline>
  <lockOnFinished>false</lockOnFinished>
  <reflectOnActivity>false</reflectOnActivity>
  <filteringEnabled>false</filteringEnabled>
  <onlineInstructions></onlineInstructions>
  <offlineInstructions></offlineInstructions>
  <contentInUse>false</contentInUse>
  <defineLater>false</defineLater>
  <toolContentId>5</toolContentId>
  <chatAttachments/>
  <conditions class="tree-set">
    <comparator class="org.lamsfoundation.lams.learningdesign.TextSearchConditionComparator"/>
  </conditions>
</org.lamsfoundation.lams.tool.chat.model.Chat>