<org.lamsfoundation.lams.tool.notebook.model.Notebook>
  <createDate>2009-01-26 13:14:24.963 CET</createDate>
  <updateDate class="sql-timestamp">2009-01-26 13:14:15.0</updateDate>
  <createBy>5</createBy>
  <title>Some notebook activity</title>
  <instructions>&lt;div&gt;sdfsd&lt;/div&gt;</instructions>
  <runOffline>false</runOffline>
  <lockOnFinished>false</lockOnFinished>
  <allowRichEditor>false</allowRichEditor>
  <onlineInstructions>SOme online instruction for notebook activity.</onlineInstructions>
  <offlineInstructions></offlineInstructions>
  <contentInUse>false</contentInUse>
  <defineLater>false</defineLater>
  <toolContentId>65</toolContentId>
  <notebookAttachments/>
  <conditions class="tree-set">
    <comparator class="org.lamsfoundation.lams.learningdesign.TextSearchConditionComparator"/>
    <org.lamsfoundation.lams.tool.notebook.model.NotebookCondition>
      <allWords>LAMS</allWords>
      <conditionsParsed>false</conditionsParsed>
      <allWordsCondition/>
      <anyWordsCondition/>
      <excludedWordsCondition/>
      <orderId>1</orderId>
      <name>text.search.output.definition.notebook#8</name>
      <displayName>Entry contains word "LAMS"</displayName>
      <type>OUTPUT_STRING</type>
    </org.lamsfoundation.lams.tool.notebook.model.NotebookCondition>
  </conditions>
</org.lamsfoundation.lams.tool.notebook.model.Notebook>