<org.lamsfoundation.lams.tool.qa.QaContent>
  <qaContentId>68</qaContentId>
  <title>Q&amp;A</title>
  <instructions>&lt;div&gt;Instructions&lt;/div&gt;</instructions>
  <offlineInstructions></offlineInstructions>
  <onlineInstructions>Questions and Answers editing advice.</onlineInstructions>
  <createdBy>5</createdBy>
  <defineLater>false</defineLater>
  <reflect>false</reflect>
  <reflectionSubject></reflectionSubject>
  <runOffline>false</runOffline>
  <questionsSequenced>false</questionsSequenced>
  <lockWhenFinished>false</lockWhenFinished>
  <showOtherAnswers>true</showOtherAnswers>
  <usernameVisible>false</usernameVisible>
  <synchInMonitor>false</synchInMonitor>
  <contentLocked>false</contentLocked>
  <updateDate class="sql-timestamp">2009-01-26 12:50:41.0</updateDate>
  <qaQueContents class="tree-set">
    <no-comparator/>
    <org.lamsfoundation.lams.tool.qa.QaQueContent>
      <question>Example question 1</question>
      <displayOrder>2</displayOrder>
      <isOptional>false</isOptional>
    </org.lamsfoundation.lams.tool.qa.QaQueContent>
    <org.lamsfoundation.lams.tool.qa.QaQueContent>
      <question>Example question 1</question>
      <displayOrder>1</displayOrder>
      <isOptional>false</isOptional>
    </org.lamsfoundation.lams.tool.qa.QaQueContent>
    <org.lamsfoundation.lams.tool.qa.QaQueContent>
      <question>fasfasdfasdfasd</question>
      <displayOrder>3</displayOrder>
      <isOptional>false</isOptional>
    </org.lamsfoundation.lams.tool.qa.QaQueContent>
  </qaQueContents>
  <qaUploadedFiles class="tree-set">
    <no-comparator/>
  </qaUploadedFiles>
  <conditions class="tree-set">
    <comparator class="org.lamsfoundation.lams.learningdesign.TextSearchConditionComparator"/>
    <org.lamsfoundation.lams.tool.qa.QaCondition>
      <questions class="tree-set">
        <comparator class="org.lamsfoundation.lams.tool.qa.util.QaQueContentComparator"/>
      </questions>
      <temporaryQuestionDTOSet class="tree-set">
        <comparator class="org.lamsfoundation.lams.tool.qa.util.QaQuestionContentDTOComparator"/>
      </temporaryQuestionDTOSet>
      <allWords>LAMS</allWords>
      <conditionsParsed>false</conditionsParsed>
      <allWordsCondition/>
      <anyWordsCondition/>
      <excludedWordsCondition/>
      <orderId>1</orderId>
      <name>text.search.output.definition.qa#5</name>
      <displayName>First answer contains word "LAMS"</displayName>
      <type>OUTPUT_COMPLEX</type>
    </org.lamsfoundation.lams.tool.qa.QaCondition>
  </conditions>
</org.lamsfoundation.lams.tool.qa.QaContent>