<org.lamsfoundation.lams.tool.forum.persistence.Forum>
  <contentId>75</contentId>
  <title>Some forum with a very very long title</title>
  <lockWhenFinished>false</lockWhenFinished>
  <runOffline>false</runOffline>
  <allowAnonym>false</allowAnonym>
  <allowEdit>true</allowEdit>
  <allowNewTopic>true</allowNewTopic>
  <allowUpload>false</allowUpload>
  <maximumReply>0</maximumReply>
  <minimumReply>0</minimumReply>
  <allowRichEditor>false</allowRichEditor>
  <instructions>&lt;div&gt;Instructions&lt;/div&gt;</instructions>
  <onlineInstructions>Forum editing advice. Forum editing advice. Forum editing advice. Forum editing advice. Forum editing advice. Forum editing advice. Forum editing advice.&lt;BR&gt;&lt;BR&gt;Forum editing advice. Forum editing advice. Forum editing advice.&lt;BR&gt;Forum editing advice. &lt;BR&gt;&lt;BR&gt;Forum editing advice.&lt;BR&gt;Forum editing advice.&lt;BR&gt;Forum editing advice.Forum editing advice.</onlineInstructions>
  <offlineInstructions></offlineInstructions>
  <defineLater>false</defineLater>
  <contentInUse>false</contentInUse>
  <created class="sql-timestamp">2009-01-26 12:49:59.0</created>
  <updated class="sql-timestamp">2009-01-27 20:26:56.0</updated>
  <messages>
    <org.lamsfoundation.lams.tool.forum.persistence.Message>
      <subject>sdfsdfd</subject>
      <isAuthored>true</isAuthored>
      <isAnonymous>false</isAnonymous>
      <created class="sql-timestamp">2008-11-27 13:11:46.0</created>
      <updated class="sql-timestamp">2009-01-27 20:26:56.0</updated>
      <lastReplyDate class="sql-timestamp">2008-11-27 13:11:46.0</lastReplyDate>
      <replyNumber>0</replyNumber>
      <hideFlag>false</hideFlag>
      <attachments class="tree-set">
        <no-comparator/>
      </attachments>
    </org.lamsfoundation.lams.tool.forum.persistence.Message>
  </messages>
  <attachments/>
  <limitedChar>5000</limitedChar>
  <limitedInput>true</limitedInput>
  <reflectOnActivity>false</reflectOnActivity>
  <reflectInstructions></reflectInstructions>
  <notifyLearnersOnMarkRelease>false</notifyLearnersOnMarkRelease>
  <conditions class="tree-set">
    <comparator class="org.lamsfoundation.lams.learningdesign.TextSearchConditionComparator"/>
  </conditions>
</org.lamsfoundation.lams.tool.forum.persistence.Forum>