<org.lamsfoundation.lams.learningdesign.dto.LearningDesignDTO>
  <learningDesignID>1</learningDesignID>
  <title>Test template</title>
  <firstActivityID>27</firstActivityID>
  <firstActivityUIID>1</firstActivityUIID>
  <floatingActivityID>27</floatingActivityID>
  <maxID>57</maxID>
  <validDesign>true</validDesign>
  <readOnly>false</readOnly>
  <editOverrideLock>false</editOverrideLock>
  <userID>5</userID>
  <copyTypeID>1</copyTypeID>
  <createDateTime class="sql-timestamp">2009-02-05 11:14:49.0</createDateTime>
  <version>2.2.0.200902051045</version>
  <designVersion>1</designVersion>
  <workspaceFolderID>5</workspaceFolderID>
  <lastModifiedDateTime class="sql-timestamp">2009-02-05 18:16:37.0</lastModifiedDateTime>
  <contentFolderID>2c94e4991d998bc1011d9993d17c006b</contentFolderID>
  <groupings>
    <org.lamsfoundation.lams.learningdesign.dto.GroupingDTO>
      <groupingID>1</groupingID>
      <groupingUIID>10</groupingUIID>
      <groupingTypeID>4</groupingTypeID>
      <numberOfGroups>1</numberOfGroups>
      <equalNumberOfLearnersPerGroup>true</equalNumberOfLearnersPerGroup>
      <groups>
        <org.lamsfoundation.lams.learningdesign.dto.GroupDTO>
          <groupID>1</groupID>
          <groupName>Group 1</groupName>
          <orderID>0</orderID>
          <userList/>
          <groupUIID>15</groupUIID>
        </org.lamsfoundation.lams.learningdesign.dto.GroupDTO>
      </groups>
    </org.lamsfoundation.lams.learningdesign.dto.GroupingDTO>
  </groupings>
  <activities>
    <org.lamsfoundation.lams.learningdesign.dto.AuthoringActivityDTO>
      <activityID>27</activityID>
      <activityUIID>1</activityUIID>
      <description>Notebook Tool</description>
      <activityTitle>Some notebook activity</activityTitle>
      <helpText>Notebook for notes and reflections</helpText>
      <helpURL>http://wiki.lamsfoundation.org/display/lamsdocs/lantbk11</helpURL>
      <xCoord>96</xCoord>
      <yCoord>73</yCoord>
      <activityTypeID>1</activityTypeID>
      <defineLater>false</defineLater>
      <learningDesignID>1</learningDesignID>
      <createDateTime class="sql-timestamp">2009-02-05 11:14:49.0</createDateTime>
      <runOffline>false</runOffline>
      <toolSignature>lantbk11</toolSignature>
      <toolID>8</toolID>
      <toolContentID>18</toolContentID>
      <toolDisplayName>Notebook</toolDisplayName>
      <toolVersion>20081118</toolVersion>
      <authoringURL>tool/lantbk11/authoring.do</authoringURL>
      <monitoringURL>tool/lantbk11/monitoring.do</monitoringURL>
      <contributeURL>tool/lantbk11/contribute.do</contributeURL>
      <moderationURL>tool/lantbk11/moderate.do</moderationURL>
      <activityCategoryID>6</activityCategoryID>
      <applyGrouping>false</applyGrouping>
      <groupingSupportType>2</groupingSupportType>
      <libraryActivityUIImage>tool/lantbk11/images/icon_notebook.swf</libraryActivityUIImage>
      <readOnly>false</readOnly>
      <initialised>false</initialised>
      <stopAfterActivity>false</stopAfterActivity>
      <inputActivities/>
      <competenceMappingTitles/>
      <languageCode></languageCode>
      <supportsOutputs>true</supportsOutputs>
    </org.lamsfoundation.lams.learningdesign.dto.AuthoringActivityDTO>
    <org.lamsfoundation.lams.learningdesign.dto.AuthoringActivityDTO>
      <activityID>28</activityID>
      <activityUIID>4</activityUIID>
      <activityTitle>Gate</activityTitle>
      <xCoord>258</xCoord>
      <yCoord>315</yCoord>
      <activityTypeID>5</activityTypeID>
      <defineLater>false</defineLater>
      <learningDesignID>1</learningDesignID>
      <createDateTime class="sql-timestamp">2009-02-05 11:14:49.0</createDateTime>
      <runOffline>false</runOffline>
      <activityCategoryID>1</activityCategoryID>
      <gateActivityLevelID>1</gateActivityLevelID>
      <applyGrouping>false</applyGrouping>
      <groupingSupportType>2</groupingSupportType>
      <readOnly>false</readOnly>
      <initialised>false</initialised>
      <stopAfterActivity>false</stopAfterActivity>
      <inputActivities/>
      <languageCode></languageCode>
    </org.lamsfoundation.lams.learningdesign.dto.AuthoringActivityDTO>
    <org.lamsfoundation.lams.learningdesign.dto.AuthoringActivityDTO>
      <activityID>30</activityID>
      <activityUIID>11</activityUIID>
      <activityTitle>Grouping</activityTitle>
      <xCoord>119</xCoord>
      <yCoord>171</yCoord>
      <activityTypeID>2</activityTypeID>
      <defineLater>false</defineLater>
      <learningDesignID>1</learningDesignID>
      <createDateTime class="sql-timestamp">2009-02-05 11:14:49.0</createDateTime>
      <runOffline>false</runOffline>
      <activityCategoryID>1</activityCategoryID>
      <applyGrouping>false</applyGrouping>
      <groupingSupportType>2</groupingSupportType>
      <createGroupingID>1</createGroupingID>
      <createGroupingUIID>10</createGroupingUIID>
      <readOnly>false</readOnly>
      <initialised>false</initialised>
      <stopAfterActivity>false</stopAfterActivity>
      <inputActivities/>
      <languageCode></languageCode>
    </org.lamsfoundation.lams.learningdesign.dto.AuthoringActivityDTO>
    <org.lamsfoundation.lams.learningdesign.dto.AuthoringActivityDTO>
      <activityID>33</activityID>
      <activityUIID>20</activityUIID>
      <description>Creates automated assessment questions. e.g. Multiple choice and true/false questions. Can provide feedback and scores.</description>
      <activityTitle>Multiple Choice</activityTitle>
      <helpText>Learner answers a series of automated assessment questions. e.g. Multiple choice and true/false questions. Optional features include feedback on each question and scoring. Questions are weighted for scoring.</helpText>
      <helpURL>http://wiki.lamsfoundation.org/display/lamsdocs/lamc11</helpURL>
      <xCoord>8</xCoord>
      <yCoord>57</yCoord>
      <parentActivityID>60</parentActivityID>
      <parentUIID>50</parentUIID>
      <activityTypeID>1</activityTypeID>
      <orderID>1</orderID>
      <defineLater>false</defineLater>
      <learningDesignID>1</learningDesignID>
      <createDateTime class="sql-timestamp">2009-02-05 11:14:49.0</createDateTime>
      <runOffline>false</runOffline>
      <toolSignature>lamc11</toolSignature>
      <toolID>17</toolID>
      <toolContentID>22</toolContentID>
      <toolDisplayName>MCQ</toolDisplayName>
      <toolVersion>20081127</toolVersion>
      <authoringURL>tool/lamc11/authoringStarter.do</authoringURL>
      <monitoringURL>tool/lamc11/monitoringStarter.do</monitoringURL>
      <contributeURL>tool/lamc11/monitoringStarter.do</contributeURL>
      <moderationURL>tool/lamc11/monitoringStarter.do</moderationURL>
      <activityCategoryID>3</activityCategoryID>
      <applyGrouping>false</applyGrouping>
      <groupingSupportType>2</groupingSupportType>
      <libraryActivityUIImage>tool/lamc11/images/icon_mcq.swf</libraryActivityUIImage>
      <readOnly>false</readOnly>
      <initialised>false</initialised>
      <stopAfterActivity>false</stopAfterActivity>
      <inputActivities/>
      <competenceMappingTitles/>
      <languageCode></languageCode>
      <supportsOutputs>true</supportsOutputs>
    </org.lamsfoundation.lams.learningdesign.dto.AuthoringActivityDTO>
    <org.lamsfoundation.lams.learningdesign.dto.AuthoringActivityDTO>
      <activityID>35</activityID>
      <activityUIID>25</activityUIID>
      <description>Tool for displaying HTML content including external sources such as images and other media.</description>
      <activityTitle>Noticeboard</activityTitle>
      <helpText>Displays formatted text and links to external sources on a read only page.</helpText>
      <helpURL>http://wiki.lamsfoundation.org/display/lamsdocs/lanb11</helpURL>
      <xCoord>5</xCoord>
      <yCoord>5</yCoord>
      <parentActivityID>61</parentActivityID>
      <parentUIID>52</parentUIID>
      <activityTypeID>1</activityTypeID>
      <orderID>1</orderID>
      <defineLater>false</defineLater>
      <learningDesignID>1</learningDesignID>
      <createDateTime class="sql-timestamp">2009-02-05 11:14:49.0</createDateTime>
      <runOffline>false</runOffline>
      <toolSignature>lanb11</toolSignature>
      <toolID>2</toolID>
      <toolContentID>24</toolContentID>
      <toolDisplayName>NoticeboardX</toolDisplayName>
      <toolVersion>20081209</toolVersion>
      <authoringURL>tool/lanb11/authoring.do</authoringURL>
      <monitoringURL>tool/lanb11/monitoring.do</monitoringURL>
      <activityCategoryID>4</activityCategoryID>
      <applyGrouping>false</applyGrouping>
      <groupingSupportType>2</groupingSupportType>
      <libraryActivityUIImage>tool/lanb11/images/icon_htmlnb.swf</libraryActivityUIImage>
      <readOnly>false</readOnly>
      <initialised>false</initialised>
      <stopAfterActivity>false</stopAfterActivity>
      <inputActivities/>
      <competenceMappingTitles/>
      <languageCode></languageCode>
      <supportsOutputs>false</supportsOutputs>
    </org.lamsfoundation.lams.learningdesign.dto.AuthoringActivityDTO>
    <org.lamsfoundation.lams.learningdesign.dto.AuthoringActivityDTO>
      <activityID>37</activityID>
      <activityUIID>29</activityUIID>
      <description>Learners submit files for assessment by the teacher. Scores and comments may be exported as a spreadsheet.</description>
      <activityTitle>Submit Files</activityTitle>
      <helpText>Learners submit files for assessment by the teacher. Scores and comments for each learner are recorded and may be exported as a spreadsheet.</helpText>
      <helpURL>http://wiki.lamsfoundation.org/display/lamsdocs/lasbmt11</helpURL>
      <xCoord>5</xCoord>
      <yCoord>5</yCoord>
      <parentActivityID>62</parentActivityID>
      <parentUIID>53</parentUIID>
      <activityTypeID>1</activityTypeID>
      <orderID>1</orderID>
      <defineLater>false</defineLater>
      <learningDesignID>1</learningDesignID>
      <createDateTime class="sql-timestamp">2009-02-05 11:14:49.0</createDateTime>
      <runOffline>false</runOffline>
      <toolSignature>lasbmt11</toolSignature>
      <toolID>4</toolID>
      <toolContentID>26</toolContentID>
      <toolDisplayName>Submit File</toolDisplayName>
      <toolVersion>20090113</toolVersion>
      <authoringURL>tool/lasbmt11/authoring.do</authoringURL>
      <monitoringURL>tool/lasbmt11/monitoring.do</monitoringURL>
      <contributeURL>tool/lasbmt11/contribute.do</contributeURL>
      <moderationURL>tool/lasbmt11/moderation.do</moderationURL>
      <activityCategoryID>3</activityCategoryID>
      <applyGrouping>false</applyGrouping>
      <groupingSupportType>2</groupingSupportType>
      <libraryActivityUIImage>tool/lasbmt11/images/icon_reportsubmission.swf</libraryActivityUIImage>
      <readOnly>false</readOnly>
      <initialised>false</initialised>
      <stopAfterActivity>false</stopAfterActivity>
      <inputActivities/>
      <competenceMappingTitles/>
      <languageCode></languageCode>
      <supportsOutputs>false</supportsOutputs>
    </org.lamsfoundation.lams.learningdesign.dto.AuthoringActivityDTO>
    <org.lamsfoundation.lams.learningdesign.dto.AuthoringActivityDTO>
      <activityID>38</activityID>
      <activityUIID>31</activityUIID>
      <description>Sharing resources with others.</description>
      <activityTitle>Share Resources</activityTitle>
      <helpText>Uploading your resources to share with others.</helpText>
      <helpURL>http://wiki.lamsfoundation.org/display/lamsdocs/larsrc11</helpURL>
      <xCoord>480</xCoord>
      <yCoord>291</yCoord>
      <activityTypeID>1</activityTypeID>
      <defineLater>false</defineLater>
      <learningDesignID>1</learningDesignID>
      <createDateTime class="sql-timestamp">2009-02-05 11:14:49.0</createDateTime>
      <runOffline>false</runOffline>
      <toolSignature>larsrc11</toolSignature>
      <toolID>6</toolID>
      <toolContentID>27</toolContentID>
      <toolDisplayName>Shared Resources</toolDisplayName>
      <toolVersion>20090115</toolVersion>
      <authoringURL>tool/larsrc11/authoring/start.do</authoringURL>
      <monitoringURL>tool/larsrc11/monitoring/summary.do</monitoringURL>
      <contributeURL>tool/larsrc11/contribute.do</contributeURL>
      <moderationURL>tool/larsrc11/moderate.do</moderationURL>
      <activityCategoryID>4</activityCategoryID>
      <applyGrouping>false</applyGrouping>
      <groupingSupportType>2</groupingSupportType>
      <libraryActivityUIImage>tool/larsrc11/images/icon_rsrc.swf</libraryActivityUIImage>
      <readOnly>false</readOnly>
      <initialised>false</initialised>
      <stopAfterActivity>false</stopAfterActivity>
      <inputActivities/>
      <competenceMappingTitles/>
      <languageCode></languageCode>
      <supportsOutputs>false</supportsOutputs>
    </org.lamsfoundation.lams.learningdesign.dto.AuthoringActivityDTO>
    <org.lamsfoundation.lams.learningdesign.dto.AuthoringActivityDTO>
      <activityID>39</activityID>
      <activityUIID>33</activityUIID>
      <description>Wiki Tool</description>
      <activityTitle>Wiki</activityTitle>
      <helpText>Wiki tool for creating wiki pages</helpText>
      <helpURL>http://wiki.lamsfoundation.org/display/lamsdocs/lawiki10</helpURL>
      <xCoord>401</xCoord>
      <yCoord>126</yCoord>
      <activityTypeID>1</activityTypeID>
      <defineLater>false</defineLater>
      <learningDesignID>1</learningDesignID>
      <createDateTime class="sql-timestamp">2009-02-05 11:14:49.0</createDateTime>
      <runOffline>false</runOffline>
      <toolSignature>lawiki10</toolSignature>
      <toolID>15</toolID>
      <toolContentID>28</toolContentID>
      <toolDisplayName>Wiki</toolDisplayName>
      <toolVersion>20090121</toolVersion>
      <authoringURL>tool/lawiki10/authoring.do</authoringURL>
      <monitoringURL>tool/lawiki10/monitoring.do</monitoringURL>
      <contributeURL>tool/lawiki10/contribute.do</contributeURL>
      <moderationURL>tool/lawiki10/moderate.do</moderationURL>
      <activityCategoryID>2</activityCategoryID>
      <applyGrouping>false</applyGrouping>
      <groupingSupportType>2</groupingSupportType>
      <libraryActivityUIImage>tool/lawiki10/images/icon_wiki.swf</libraryActivityUIImage>
      <readOnly>false</readOnly>
      <initialised>false</initialised>
      <stopAfterActivity>false</stopAfterActivity>
      <inputActivities/>
      <competenceMappingTitles/>
      <languageCode></languageCode>
      <supportsOutputs>true</supportsOutputs>
    </org.lamsfoundation.lams.learningdesign.dto.AuthoringActivityDTO>
    <org.lamsfoundation.lams.learningdesign.dto.AuthoringActivityDTO>
      <activityID>53</activityID>
      <activityUIID>35</activityUIID>
      <activityTitle>Branching</activityTitle>
      <xCoord>153</xCoord>
      <yCoord>413</yCoord>
      <activityTypeID>10</activityTypeID>
      <defineLater>false</defineLater>
      <learningDesignID>1</learningDesignID>
      <createDateTime class="sql-timestamp">2009-02-05 18:16:37.0</createDateTime>
      <runOffline>false</runOffline>
      <activityCategoryID>1</activityCategoryID>
      <applyGrouping>false</applyGrouping>
      <groupingSupportType>2</groupingSupportType>
      <readOnly>false</readOnly>
      <initialised>false</initialised>
      <stopAfterActivity>false</stopAfterActivity>
      <inputActivities/>
      <defaultActivityUIID>36</defaultActivityUIID>
      <startXCoord>25</startXCoord>
      <startYCoord>331</startYCoord>
      <endXCoord>889</endXCoord>
      <endYCoord>331</endYCoord>
      <languageCode></languageCode>
    </org.lamsfoundation.lams.learningdesign.dto.AuthoringActivityDTO>
    <org.lamsfoundation.lams.learningdesign.dto.AuthoringActivityDTO>
      <activityID>54</activityID>
      <activityUIID>36</activityUIID>
      <activityTitle>Branch 1</activityTitle>
      <parentActivityID>53</parentActivityID>
      <parentUIID>35</parentUIID>
      <activityTypeID>8</activityTypeID>
      <orderID>1</orderID>
      <defineLater>false</defineLater>
      <learningDesignID>1</learningDesignID>
      <createDateTime class="sql-timestamp">2009-02-05 18:16:38.0</createDateTime>
      <runOffline>false</runOffline>
      <activityCategoryID>1</activityCategoryID>
      <applyGrouping>false</applyGrouping>
      <groupingSupportType>2</groupingSupportType>
      <readOnly>false</readOnly>
      <initialised>false</initialised>
      <stopAfterActivity>false</stopAfterActivity>
      <inputActivities/>
      <defaultActivityUIID>37</defaultActivityUIID>
      <languageCode></languageCode>
    </org.lamsfoundation.lams.learningdesign.dto.AuthoringActivityDTO>
    <org.lamsfoundation.lams.learningdesign.dto.AuthoringActivityDTO>
      <activityID>55</activityID>
      <activityUIID>37</activityUIID>
      <description>Online threaded discussion tool (asynchronous).</description>
      <activityTitle>Forum with a very veeery veeeeery long name</activityTitle>
      <helpText>Discussion tool useful for long running collaborations and situations where learners are not all on line at the same time.</helpText>
      <helpURL>http://wiki.lamsfoundation.org/display/lamsdocs/lafrum11</helpURL>
      <xCoord>223</xCoord>
      <yCoord>119</yCoord>
      <parentActivityID>54</parentActivityID>
      <parentUIID>36</parentUIID>
      <activityTypeID>1</activityTypeID>
      <orderID>1</orderID>
      <defineLater>false</defineLater>
      <learningDesignID>1</learningDesignID>
      <learningLibraryID>1</learningLibraryID>
      <createDateTime class="sql-timestamp">2009-02-05 18:16:38.0</createDateTime>
      <runOffline>false</runOffline>
      <toolSignature>lafrum11</toolSignature>
      <toolID>1</toolID>
      <toolContentID>41</toolContentID>
      <toolDisplayName>Forum</toolDisplayName>
      <toolVersion>20081118</toolVersion>
      <authoringURL>tool/lafrum11/authoring.do</authoringURL>
      <monitoringURL>tool/lafrum11/monitoring.do</monitoringURL>
      <contributeURL>tool/lafrum11/contribute.do</contributeURL>
      <moderationURL>tool/lafrum11/moderate.do</moderationURL>
      <activityCategoryID>2</activityCategoryID>
      <applyGrouping>false</applyGrouping>
      <groupingSupportType>2</groupingSupportType>
      <libraryActivityUIImage>tool/lafrum11/images/icon_forum.swf</libraryActivityUIImage>
      <readOnly>false</readOnly>
      <initialised>false</initialised>
      <stopAfterActivity>false</stopAfterActivity>
      <inputActivities/>
      <competenceMappingTitles/>
      <languageCode></languageCode>
      <supportsOutputs>true</supportsOutputs>
    </org.lamsfoundation.lams.learningdesign.dto.AuthoringActivityDTO>
    <org.lamsfoundation.lams.learningdesign.dto.AuthoringActivityDTO>
      <activityID>57</activityID>
      <activityUIID>39</activityUIID>
      <description>Each learner answers question(s) and then sees answers from all learners collated on the next page.</description>
      <activityTitle>Q &amp; A</activityTitle>
      <helpText>Each learner answers one or more questions in short answer format and then sees answers from all learners collated on the next page.</helpText>
      <helpURL>http://wiki.lamsfoundation.org/display/lamsdocs/laqa11</helpURL>
      <xCoord>375</xCoord>
      <yCoord>253</yCoord>
      <parentActivityID>58</parentActivityID>
      <parentUIID>41</parentUIID>
      <activityTypeID>1</activityTypeID>
      <orderID>1</orderID>
      <defineLater>false</defineLater>
      <learningDesignID>1</learningDesignID>
      <learningLibraryID>3</learningLibraryID>
      <createDateTime class="sql-timestamp">2009-02-05 18:16:38.0</createDateTime>
      <runOffline>false</runOffline>
      <toolSignature>laqa11</toolSignature>
      <toolID>3</toolID>
      <toolContentID>3</toolContentID>
      <toolDisplayName>Question and Answer</toolDisplayName>
      <toolVersion>20081126</toolVersion>
      <authoringURL>tool/laqa11/authoringStarter.do</authoringURL>
      <monitoringURL>tool/laqa11/monitoringStarter.do</monitoringURL>
      <contributeURL>tool/laqa11/monitoringStarter.do</contributeURL>
      <moderationURL>tool/laqa11/monitoringStarter.do</moderationURL>
      <adminURL>tool/laqa11/laqa11admin.do</adminURL>
      <activityCategoryID>6</activityCategoryID>
      <applyGrouping>false</applyGrouping>
      <groupingSupportType>2</groupingSupportType>
      <libraryActivityUIImage>tool/laqa11/images/icon_questionanswer.swf</libraryActivityUIImage>
      <readOnly>false</readOnly>
      <initialised>false</initialised>
      <stopAfterActivity>false</stopAfterActivity>
      <inputActivities/>
      <competenceMappingTitles/>
      <languageCode></languageCode>
      <supportsOutputs>true</supportsOutputs>
    </org.lamsfoundation.lams.learningdesign.dto.AuthoringActivityDTO>
    <org.lamsfoundation.lams.learningdesign.dto.AuthoringActivityDTO>
      <activityID>61</activityID>
      <activityUIID>52</activityUIID>
      <activityTitle>Sequence 1</activityTitle>
      <xCoord>4</xCoord>
      <yCoord>48</yCoord>
      <parentActivityID>63</parentActivityID>
      <parentUIID>51</parentUIID>
      <activityTypeID>8</activityTypeID>
      <orderID>1</orderID>
      <defineLater>false</defineLater>
      <learningDesignID>1</learningDesignID>
      <createDateTime class="sql-timestamp">2009-02-05 18:16:38.0</createDateTime>
      <runOffline>false</runOffline>
      <activityCategoryID>1</activityCategoryID>
      <applyGrouping>false</applyGrouping>
      <groupingSupportType>2</groupingSupportType>
      <readOnly>false</readOnly>
      <initialised>false</initialised>
      <stopAfterActivity>false</stopAfterActivity>
      <inputActivities/>
      <defaultActivityUIID>25</defaultActivityUIID>
      <languageCode></languageCode>
    </org.lamsfoundation.lams.learningdesign.dto.AuthoringActivityDTO>
    <org.lamsfoundation.lams.learningdesign.dto.AuthoringActivityDTO>
      <activityID>34</activityID>
      <activityUIID>23</activityUIID>
      <description>Allows voting format</description>
      <activityTitle>Voting</activityTitle>
      <helpText>Voting help text</helpText>
      <helpURL>http://wiki.lamsfoundation.org/display/lamsdocs/lavote11</helpURL>
      <xCoord>8</xCoord>
      <yCoord>117</yCoord>
      <parentActivityID>60</parentActivityID>
      <parentUIID>50</parentUIID>
      <activityTypeID>1</activityTypeID>
      <orderID>2</orderID>
      <defineLater>false</defineLater>
      <learningDesignID>1</learningDesignID>
      <createDateTime class="sql-timestamp">2009-02-05 11:14:49.0</createDateTime>
      <runOffline>false</runOffline>
      <toolSignature>lavote11</toolSignature>
      <toolID>7</toolID>
      <toolContentID>23</toolContentID>
      <toolDisplayName>Voting</toolDisplayName>
      <toolVersion>20081203</toolVersion>
      <authoringURL>tool/lavote11/authoringStarter.do</authoringURL>
      <monitoringURL>tool/lavote11/monitoringStarter.do</monitoringURL>
      <contributeURL>tool/lavote11/monitoringStarter.do</contributeURL>
      <moderationURL>tool/lavote11/monitoringStarter.do</moderationURL>
      <activityCategoryID>6</activityCategoryID>
      <applyGrouping>false</applyGrouping>
      <groupingSupportType>2</groupingSupportType>
      <libraryActivityUIImage>tool/lavote11/images/icon_ranking.swf</libraryActivityUIImage>
      <readOnly>false</readOnly>
      <initialised>false</initialised>
      <stopAfterActivity>false</stopAfterActivity>
      <inputActivities/>
      <competenceMappingTitles/>
      <languageCode></languageCode>
      <supportsOutputs>true</supportsOutputs>
    </org.lamsfoundation.lams.learningdesign.dto.AuthoringActivityDTO>
    <org.lamsfoundation.lams.learningdesign.dto.AuthoringActivityDTO>
      <activityID>36</activityID>
      <activityUIID>26</activityUIID>
      <description>Task List.</description>
      <activityTitle>Task List</activityTitle>
      <helpText>Going through list of tasks.</helpText>
      <helpURL>http://wiki.lamsfoundation.org/display/lamsdocs/latask10</helpURL>
      <xCoord>65</xCoord>
      <yCoord>5</yCoord>
      <parentActivityID>61</parentActivityID>
      <parentUIID>52</parentUIID>
      <activityTypeID>1</activityTypeID>
      <orderID>2</orderID>
      <defineLater>false</defineLater>
      <learningDesignID>1</learningDesignID>
      <createDateTime class="sql-timestamp">2009-02-05 11:14:49.0</createDateTime>
      <runOffline>false</runOffline>
      <toolSignature>latask10</toolSignature>
      <toolID>11</toolID>
      <toolContentID>25</toolContentID>
      <toolDisplayName>Shared TaskList</toolDisplayName>
      <toolVersion>20090113</toolVersion>
      <authoringURL>tool/latask10/authoring/start.do</authoringURL>
      <monitoringURL>tool/latask10/monitoring/summary.do</monitoringURL>
      <contributeURL>tool/latask10/contribute.do</contributeURL>
      <moderationURL>tool/latask10/moderate.do</moderationURL>
      <activityCategoryID>4</activityCategoryID>
      <applyGrouping>false</applyGrouping>
      <groupingSupportType>2</groupingSupportType>
      <libraryActivityUIImage>tool/latask10/images/icon_taskList.swf</libraryActivityUIImage>
      <readOnly>false</readOnly>
      <initialised>false</initialised>
      <stopAfterActivity>false</stopAfterActivity>
      <inputActivities/>
      <competenceMappingTitles/>
      <languageCode></languageCode>
      <supportsOutputs>true</supportsOutputs>
    </org.lamsfoundation.lams.learningdesign.dto.AuthoringActivityDTO>
    <org.lamsfoundation.lams.learningdesign.dto.AuthoringActivityDTO>
      <activityID>56</activityID>
      <activityUIID>38</activityUIID>
      <description>Chat Tool</description>
      <activityTitle>Chat</activityTitle>
      <helpText>Syncronous Chat tool</helpText>
      <helpURL>http://wiki.lamsfoundation.org/display/lamsdocs/lachat11</helpURL>
      <xCoord>504</xCoord>
      <yCoord>108</yCoord>
      <parentActivityID>54</parentActivityID>
      <parentUIID>36</parentUIID>
      <activityTypeID>1</activityTypeID>
      <orderID>2</orderID>
      <defineLater>false</defineLater>
      <learningDesignID>1</learningDesignID>
      <learningLibraryID>5</learningLibraryID>
      <createDateTime class="sql-timestamp">2009-02-05 18:16:38.0</createDateTime>
      <runOffline>false</runOffline>
      <toolSignature>lachat11</toolSignature>
      <toolID>5</toolID>
      <toolContentID>5</toolContentID>
      <toolDisplayName>Chat</toolDisplayName>
      <toolVersion>20081125</toolVersion>
      <authoringURL>tool/lachat11/authoring.do</authoringURL>
      <monitoringURL>tool/lachat11/monitoring.do</monitoringURL>
      <contributeURL>tool/lachat11/contribute.do</contributeURL>
      <moderationURL>tool/lachat11/moderate.do</moderationURL>
      <activityCategoryID>2</activityCategoryID>
      <applyGrouping>false</applyGrouping>
      <groupingSupportType>2</groupingSupportType>
      <libraryActivityUIImage>tool/lachat11/images/icon_chat.swf</libraryActivityUIImage>
      <readOnly>false</readOnly>
      <initialised>false</initialised>
      <stopAfterActivity>false</stopAfterActivity>
      <inputActivities/>
      <competenceMappingTitles/>
      <languageCode></languageCode>
      <supportsOutputs>true</supportsOutputs>
    </org.lamsfoundation.lams.learningdesign.dto.AuthoringActivityDTO>
    <org.lamsfoundation.lams.learningdesign.dto.AuthoringActivityDTO>
      <activityID>58</activityID>
      <activityUIID>41</activityUIID>
      <activityTitle>Branch 2</activityTitle>
      <parentActivityID>53</parentActivityID>
      <parentUIID>35</parentUIID>
      <activityTypeID>8</activityTypeID>
      <orderID>2</orderID>
      <defineLater>false</defineLater>
      <learningDesignID>1</learningDesignID>
      <createDateTime class="sql-timestamp">2009-02-05 18:16:38.0</createDateTime>
      <runOffline>false</runOffline>
      <activityCategoryID>1</activityCategoryID>
      <applyGrouping>false</applyGrouping>
      <groupingSupportType>2</groupingSupportType>
      <readOnly>false</readOnly>
      <initialised>false</initialised>
      <stopAfterActivity>false</stopAfterActivity>
      <inputActivities/>
      <defaultActivityUIID>39</defaultActivityUIID>
      <languageCode></languageCode>
    </org.lamsfoundation.lams.learningdesign.dto.AuthoringActivityDTO>
    <org.lamsfoundation.lams.learningdesign.dto.AuthoringActivityDTO>
      <activityID>62</activityID>
      <activityUIID>53</activityUIID>
      <activityTitle>Sequence 2</activityTitle>
      <xCoord>4</xCoord>
      <yCoord>105</yCoord>
      <parentActivityID>63</parentActivityID>
      <parentUIID>51</parentUIID>
      <activityTypeID>8</activityTypeID>
      <orderID>2</orderID>
      <defineLater>false</defineLater>
      <learningDesignID>1</learningDesignID>
      <createDateTime class="sql-timestamp">2009-02-05 18:16:38.0</createDateTime>
      <runOffline>false</runOffline>
      <activityCategoryID>1</activityCategoryID>
      <applyGrouping>false</applyGrouping>
      <groupingSupportType>2</groupingSupportType>
      <readOnly>false</readOnly>
      <initialised>false</initialised>
      <stopAfterActivity>false</stopAfterActivity>
      <inputActivities/>
      <defaultActivityUIID>29</defaultActivityUIID>
      <languageCode></languageCode>
    </org.lamsfoundation.lams.learningdesign.dto.AuthoringActivityDTO>
    <org.lamsfoundation.lams.learningdesign.dto.AuthoringActivityDTO>
      <activityID>59</activityID>
      <activityUIID>45</activityUIID>
      <activityTitle>Branch 3</activityTitle>
      <parentActivityID>53</parentActivityID>
      <parentUIID>35</parentUIID>
      <activityTypeID>8</activityTypeID>
      <orderID>3</orderID>
      <defineLater>false</defineLater>
      <learningDesignID>1</learningDesignID>
      <createDateTime class="sql-timestamp">2009-02-05 18:16:38.0</createDateTime>
      <runOffline>false</runOffline>
      <activityCategoryID>1</activityCategoryID>
      <applyGrouping>false</applyGrouping>
      <groupingSupportType>2</groupingSupportType>
      <readOnly>false</readOnly>
      <initialised>false</initialised>
      <stopAfterActivity>false</stopAfterActivity>
      <inputActivities/>
      <languageCode></languageCode>
    </org.lamsfoundation.lams.learningdesign.dto.AuthoringActivityDTO>
    <org.lamsfoundation.lams.learningdesign.dto.AuthoringActivityDTO>
      <activityID>60</activityID>
      <activityUIID>50</activityUIID>
      <activityTitle>Optional Activity</activityTitle>
      <xCoord>219</xCoord>
      <yCoord>562</yCoord>
      <activityTypeID>7</activityTypeID>
      <defineLater>false</defineLater>
      <learningDesignID>1</learningDesignID>
      <createDateTime class="sql-timestamp">2009-02-05 18:16:38.0</createDateTime>
      <runOffline>false</runOffline>
      <activityCategoryID>1</activityCategoryID>
      <applyGrouping>false</applyGrouping>
      <groupingSupportType>2</groupingSupportType>
      <readOnly>false</readOnly>
      <initialised>false</initialised>
      <stopAfterActivity>false</stopAfterActivity>
      <inputActivities/>
      <languageCode></languageCode>
    </org.lamsfoundation.lams.learningdesign.dto.AuthoringActivityDTO>
    <org.lamsfoundation.lams.learningdesign.dto.AuthoringActivityDTO>
      <activityID>63</activityID>
      <activityUIID>51</activityUIID>
      <activityTitle>Optional Sequences</activityTitle>
      <xCoord>465</xCoord>
      <yCoord>442</yCoord>
      <activityTypeID>13</activityTypeID>
      <defineLater>false</defineLater>
      <learningDesignID>1</learningDesignID>
      <createDateTime class="sql-timestamp">2009-02-05 18:16:38.0</createDateTime>
      <runOffline>false</runOffline>
      <activityCategoryID>1</activityCategoryID>
      <applyGrouping>false</applyGrouping>
      <groupingSupportType>2</groupingSupportType>
      <readOnly>false</readOnly>
      <initialised>false</initialised>
      <stopAfterActivity>false</stopAfterActivity>
      <inputActivities/>
      <languageCode></languageCode>
    </org.lamsfoundation.lams.learningdesign.dto.AuthoringActivityDTO>
  </activities>
  <transitions>
    <org.lamsfoundation.lams.learningdesign.dto.TransitionDTO>
      <transitionID>10</transitionID>
      <transitionUIID>34</transitionUIID>
      <toUIID>33</toUIID>
      <fromUIID>31</fromUIID>
      <createDateTime class="sql-timestamp">2009-02-05 11:14:49.0</createDateTime>
      <toActivityID>39</toActivityID>
      <fromActivityID>38</fromActivityID>
      <learningDesignID>1</learningDesignID>
    </org.lamsfoundation.lams.learningdesign.dto.TransitionDTO>
    <org.lamsfoundation.lams.learningdesign.dto.TransitionDTO>
      <transitionID>28</transitionID>
      <transitionUIID>56</transitionUIID>
      <toUIID>51</toUIID>
      <fromUIID>50</fromUIID>
      <createDateTime class="sql-timestamp">2009-02-05 18:16:38.0</createDateTime>
      <toActivityID>63</toActivityID>
      <fromActivityID>60</fromActivityID>
      <learningDesignID>1</learningDesignID>
    </org.lamsfoundation.lams.learningdesign.dto.TransitionDTO>
    <org.lamsfoundation.lams.learningdesign.dto.TransitionDTO>
      <transitionID>25</transitionID>
      <transitionUIID>42</transitionUIID>
      <toUIID>38</toUIID>
      <fromUIID>37</fromUIID>
      <createDateTime class="sql-timestamp">2009-02-05 18:16:38.0</createDateTime>
      <toActivityID>56</toActivityID>
      <fromActivityID>55</fromActivityID>
      <learningDesignID>1</learningDesignID>
    </org.lamsfoundation.lams.learningdesign.dto.TransitionDTO>
    <org.lamsfoundation.lams.learningdesign.dto.TransitionDTO>
      <transitionID>1</transitionID>
      <transitionUIID>13</transitionUIID>
      <toUIID>4</toUIID>
      <fromUIID>11</fromUIID>
      <createDateTime class="sql-timestamp">2009-02-05 11:14:49.0</createDateTime>
      <toActivityID>28</toActivityID>
      <fromActivityID>30</fromActivityID>
      <learningDesignID>1</learningDesignID>
    </org.lamsfoundation.lams.learningdesign.dto.TransitionDTO>
    <org.lamsfoundation.lams.learningdesign.dto.TransitionDTO>
      <transitionID>27</transitionID>
      <transitionUIID>55</transitionUIID>
      <toUIID>50</toUIID>
      <fromUIID>35</fromUIID>
      <createDateTime class="sql-timestamp">2009-02-05 18:16:38.0</createDateTime>
      <toActivityID>60</toActivityID>
      <fromActivityID>53</fromActivityID>
      <learningDesignID>1</learningDesignID>
    </org.lamsfoundation.lams.learningdesign.dto.TransitionDTO>
    <org.lamsfoundation.lams.learningdesign.dto.TransitionDTO>
      <transitionID>29</transitionID>
      <transitionUIID>57</transitionUIID>
      <toUIID>31</toUIID>
      <fromUIID>51</fromUIID>
      <createDateTime class="sql-timestamp">2009-02-05 18:16:38.0</createDateTime>
      <toActivityID>38</toActivityID>
      <fromActivityID>63</fromActivityID>
      <learningDesignID>1</learningDesignID>
    </org.lamsfoundation.lams.learningdesign.dto.TransitionDTO>
    <org.lamsfoundation.lams.learningdesign.dto.TransitionDTO>
      <transitionID>2</transitionID>
      <transitionUIID>54</transitionUIID>
      <toUIID>26</toUIID>
      <fromUIID>25</fromUIID>
      <createDateTime class="sql-timestamp">2009-02-05 11:14:49.0</createDateTime>
      <toActivityID>36</toActivityID>
      <fromActivityID>35</fromActivityID>
      <learningDesignID>1</learningDesignID>
    </org.lamsfoundation.lams.learningdesign.dto.TransitionDTO>
    <org.lamsfoundation.lams.learningdesign.dto.TransitionDTO>
      <transitionID>26</transitionID>
      <transitionUIID>49</transitionUIID>
      <toUIID>35</toUIID>
      <fromUIID>4</fromUIID>
      <createDateTime class="sql-timestamp">2009-02-05 18:16:38.0</createDateTime>
      <toActivityID>53</toActivityID>
      <fromActivityID>28</fromActivityID>
      <learningDesignID>1</learningDesignID>
    </org.lamsfoundation.lams.learningdesign.dto.TransitionDTO>
    <org.lamsfoundation.lams.learningdesign.dto.TransitionDTO>
      <transitionID>12</transitionID>
      <transitionUIID>12</transitionUIID>
      <toUIID>11</toUIID>
      <fromUIID>1</fromUIID>
      <createDateTime class="sql-timestamp">2009-02-05 11:14:49.0</createDateTime>
      <toActivityID>30</toActivityID>
      <fromActivityID>27</fromActivityID>
      <learningDesignID>1</learningDesignID>
    </org.lamsfoundation.lams.learningdesign.dto.TransitionDTO>
  </transitions>
  <branchMappings/>
  <competences/>
</org.lamsfoundation.lams.learningdesign.dto.LearningDesignDTO>