<org.lamsfoundation.lams.learningdesign.dto.LearningDesignDTO>
  <learningDesignID>7</learningDesignID>
  <title>Test template</title>
  <firstActivityID>164</firstActivityID>
  <firstActivityUIID>1</firstActivityUIID>
  <floatingActivityID>164</floatingActivityID>
  <maxID>34</maxID>
  <validDesign>true</validDesign>
  <readOnly>false</readOnly>
  <editOverrideLock>false</editOverrideLock>
  <userID>5</userID>
  <copyTypeID>1</copyTypeID>
  <createDateTime class="sql-timestamp">2009-01-29 22:26:32.0</createDateTime>
  <version>2.2.0.200901291838</version>
  <designVersion>1</designVersion>
  <workspaceFolderID>5</workspaceFolderID>
  <lastModifiedDateTime class="sql-timestamp">2009-01-29 22:26:32.0</lastModifiedDateTime>
  <contentFolderID>2c94e4991d998bc1011d9993d17c006b</contentFolderID>
  <groupings>
    <org.lamsfoundation.lams.learningdesign.dto.GroupingDTO>
      <groupingID>7</groupingID>
      <groupingUIID>10</groupingUIID>
      <groupingTypeID>4</groupingTypeID>
      <numberOfGroups>1</numberOfGroups>
      <equalNumberOfLearnersPerGroup>true</equalNumberOfLearnersPerGroup>
      <groups>
        <org.lamsfoundation.lams.learningdesign.dto.GroupDTO>
          <groupID>7</groupID>
          <groupName>Group 1</groupName>
          <orderID>0</orderID>
          <userList/>
          <groupUIID>15</groupUIID>
        </org.lamsfoundation.lams.learningdesign.dto.GroupDTO>
      </groups>
    </org.lamsfoundation.lams.learningdesign.dto.GroupingDTO>
  </groupings>
  <activities>
    <org.lamsfoundation.lams.learningdesign.dto.AuthoringActivityDTO>
      <activityID>164</activityID>
      <activityUIID>1</activityUIID>
      <description>Notebook Tool</description>
      <activityTitle>Some notebook activity</activityTitle>
      <helpText>Notebook for notes and reflections</helpText>
      <helpURL>http://wiki.lamsfoundation.org/display/lamsdocs/lantbk11</helpURL>
      <xCoord>96</xCoord>
      <yCoord>73</yCoord>
      <activityTypeID>1</activityTypeID>
      <defineLater>false</defineLater>
      <learningDesignID>7</learningDesignID>
      <createDateTime class="sql-timestamp">2009-01-29 22:26:32.0</createDateTime>
      <runOffline>false</runOffline>
      <toolSignature>lantbk11</toolSignature>
      <toolID>49</toolID>
      <toolContentID>125</toolContentID>
      <toolDisplayName>Notebook</toolDisplayName>
      <toolVersion>20081118</toolVersion>
      <authoringURL>tool/lantbk11/authoring.do</authoringURL>
      <monitoringURL>tool/lantbk11/monitoring.do</monitoringURL>
      <contributeURL>tool/lantbk11/contribute.do</contributeURL>
      <moderationURL>tool/lantbk11/moderate.do</moderationURL>
      <activityCategoryID>6</activityCategoryID>
      <applyGrouping>false</applyGrouping>
      <groupingSupportType>2</groupingSupportType>
      <libraryActivityUIImage>tool/lantbk11/images/icon_notebook.swf</libraryActivityUIImage>
      <readOnly>false</readOnly>
      <initialised>false</initialised>
      <stopAfterActivity>false</stopAfterActivity>
      <inputActivities/>
      <competenceMappingTitles/>
      <languageCode></languageCode>
      <supportsOutputs>true</supportsOutputs>
    </org.lamsfoundation.lams.learningdesign.dto.AuthoringActivityDTO>
    <org.lamsfoundation.lams.learningdesign.dto.AuthoringActivityDTO>
      <activityID>165</activityID>
      <activityUIID>4</activityUIID>
      <activityTitle>Gate</activityTitle>
      <xCoord>258</xCoord>
      <yCoord>315</yCoord>
      <activityTypeID>5</activityTypeID>
      <defineLater>false</defineLater>
      <learningDesignID>7</learningDesignID>
      <createDateTime class="sql-timestamp">2009-01-29 22:26:32.0</createDateTime>
      <runOffline>false</runOffline>
      <activityCategoryID>1</activityCategoryID>
      <gateActivityLevelID>1</gateActivityLevelID>
      <applyGrouping>false</applyGrouping>
      <groupingSupportType>2</groupingSupportType>
      <readOnly>false</readOnly>
      <initialised>false</initialised>
      <stopAfterActivity>false</stopAfterActivity>
      <inputActivities/>
      <languageCode></languageCode>
    </org.lamsfoundation.lams.learningdesign.dto.AuthoringActivityDTO>
    <org.lamsfoundation.lams.learningdesign.dto.AuthoringActivityDTO>
      <activityID>166</activityID>
      <activityUIID>8</activityUIID>
      <description>Online threaded discussion tool (asynchronous).</description>
      <activityTitle>Forum with a very veeeeery long name</activityTitle>
      <helpText>Discussion tool useful for long running collaborations and situations where learners are not all on line at the same time.</helpText>
      <helpURL>http://wiki.lamsfoundation.org/display/lamsdocs/lafrum11</helpURL>
      <xCoord>372</xCoord>
      <yCoord>378</yCoord>
      <activityTypeID>1</activityTypeID>
      <defineLater>false</defineLater>
      <learningDesignID>7</learningDesignID>
      <createDateTime class="sql-timestamp">2009-01-29 22:26:32.0</createDateTime>
      <runOffline>false</runOffline>
      <toolSignature>lafrum11</toolSignature>
      <toolID>42</toolID>
      <toolContentID>126</toolContentID>
      <toolDisplayName>Forum</toolDisplayName>
      <toolVersion>20081118</toolVersion>
      <authoringURL>tool/lafrum11/authoring.do</authoringURL>
      <monitoringURL>tool/lafrum11/monitoring.do</monitoringURL>
      <contributeURL>tool/lafrum11/contribute.do</contributeURL>
      <moderationURL>tool/lafrum11/moderate.do</moderationURL>
      <activityCategoryID>2</activityCategoryID>
      <applyGrouping>false</applyGrouping>
      <groupingSupportType>2</groupingSupportType>
      <libraryActivityUIImage>tool/lafrum11/images/icon_forum.swf</libraryActivityUIImage>
      <readOnly>false</readOnly>
      <initialised>false</initialised>
      <stopAfterActivity>false</stopAfterActivity>
      <inputActivities/>
      <competenceMappingTitles/>
      <languageCode></languageCode>
      <supportsOutputs>true</supportsOutputs>
    </org.lamsfoundation.lams.learningdesign.dto.AuthoringActivityDTO>
    <org.lamsfoundation.lams.learningdesign.dto.AuthoringActivityDTO>
      <activityID>167</activityID>
      <activityUIID>11</activityUIID>
      <activityTitle>Grouping</activityTitle>
      <xCoord>119</xCoord>
      <yCoord>171</yCoord>
      <activityTypeID>2</activityTypeID>
      <defineLater>false</defineLater>
      <learningDesignID>7</learningDesignID>
      <createDateTime class="sql-timestamp">2009-01-29 22:26:32.0</createDateTime>
      <runOffline>false</runOffline>
      <activityCategoryID>1</activityCategoryID>
      <applyGrouping>false</applyGrouping>
      <groupingSupportType>2</groupingSupportType>
      <createGroupingID>7</createGroupingID>
      <createGroupingUIID>10</createGroupingUIID>
      <readOnly>false</readOnly>
      <initialised>false</initialised>
      <stopAfterActivity>false</stopAfterActivity>
      <inputActivities/>
      <languageCode></languageCode>
    </org.lamsfoundation.lams.learningdesign.dto.AuthoringActivityDTO>
    <org.lamsfoundation.lams.learningdesign.dto.AuthoringActivityDTO>
      <activityID>168</activityID>
      <activityUIID>14</activityUIID>
      <description>Chat Tool</description>
      <activityTitle>Chat</activityTitle>
      <helpText>Syncronous Chat tool</helpText>
      <helpURL>http://wiki.lamsfoundation.org/display/lamsdocs/lachat11</helpURL>
      <xCoord>284</xCoord>
      <yCoord>471</yCoord>
      <activityTypeID>1</activityTypeID>
      <defineLater>false</defineLater>
      <learningDesignID>7</learningDesignID>
      <createDateTime class="sql-timestamp">2009-01-29 22:26:32.0</createDateTime>
      <runOffline>false</runOffline>
      <toolSignature>lachat11</toolSignature>
      <toolID>46</toolID>
      <toolContentID>127</toolContentID>
      <toolDisplayName>Chat</toolDisplayName>
      <toolVersion>20081125</toolVersion>
      <authoringURL>tool/lachat11/authoring.do</authoringURL>
      <monitoringURL>tool/lachat11/monitoring.do</monitoringURL>
      <contributeURL>tool/lachat11/contribute.do</contributeURL>
      <moderationURL>tool/lachat11/moderate.do</moderationURL>
      <activityCategoryID>2</activityCategoryID>
      <applyGrouping>false</applyGrouping>
      <groupingSupportType>2</groupingSupportType>
      <libraryActivityUIImage>tool/lachat11/images/icon_chat.swf</libraryActivityUIImage>
      <readOnly>false</readOnly>
      <initialised>false</initialised>
      <stopAfterActivity>false</stopAfterActivity>
      <inputActivities/>
      <competenceMappingTitles/>
      <languageCode></languageCode>
      <supportsOutputs>true</supportsOutputs>
    </org.lamsfoundation.lams.learningdesign.dto.AuthoringActivityDTO>
    <org.lamsfoundation.lams.learningdesign.dto.AuthoringActivityDTO>
      <activityID>169</activityID>
      <activityUIID>18</activityUIID>
      <description>Each learner answers question(s) and then sees answers from all learners collated on the next page.</description>
      <activityTitle>Q &amp; A</activityTitle>
      <helpText>Each learner answers one or more questions in short answer format and then sees answers from all learners collated on the next page.</helpText>
      <helpURL>http://wiki.lamsfoundation.org/display/lamsdocs/laqa11</helpURL>
      <xCoord>104</xCoord>
      <yCoord>486</yCoord>
      <activityTypeID>1</activityTypeID>
      <defineLater>false</defineLater>
      <learningDesignID>7</learningDesignID>
      <createDateTime class="sql-timestamp">2009-01-29 22:26:32.0</createDateTime>
      <runOffline>false</runOffline>
      <toolSignature>laqa11</toolSignature>
      <toolID>44</toolID>
      <toolContentID>128</toolContentID>
      <toolDisplayName>Question and Answer</toolDisplayName>
      <toolVersion>20081126</toolVersion>
      <authoringURL>tool/laqa11/authoringStarter.do</authoringURL>
      <monitoringURL>tool/laqa11/monitoringStarter.do</monitoringURL>
      <contributeURL>tool/laqa11/monitoringStarter.do</contributeURL>
      <moderationURL>tool/laqa11/monitoringStarter.do</moderationURL>
      <adminURL>tool/laqa11/laqa11admin.do</adminURL>
      <activityCategoryID>6</activityCategoryID>
      <applyGrouping>false</applyGrouping>
      <groupingSupportType>2</groupingSupportType>
      <libraryActivityUIImage>tool/laqa11/images/icon_questionanswer.swf</libraryActivityUIImage>
      <readOnly>false</readOnly>
      <initialised>false</initialised>
      <stopAfterActivity>false</stopAfterActivity>
      <inputActivities/>
      <competenceMappingTitles/>
      <languageCode></languageCode>
      <supportsOutputs>true</supportsOutputs>
    </org.lamsfoundation.lams.learningdesign.dto.AuthoringActivityDTO>
    <org.lamsfoundation.lams.learningdesign.dto.AuthoringActivityDTO>
      <activityID>170</activityID>
      <activityUIID>20</activityUIID>
      <description>Creates automated assessment questions. e.g. Multiple choice and true/false questions. Can provide feedback and scores.</description>
      <activityTitle>Multiple Choice</activityTitle>
      <helpText>Learner answers a series of automated assessment questions. e.g. Multiple choice and true/false questions. Optional features include feedback on each question and scoring. Questions are weighted for scoring.</helpText>
      <helpURL>http://wiki.lamsfoundation.org/display/lamsdocs/lamc11</helpURL>
      <xCoord>287</xCoord>
      <yCoord>604</yCoord>
      <activityTypeID>1</activityTypeID>
      <defineLater>false</defineLater>
      <learningDesignID>7</learningDesignID>
      <createDateTime class="sql-timestamp">2009-01-29 22:26:32.0</createDateTime>
      <runOffline>false</runOffline>
      <toolSignature>lamc11</toolSignature>
      <toolID>58</toolID>
      <toolContentID>129</toolContentID>
      <toolDisplayName>MCQ</toolDisplayName>
      <toolVersion>20081127</toolVersion>
      <authoringURL>tool/lamc11/authoringStarter.do</authoringURL>
      <monitoringURL>tool/lamc11/monitoringStarter.do</monitoringURL>
      <contributeURL>tool/lamc11/monitoringStarter.do</contributeURL>
      <moderationURL>tool/lamc11/monitoringStarter.do</moderationURL>
      <activityCategoryID>3</activityCategoryID>
      <applyGrouping>false</applyGrouping>
      <groupingSupportType>2</groupingSupportType>
      <libraryActivityUIImage>tool/lamc11/images/icon_mcq.swf</libraryActivityUIImage>
      <readOnly>false</readOnly>
      <initialised>false</initialised>
      <stopAfterActivity>false</stopAfterActivity>
      <inputActivities/>
      <competenceMappingTitles/>
      <languageCode></languageCode>
      <supportsOutputs>true</supportsOutputs>
    </org.lamsfoundation.lams.learningdesign.dto.AuthoringActivityDTO>
    <org.lamsfoundation.lams.learningdesign.dto.AuthoringActivityDTO>
      <activityID>171</activityID>
      <activityUIID>23</activityUIID>
      <description>Allows voting format</description>
      <activityTitle>Voting</activityTitle>
      <helpText>Voting help text</helpText>
      <helpURL>http://wiki.lamsfoundation.org/display/lamsdocs/lavote11</helpURL>
      <xCoord>79</xCoord>
      <yCoord>641</yCoord>
      <activityTypeID>1</activityTypeID>
      <defineLater>false</defineLater>
      <learningDesignID>7</learningDesignID>
      <createDateTime class="sql-timestamp">2009-01-29 22:26:32.0</createDateTime>
      <runOffline>false</runOffline>
      <toolSignature>lavote11</toolSignature>
      <toolID>48</toolID>
      <toolContentID>130</toolContentID>
      <toolDisplayName>Voting</toolDisplayName>
      <toolVersion>20081203</toolVersion>
      <authoringURL>tool/lavote11/authoringStarter.do</authoringURL>
      <monitoringURL>tool/lavote11/monitoringStarter.do</monitoringURL>
      <contributeURL>tool/lavote11/monitoringStarter.do</contributeURL>
      <moderationURL>tool/lavote11/monitoringStarter.do</moderationURL>
      <activityCategoryID>6</activityCategoryID>
      <applyGrouping>false</applyGrouping>
      <groupingSupportType>2</groupingSupportType>
      <libraryActivityUIImage>tool/lavote11/images/icon_ranking.swf</libraryActivityUIImage>
      <readOnly>false</readOnly>
      <initialised>false</initialised>
      <stopAfterActivity>false</stopAfterActivity>
      <inputActivities/>
      <competenceMappingTitles/>
      <languageCode></languageCode>
      <supportsOutputs>true</supportsOutputs>
    </org.lamsfoundation.lams.learningdesign.dto.AuthoringActivityDTO>
    <org.lamsfoundation.lams.learningdesign.dto.AuthoringActivityDTO>
      <activityID>172</activityID>
      <activityUIID>25</activityUIID>
      <description>Tool for displaying HTML content including external sources such as images and other media.</description>
      <activityTitle>Noticeboard</activityTitle>
      <helpText>Displays formatted text and links to external sources on a read only page.</helpText>
      <helpURL>http://wiki.lamsfoundation.org/display/lamsdocs/lanb11</helpURL>
      <xCoord>248</xCoord>
      <yCoord>699</yCoord>
      <activityTypeID>1</activityTypeID>
      <defineLater>false</defineLater>
      <learningDesignID>7</learningDesignID>
      <createDateTime class="sql-timestamp">2009-01-29 22:26:32.0</createDateTime>
      <runOffline>false</runOffline>
      <toolSignature>lanb11</toolSignature>
      <toolID>43</toolID>
      <toolContentID>131</toolContentID>
      <toolDisplayName>NoticeboardX</toolDisplayName>
      <toolVersion>20081209</toolVersion>
      <authoringURL>tool/lanb11/authoring.do</authoringURL>
      <monitoringURL>tool/lanb11/monitoring.do</monitoringURL>
      <activityCategoryID>4</activityCategoryID>
      <applyGrouping>false</applyGrouping>
      <groupingSupportType>2</groupingSupportType>
      <libraryActivityUIImage>tool/lanb11/images/icon_htmlnb.swf</libraryActivityUIImage>
      <readOnly>false</readOnly>
      <initialised>false</initialised>
      <stopAfterActivity>false</stopAfterActivity>
      <inputActivities/>
      <competenceMappingTitles/>
      <languageCode></languageCode>
      <supportsOutputs>false</supportsOutputs>
    </org.lamsfoundation.lams.learningdesign.dto.AuthoringActivityDTO>
    <org.lamsfoundation.lams.learningdesign.dto.AuthoringActivityDTO>
      <activityID>173</activityID>
      <activityUIID>26</activityUIID>
      <description>Task List.</description>
      <activityTitle>Task List</activityTitle>
      <helpText>Going through list of tasks.</helpText>
      <helpURL>http://wiki.lamsfoundation.org/display/lamsdocs/latask10</helpURL>
      <xCoord>461</xCoord>
      <yCoord>619</yCoord>
      <activityTypeID>1</activityTypeID>
      <defineLater>false</defineLater>
      <learningDesignID>7</learningDesignID>
      <createDateTime class="sql-timestamp">2009-01-29 22:26:32.0</createDateTime>
      <runOffline>false</runOffline>
      <toolSignature>latask10</toolSignature>
      <toolID>52</toolID>
      <toolContentID>132</toolContentID>
      <toolDisplayName>Shared TaskList</toolDisplayName>
      <toolVersion>20090113</toolVersion>
      <authoringURL>tool/latask10/authoring/start.do</authoringURL>
      <monitoringURL>tool/latask10/monitoring/summary.do</monitoringURL>
      <contributeURL>tool/latask10/contribute.do</contributeURL>
      <moderationURL>tool/latask10/moderate.do</moderationURL>
      <activityCategoryID>4</activityCategoryID>
      <applyGrouping>false</applyGrouping>
      <groupingSupportType>2</groupingSupportType>
      <libraryActivityUIImage>tool/latask10/images/icon_taskList.swf</libraryActivityUIImage>
      <readOnly>false</readOnly>
      <initialised>false</initialised>
      <stopAfterActivity>false</stopAfterActivity>
      <inputActivities/>
      <competenceMappingTitles/>
      <languageCode></languageCode>
      <supportsOutputs>true</supportsOutputs>
    </org.lamsfoundation.lams.learningdesign.dto.AuthoringActivityDTO>
    <org.lamsfoundation.lams.learningdesign.dto.AuthoringActivityDTO>
      <activityID>174</activityID>
      <activityUIID>29</activityUIID>
      <description>Learners submit files for assessment by the teacher. Scores and comments may be exported as a spreadsheet.</description>
      <activityTitle>Submit Files</activityTitle>
      <helpText>Learners submit files for assessment by the teacher. Scores and comments for each learner are recorded and may be exported as a spreadsheet.</helpText>
      <helpURL>http://wiki.lamsfoundation.org/display/lamsdocs/lasbmt11</helpURL>
      <xCoord>455</xCoord>
      <yCoord>495</yCoord>
      <activityTypeID>1</activityTypeID>
      <defineLater>false</defineLater>
      <learningDesignID>7</learningDesignID>
      <createDateTime class="sql-timestamp">2009-01-29 22:26:32.0</createDateTime>
      <runOffline>false</runOffline>
      <toolSignature>lasbmt11</toolSignature>
      <toolID>45</toolID>
      <toolContentID>133</toolContentID>
      <toolDisplayName>Submit File</toolDisplayName>
      <toolVersion>20090113</toolVersion>
      <authoringURL>tool/lasbmt11/authoring.do</authoringURL>
      <monitoringURL>tool/lasbmt11/monitoring.do</monitoringURL>
      <contributeURL>tool/lasbmt11/contribute.do</contributeURL>
      <moderationURL>tool/lasbmt11/moderation.do</moderationURL>
      <activityCategoryID>3</activityCategoryID>
      <applyGrouping>false</applyGrouping>
      <groupingSupportType>2</groupingSupportType>
      <libraryActivityUIImage>tool/lasbmt11/images/icon_reportsubmission.swf</libraryActivityUIImage>
      <readOnly>false</readOnly>
      <initialised>false</initialised>
      <stopAfterActivity>false</stopAfterActivity>
      <inputActivities/>
      <competenceMappingTitles/>
      <languageCode></languageCode>
      <supportsOutputs>false</supportsOutputs>
    </org.lamsfoundation.lams.learningdesign.dto.AuthoringActivityDTO>
    <org.lamsfoundation.lams.learningdesign.dto.AuthoringActivityDTO>
      <activityID>175</activityID>
      <activityUIID>31</activityUIID>
      <description>Sharing resources with others.</description>
      <activityTitle>Share Resources</activityTitle>
      <helpText>Uploading your resources to share with others.</helpText>
      <helpURL>http://wiki.lamsfoundation.org/display/lamsdocs/larsrc11</helpURL>
      <xCoord>480</xCoord>
      <yCoord>291</yCoord>
      <activityTypeID>1</activityTypeID>
      <defineLater>false</defineLater>
      <learningDesignID>7</learningDesignID>
      <createDateTime class="sql-timestamp">2009-01-29 22:26:32.0</createDateTime>
      <runOffline>false</runOffline>
      <toolSignature>larsrc11</toolSignature>
      <toolID>47</toolID>
      <toolContentID>134</toolContentID>
      <toolDisplayName>Shared Resources</toolDisplayName>
      <toolVersion>20090115</toolVersion>
      <authoringURL>tool/larsrc11/authoring/start.do</authoringURL>
      <monitoringURL>tool/larsrc11/monitoring/summary.do</monitoringURL>
      <contributeURL>tool/larsrc11/contribute.do</contributeURL>
      <moderationURL>tool/larsrc11/moderate.do</moderationURL>
      <activityCategoryID>4</activityCategoryID>
      <applyGrouping>false</applyGrouping>
      <groupingSupportType>2</groupingSupportType>
      <libraryActivityUIImage>tool/larsrc11/images/icon_rsrc.swf</libraryActivityUIImage>
      <readOnly>false</readOnly>
      <initialised>false</initialised>
      <stopAfterActivity>false</stopAfterActivity>
      <inputActivities/>
      <competenceMappingTitles/>
      <languageCode></languageCode>
      <supportsOutputs>false</supportsOutputs>
    </org.lamsfoundation.lams.learningdesign.dto.AuthoringActivityDTO>
    <org.lamsfoundation.lams.learningdesign.dto.AuthoringActivityDTO>
      <activityID>176</activityID>
      <activityUIID>33</activityUIID>
      <description>Wiki Tool</description>
      <activityTitle>Wiki</activityTitle>
      <helpText>Wiki tool for creating wiki pages</helpText>
      <helpURL>http://wiki.lamsfoundation.org/display/lamsdocs/lawiki10</helpURL>
      <xCoord>401</xCoord>
      <yCoord>126</yCoord>
      <activityTypeID>1</activityTypeID>
      <defineLater>false</defineLater>
      <learningDesignID>7</learningDesignID>
      <createDateTime class="sql-timestamp">2009-01-29 22:26:32.0</createDateTime>
      <runOffline>false</runOffline>
      <toolSignature>lawiki10</toolSignature>
      <toolID>56</toolID>
      <toolContentID>135</toolContentID>
      <toolDisplayName>Wiki</toolDisplayName>
      <toolVersion>20090121</toolVersion>
      <authoringURL>tool/lawiki10/authoring.do</authoringURL>
      <monitoringURL>tool/lawiki10/monitoring.do</monitoringURL>
      <contributeURL>tool/lawiki10/contribute.do</contributeURL>
      <moderationURL>tool/lawiki10/moderate.do</moderationURL>
      <activityCategoryID>2</activityCategoryID>
      <applyGrouping>false</applyGrouping>
      <groupingSupportType>2</groupingSupportType>
      <libraryActivityUIImage>tool/lawiki10/images/icon_wiki.swf</libraryActivityUIImage>
      <readOnly>false</readOnly>
      <initialised>false</initialised>
      <stopAfterActivity>false</stopAfterActivity>
      <inputActivities/>
      <competenceMappingTitles/>
      <languageCode></languageCode>
      <supportsOutputs>true</supportsOutputs>
    </org.lamsfoundation.lams.learningdesign.dto.AuthoringActivityDTO>
  </activities>
  <transitions>
    <org.lamsfoundation.lams.learningdesign.dto.TransitionDTO>
      <transitionID>79</transitionID>
      <transitionUIID>13</transitionUIID>
      <toUIID>4</toUIID>
      <fromUIID>11</fromUIID>
      <createDateTime class="sql-timestamp">2009-01-29 22:26:32.0</createDateTime>
      <toActivityID>165</toActivityID>
      <fromActivityID>167</fromActivityID>
      <learningDesignID>7</learningDesignID>
    </org.lamsfoundation.lams.learningdesign.dto.TransitionDTO>
    <org.lamsfoundation.lams.learningdesign.dto.TransitionDTO>
      <transitionID>77</transitionID>
      <transitionUIID>28</transitionUIID>
      <toUIID>26</toUIID>
      <fromUIID>25</fromUIID>
      <createDateTime class="sql-timestamp">2009-01-29 22:26:32.0</createDateTime>
      <toActivityID>173</toActivityID>
      <fromActivityID>172</fromActivityID>
      <learningDesignID>7</learningDesignID>
    </org.lamsfoundation.lams.learningdesign.dto.TransitionDTO>
    <org.lamsfoundation.lams.learningdesign.dto.TransitionDTO>
      <transitionID>81</transitionID>
      <transitionUIID>17</transitionUIID>
      <toUIID>14</toUIID>
      <fromUIID>8</fromUIID>
      <createDateTime class="sql-timestamp">2009-01-29 22:26:32.0</createDateTime>
      <toActivityID>168</toActivityID>
      <fromActivityID>166</fromActivityID>
      <learningDesignID>7</learningDesignID>
    </org.lamsfoundation.lams.learningdesign.dto.TransitionDTO>
    <org.lamsfoundation.lams.learningdesign.dto.TransitionDTO>
      <transitionID>74</transitionID>
      <transitionUIID>32</transitionUIID>
      <toUIID>31</toUIID>
      <fromUIID>29</fromUIID>
      <createDateTime class="sql-timestamp">2009-01-29 22:26:32.0</createDateTime>
      <toActivityID>175</toActivityID>
      <fromActivityID>174</fromActivityID>
      <learningDesignID>7</learningDesignID>
    </org.lamsfoundation.lams.learningdesign.dto.TransitionDTO>
    <org.lamsfoundation.lams.learningdesign.dto.TransitionDTO>
      <transitionID>83</transitionID>
      <transitionUIID>21</transitionUIID>
      <toUIID>20</toUIID>
      <fromUIID>18</fromUIID>
      <createDateTime class="sql-timestamp">2009-01-29 22:26:32.0</createDateTime>
      <toActivityID>170</toActivityID>
      <fromActivityID>169</fromActivityID>
      <learningDesignID>7</learningDesignID>
    </org.lamsfoundation.lams.learningdesign.dto.TransitionDTO>
    <org.lamsfoundation.lams.learningdesign.dto.TransitionDTO>
      <transitionID>78</transitionID>
      <transitionUIID>24</transitionUIID>
      <toUIID>23</toUIID>
      <fromUIID>20</fromUIID>
      <createDateTime class="sql-timestamp">2009-01-29 22:26:32.0</createDateTime>
      <toActivityID>171</toActivityID>
      <fromActivityID>170</fromActivityID>
      <learningDesignID>7</learningDesignID>
    </org.lamsfoundation.lams.learningdesign.dto.TransitionDTO>
    <org.lamsfoundation.lams.learningdesign.dto.TransitionDTO>
      <transitionID>76</transitionID>
      <transitionUIID>30</transitionUIID>
      <toUIID>29</toUIID>
      <fromUIID>26</fromUIID>
      <createDateTime class="sql-timestamp">2009-01-29 22:26:32.0</createDateTime>
      <toActivityID>174</toActivityID>
      <fromActivityID>173</fromActivityID>
      <learningDesignID>7</learningDesignID>
    </org.lamsfoundation.lams.learningdesign.dto.TransitionDTO>
    <org.lamsfoundation.lams.learningdesign.dto.TransitionDTO>
      <transitionID>73</transitionID>
      <transitionUIID>19</transitionUIID>
      <toUIID>18</toUIID>
      <fromUIID>14</fromUIID>
      <createDateTime class="sql-timestamp">2009-01-29 22:26:32.0</createDateTime>
      <toActivityID>169</toActivityID>
      <fromActivityID>168</fromActivityID>
      <learningDesignID>7</learningDesignID>
    </org.lamsfoundation.lams.learningdesign.dto.TransitionDTO>
    <org.lamsfoundation.lams.learningdesign.dto.TransitionDTO>
      <transitionID>80</transitionID>
      <transitionUIID>27</transitionUIID>
      <toUIID>25</toUIID>
      <fromUIID>23</fromUIID>
      <createDateTime class="sql-timestamp">2009-01-29 22:26:32.0</createDateTime>
      <toActivityID>172</toActivityID>
      <fromActivityID>171</fromActivityID>
      <learningDesignID>7</learningDesignID>
    </org.lamsfoundation.lams.learningdesign.dto.TransitionDTO>
    <org.lamsfoundation.lams.learningdesign.dto.TransitionDTO>
      <transitionID>84</transitionID>
      <transitionUIID>22</transitionUIID>
      <toUIID>8</toUIID>
      <fromUIID>4</fromUIID>
      <createDateTime class="sql-timestamp">2009-01-29 22:26:32.0</createDateTime>
      <toActivityID>166</toActivityID>
      <fromActivityID>165</fromActivityID>
      <learningDesignID>7</learningDesignID>
    </org.lamsfoundation.lams.learningdesign.dto.TransitionDTO>
    <org.lamsfoundation.lams.learningdesign.dto.TransitionDTO>
      <transitionID>75</transitionID>
      <transitionUIID>34</transitionUIID>
      <toUIID>33</toUIID>
      <fromUIID>31</fromUIID>
      <createDateTime class="sql-timestamp">2009-01-29 22:26:32.0</createDateTime>
      <toActivityID>176</toActivityID>
      <fromActivityID>175</fromActivityID>
      <learningDesignID>7</learningDesignID>
    </org.lamsfoundation.lams.learningdesign.dto.TransitionDTO>
    <org.lamsfoundation.lams.learningdesign.dto.TransitionDTO>
      <transitionID>82</transitionID>
      <transitionUIID>12</transitionUIID>
      <toUIID>11</toUIID>
      <fromUIID>1</fromUIID>
      <createDateTime class="sql-timestamp">2009-01-29 22:26:32.0</createDateTime>
      <toActivityID>167</toActivityID>
      <fromActivityID>164</fromActivityID>
      <learningDesignID>7</learningDesignID>
    </org.lamsfoundation.lams.learningdesign.dto.TransitionDTO>
  </transitions>
  <branchMappings/>
  <competences/>
</org.lamsfoundation.lams.learningdesign.dto.LearningDesignDTO>