<org.lamsfoundation.lams.tool.mc.pojos.McContent>
  <mcContentId>17</mcContentId>
  <title>MCQ</title>
  <instructions>&lt;div&gt;Instructions&lt;/div&gt;</instructions>
  <defineLater>false</defineLater>
  <runOffline>false</runOffline>
  <reflect>false</reflect>
  <updateDate class="sql-timestamp">2008-02-15 02:10:02.0</updateDate>
  <questionsSequenced>false</questionsSequenced>
  <createdBy>5</createdBy>
  <contentInUse>false</contentInUse>
  <offlineInstructions></offlineInstructions>
  <onlineInstructions></onlineInstructions>
  <retries>false</retries>
  <showReport>false</showReport>
  <randomize>false</randomize>
  <displayAnswers>true</displayAnswers>
  <showMarks>false</showMarks>
  <passMark>0</passMark>
  <reflectionSubject></reflectionSubject>
  <mcQueContents class="tree-set">
    <no-comparator/>
    <org.lamsfoundation.lams.tool.mc.pojos.McQueContent>
      <question>A Sample question?</question>
      <displayOrder>1</displayOrder>
      <mark>1</mark>
      <feedback></feedback>
      <mcContent reference="../../.."/>
      <mcUsrAttempts class="tree-set">
        <no-comparator/>
      </mcUsrAttempts>
      <mcOptionsContents class="tree-set">
        <no-comparator/>
        <org.lamsfoundation.lams.tool.mc.pojos.McOptsContent>
          <correctOption>true</correctOption>
          <mcQueOptionText>Answer 2</mcQueOptionText>
          <displayOrder>2</displayOrder>
          <mcQueContent reference="../../.."/>
          <mcUsrAttempts class="tree-set">
            <no-comparator/>
          </mcUsrAttempts>
        </org.lamsfoundation.lams.tool.mc.pojos.McOptsContent>
        <org.lamsfoundation.lams.tool.mc.pojos.McOptsContent>
          <correctOption>false</correctOption>
          <mcQueOptionText>Answer 1</mcQueOptionText>
          <displayOrder>1</displayOrder>
          <mcQueContent reference="../../.."/>
          <mcUsrAttempts class="tree-set">
            <no-comparator/>
          </mcUsrAttempts>
        </org.lamsfoundation.lams.tool.mc.pojos.McOptsContent>
      </mcOptionsContents>
    </org.lamsfoundation.lams.tool.mc.pojos.McQueContent>
    <org.lamsfoundation.lams.tool.mc.pojos.McQueContent>
      <question>&lt;div&gt;asdasd&lt;/div&gt;</question>
      <displayOrder>2</displayOrder>
      <mark>1</mark>
      <feedback></feedback>
      <mcContent reference="../../.."/>
      <mcUsrAttempts class="tree-set">
        <no-comparator/>
      </mcUsrAttempts>
      <mcOptionsContents class="tree-set">
        <no-comparator/>
        <org.lamsfoundation.lams.tool.mc.pojos.McOptsContent>
          <correctOption>false</correctOption>
          <mcQueOptionText>Answer 1</mcQueOptionText>
          <displayOrder>1</displayOrder>
          <mcQueContent reference="../../.."/>
          <mcUsrAttempts class="tree-set">
            <no-comparator/>
          </mcUsrAttempts>
        </org.lamsfoundation.lams.tool.mc.pojos.McOptsContent>
        <org.lamsfoundation.lams.tool.mc.pojos.McOptsContent>
          <correctOption>true</correctOption>
          <mcQueOptionText>Answer 2</mcQueOptionText>
          <displayOrder>2</displayOrder>
          <mcQueContent reference="../../.."/>
          <mcUsrAttempts class="tree-set">
            <no-comparator/>
          </mcUsrAttempts>
        </org.lamsfoundation.lams.tool.mc.pojos.McOptsContent>
      </mcOptionsContents>
    </org.lamsfoundation.lams.tool.mc.pojos.McQueContent>
    <org.lamsfoundation.lams.tool.mc.pojos.McQueContent>
      <question>&lt;div&gt;3324234&lt;/div&gt;</question>
      <displayOrder>3</displayOrder>
      <mark>1</mark>
      <feedback></feedback>
      <mcContent reference="../../.."/>
      <mcUsrAttempts class="tree-set">
        <no-comparator/>
      </mcUsrAttempts>
      <mcOptionsContents class="tree-set">
        <no-comparator/>
        <org.lamsfoundation.lams.tool.mc.pojos.McOptsContent>
          <correctOption>true</correctOption>
          <mcQueOptionText>Answer 2</mcQueOptionText>
          <displayOrder>2</displayOrder>
          <mcQueContent reference="../../.."/>
          <mcUsrAttempts class="tree-set">
            <no-comparator/>
          </mcUsrAttempts>
        </org.lamsfoundation.lams.tool.mc.pojos.McOptsContent>
        <org.lamsfoundation.lams.tool.mc.pojos.McOptsContent>
          <correctOption>false</correctOption>
          <mcQueOptionText>Answer 1</mcQueOptionText>
          <displayOrder>1</displayOrder>
          <mcQueContent reference="../../.."/>
          <mcUsrAttempts class="tree-set">
            <no-comparator/>
          </mcUsrAttempts>
        </org.lamsfoundation.lams.tool.mc.pojos.McOptsContent>
      </mcOptionsContents>
    </org.lamsfoundation.lams.tool.mc.pojos.McQueContent>
    <org.lamsfoundation.lams.tool.mc.pojos.McQueContent>
      <question>&lt;div&gt;45646&lt;/div&gt;</question>
      <displayOrder>4</displayOrder>
      <mark>1</mark>
      <feedback></feedback>
      <mcContent reference="../../.."/>
      <mcUsrAttempts class="tree-set">
        <no-comparator/>
      </mcUsrAttempts>
      <mcOptionsContents class="tree-set">
        <no-comparator/>
        <org.lamsfoundation.lams.tool.mc.pojos.McOptsContent>
          <correctOption>false</correctOption>
          <mcQueOptionText>Answer 1</mcQueOptionText>
          <displayOrder>1</displayOrder>
          <mcQueContent reference="../../.."/>
          <mcUsrAttempts class="tree-set">
            <no-comparator/>
          </mcUsrAttempts>
        </org.lamsfoundation.lams.tool.mc.pojos.McOptsContent>
        <org.lamsfoundation.lams.tool.mc.pojos.McOptsContent>
          <correctOption>true</correctOption>
          <mcQueOptionText>Answer 2</mcQueOptionText>
          <displayOrder>2</displayOrder>
          <mcQueContent reference="../../.."/>
          <mcUsrAttempts class="tree-set">
            <no-comparator/>
          </mcUsrAttempts>
        </org.lamsfoundation.lams.tool.mc.pojos.McOptsContent>
      </mcOptionsContents>
    </org.lamsfoundation.lams.tool.mc.pojos.McQueContent>
    <org.lamsfoundation.lams.tool.mc.pojos.McQueContent>
      <question>&lt;div&gt;werwrwerwr&lt;/div&gt;</question>
      <displayOrder>5</displayOrder>
      <mark>1</mark>
      <feedback></feedback>
      <mcContent reference="../../.."/>
      <mcUsrAttempts class="tree-set">
        <no-comparator/>
      </mcUsrAttempts>
      <mcOptionsContents class="tree-set">
        <no-comparator/>
        <org.lamsfoundation.lams.tool.mc.pojos.McOptsContent>
          <correctOption>false</correctOption>
          <mcQueOptionText>Answer 1</mcQueOptionText>
          <displayOrder>1</displayOrder>
          <mcQueContent reference="../../.."/>
          <mcUsrAttempts class="tree-set">
            <no-comparator/>
          </mcUsrAttempts>
        </org.lamsfoundation.lams.tool.mc.pojos.McOptsContent>
        <org.lamsfoundation.lams.tool.mc.pojos.McOptsContent>
          <correctOption>true</correctOption>
          <mcQueOptionText>Answer 2</mcQueOptionText>
          <displayOrder>2</displayOrder>
          <mcQueContent reference="../../.."/>
          <mcUsrAttempts class="tree-set">
            <no-comparator/>
          </mcUsrAttempts>
        </org.lamsfoundation.lams.tool.mc.pojos.McOptsContent>
      </mcOptionsContents>
    </org.lamsfoundation.lams.tool.mc.pojos.McQueContent>
    <org.lamsfoundation.lams.tool.mc.pojos.McQueContent>
      <question>&lt;div&gt;fgdgdgdfg&lt;/div&gt;</question>
      <displayOrder>6</displayOrder>
      <mark>1</mark>
      <feedback></feedback>
      <mcContent reference="../../.."/>
      <mcUsrAttempts class="tree-set">
        <no-comparator/>
      </mcUsrAttempts>
      <mcOptionsContents class="tree-set">
        <no-comparator/>
        <org.lamsfoundation.lams.tool.mc.pojos.McOptsContent>
          <correctOption>true</correctOption>
          <mcQueOptionText>Answer 2</mcQueOptionText>
          <displayOrder>2</displayOrder>
          <mcQueContent reference="../../.."/>
          <mcUsrAttempts class="tree-set">
            <no-comparator/>
          </mcUsrAttempts>
        </org.lamsfoundation.lams.tool.mc.pojos.McOptsContent>
        <org.lamsfoundation.lams.tool.mc.pojos.McOptsContent>
          <correctOption>false</correctOption>
          <mcQueOptionText>Answer 1</mcQueOptionText>
          <displayOrder>1</displayOrder>
          <mcQueContent reference="../../.."/>
          <mcUsrAttempts class="tree-set">
            <no-comparator/>
          </mcUsrAttempts>
        </org.lamsfoundation.lams.tool.mc.pojos.McOptsContent>
      </mcOptionsContents>
    </org.lamsfoundation.lams.tool.mc.pojos.McQueContent>
    <org.lamsfoundation.lams.tool.mc.pojos.McQueContent>
      <question>&lt;div&gt;aaaa&lt;/div&gt;</question>
      <displayOrder>7</displayOrder>
      <mark>1</mark>
      <feedback></feedback>
      <mcContent reference="../../.."/>
      <mcUsrAttempts class="tree-set">
        <no-comparator/>
      </mcUsrAttempts>
      <mcOptionsContents class="tree-set">
        <no-comparator/>
        <org.lamsfoundation.lams.tool.mc.pojos.McOptsContent>
          <correctOption>true</correctOption>
          <mcQueOptionText>Answer 2</mcQueOptionText>
          <displayOrder>2</displayOrder>
          <mcQueContent reference="../../.."/>
          <mcUsrAttempts class="tree-set">
            <no-comparator/>
          </mcUsrAttempts>
        </org.lamsfoundation.lams.tool.mc.pojos.McOptsContent>
        <org.lamsfoundation.lams.tool.mc.pojos.McOptsContent>
          <correctOption>false</correctOption>
          <mcQueOptionText>Answer 1</mcQueOptionText>
          <displayOrder>1</displayOrder>
          <mcQueContent reference="../../.."/>
          <mcUsrAttempts class="tree-set">
            <no-comparator/>
          </mcUsrAttempts>
        </org.lamsfoundation.lams.tool.mc.pojos.McOptsContent>
      </mcOptionsContents>
    </org.lamsfoundation.lams.tool.mc.pojos.McQueContent>
    <org.lamsfoundation.lams.tool.mc.pojos.McQueContent>
      <question>&lt;div&gt;zzzzz&lt;/div&gt;</question>
      <displayOrder>8</displayOrder>
      <mark>1</mark>
      <feedback></feedback>
      <mcContent reference="../../.."/>
      <mcUsrAttempts class="tree-set">
        <no-comparator/>
      </mcUsrAttempts>
      <mcOptionsContents class="tree-set">
        <no-comparator/>
        <org.lamsfoundation.lams.tool.mc.pojos.McOptsContent>
          <correctOption>true</correctOption>
          <mcQueOptionText>Answer 2</mcQueOptionText>
          <displayOrder>2</displayOrder>
          <mcQueContent reference="../../.."/>
          <mcUsrAttempts class="tree-set">
            <no-comparator/>
          </mcUsrAttempts>
        </org.lamsfoundation.lams.tool.mc.pojos.McOptsContent>
        <org.lamsfoundation.lams.tool.mc.pojos.McOptsContent>
          <correctOption>false</correctOption>
          <mcQueOptionText>Answer 1</mcQueOptionText>
          <displayOrder>1</displayOrder>
          <mcQueContent reference="../../.."/>
          <mcUsrAttempts class="tree-set">
            <no-comparator/>
          </mcUsrAttempts>
        </org.lamsfoundation.lams.tool.mc.pojos.McOptsContent>
      </mcOptionsContents>
    </org.lamsfoundation.lams.tool.mc.pojos.McQueContent>
    <org.lamsfoundation.lams.tool.mc.pojos.McQueContent>
      <question>&lt;div&gt;xxxx&lt;/div&gt;</question>
      <displayOrder>9</displayOrder>
      <mark>1</mark>
      <feedback></feedback>
      <mcContent reference="../../.."/>
      <mcUsrAttempts class="tree-set">
        <no-comparator/>
      </mcUsrAttempts>
      <mcOptionsContents class="tree-set">
        <no-comparator/>
        <org.lamsfoundation.lams.tool.mc.pojos.McOptsContent>
          <correctOption>false</correctOption>
          <mcQueOptionText>Answer 1</mcQueOptionText>
          <displayOrder>1</displayOrder>
          <mcQueContent reference="../../.."/>
          <mcUsrAttempts class="tree-set">
            <no-comparator/>
          </mcUsrAttempts>
        </org.lamsfoundation.lams.tool.mc.pojos.McOptsContent>
        <org.lamsfoundation.lams.tool.mc.pojos.McOptsContent>
          <correctOption>true</correctOption>
          <mcQueOptionText>Answer 2</mcQueOptionText>
          <displayOrder>2</displayOrder>
          <mcQueContent reference="../../.."/>
          <mcUsrAttempts class="tree-set">
            <no-comparator/>
          </mcUsrAttempts>
        </org.lamsfoundation.lams.tool.mc.pojos.McOptsContent>
      </mcOptionsContents>
    </org.lamsfoundation.lams.tool.mc.pojos.McQueContent>
    <org.lamsfoundation.lams.tool.mc.pojos.McQueContent>
      <question>&lt;div&gt;2313313123123&lt;/div&gt;</question>
      <displayOrder>10</displayOrder>
      <mark>1</mark>
      <feedback></feedback>
      <mcContent reference="../../.."/>
      <mcUsrAttempts class="tree-set">
        <no-comparator/>
      </mcUsrAttempts>
      <mcOptionsContents class="tree-set">
        <no-comparator/>
        <org.lamsfoundation.lams.tool.mc.pojos.McOptsContent>
          <correctOption>true</correctOption>
          <mcQueOptionText>Answer 2</mcQueOptionText>
          <displayOrder>2</displayOrder>
          <mcQueContent reference="../../.."/>
          <mcUsrAttempts class="tree-set">
            <no-comparator/>
          </mcUsrAttempts>
        </org.lamsfoundation.lams.tool.mc.pojos.McOptsContent>
        <org.lamsfoundation.lams.tool.mc.pojos.McOptsContent>
          <correctOption>false</correctOption>
          <mcQueOptionText>Answer 1</mcQueOptionText>
          <displayOrder>1</displayOrder>
          <mcQueContent reference="../../.."/>
          <mcUsrAttempts class="tree-set">
            <no-comparator/>
          </mcUsrAttempts>
        </org.lamsfoundation.lams.tool.mc.pojos.McOptsContent>
      </mcOptionsContents>
    </org.lamsfoundation.lams.tool.mc.pojos.McQueContent>
  </mcQueContents>
  <mcAttachments class="tree-set">
    <no-comparator/>
  </mcAttachments>
</org.lamsfoundation.lams.tool.mc.pojos.McContent>