<org.lamsfoundation.lams.learningdesign.dto.LearningDesignDTO>
  <learningDesignID>3</learningDesignID>
  <title>10forums</title>
  <firstActivityID>31</firstActivityID>
  <firstActivityUIID>1</firstActivityUIID>
  <floatingActivityID>31</floatingActivityID>
  <maxID>19</maxID>
  <validDesign>true</validDesign>
  <readOnly>false</readOnly>
  <editOverrideLock>false</editOverrideLock>
  <userID>5</userID>
  <copyTypeID>1</copyTypeID>
  <createDateTime class="sql-timestamp">2009-03-20 19:20:11.0</createDateTime>
  <version>2.2.0.200903201903</version>
  <designVersion>1</designVersion>
  <workspaceFolderID>5</workspaceFolderID>
  <lastModifiedDateTime class="sql-timestamp">2009-03-20 19:20:11.0</lastModifiedDateTime>
  <contentFolderID>ff8081812022f595012022f5fd4b0005</contentFolderID>
  <groupings/>
  <activities>
    <org.lamsfoundation.lams.learningdesign.dto.AuthoringActivityDTO>
      <activityID>31</activityID>
      <activityUIID>1</activityUIID>
      <description>Online threaded discussion tool (asynchronous).</description>
      <activityTitle>Forum1</activityTitle>
      <helpText>Discussion tool useful for long running collaborations and situations where learners are not all on line at the same time.</helpText>
      <helpURL>http://wiki.lamsfoundation.org/display/lamsdocs/lafrum11</helpURL>
      <xCoord>20</xCoord>
      <yCoord>35</yCoord>
      <activityTypeID>1</activityTypeID>
      <defineLater>false</defineLater>
      <learningDesignID>3</learningDesignID>
      <learningLibraryID>1</learningLibraryID>
      <createDateTime class="sql-timestamp">2009-03-20 19:20:11.0</createDateTime>
      <runOffline>false</runOffline>
      <toolSignature>lafrum11</toolSignature>
      <toolID>1</toolID>
      <toolContentID>1</toolContentID>
      <toolDisplayName>Forum</toolDisplayName>
      <toolVersion>20081118</toolVersion>
      <authoringURL>tool/lafrum11/authoring.do</authoringURL>
      <monitoringURL>tool/lafrum11/monitoring.do</monitoringURL>
      <contributeURL>tool/lafrum11/contribute.do</contributeURL>
      <moderationURL>tool/lafrum11/moderate.do</moderationURL>
      <activityCategoryID>2</activityCategoryID>
      <applyGrouping>false</applyGrouping>
      <groupingSupportType>2</groupingSupportType>
      <libraryActivityUIImage>tool/lafrum11/images/icon_forum.swf</libraryActivityUIImage>
      <readOnly>false</readOnly>
      <initialised>false</initialised>
      <stopAfterActivity>false</stopAfterActivity>
      <inputActivities/>
      <competenceMappingTitles/>
      <activityEvaluations/>
      <languageCode></languageCode>
      <supportsOutputs>true</supportsOutputs>
    </org.lamsfoundation.lams.learningdesign.dto.AuthoringActivityDTO>
    <org.lamsfoundation.lams.learningdesign.dto.AuthoringActivityDTO>
      <activityID>32</activityID>
      <activityUIID>2</activityUIID>
      <description>Online threaded discussion tool (asynchronous).</description>
      <activityTitle>Forum2</activityTitle>
      <helpText>Discussion tool useful for long running collaborations and situations where learners are not all on line at the same time.</helpText>
      <helpURL>http://wiki.lamsfoundation.org/display/lamsdocs/lafrum11</helpURL>
      <xCoord>240</xCoord>
      <yCoord>35</yCoord>
      <activityTypeID>1</activityTypeID>
      <defineLater>false</defineLater>
      <learningDesignID>3</learningDesignID>
      <learningLibraryID>1</learningLibraryID>
      <createDateTime class="sql-timestamp">2009-03-20 19:20:11.0</createDateTime>
      <runOffline>false</runOffline>
      <toolSignature>lafrum11</toolSignature>
      <toolID>1</toolID>
      <toolContentID>1</toolContentID>
      <toolDisplayName>Forum</toolDisplayName>
      <toolVersion>20081118</toolVersion>
      <authoringURL>tool/lafrum11/authoring.do</authoringURL>
      <monitoringURL>tool/lafrum11/monitoring.do</monitoringURL>
      <contributeURL>tool/lafrum11/contribute.do</contributeURL>
      <moderationURL>tool/lafrum11/moderate.do</moderationURL>
      <activityCategoryID>2</activityCategoryID>
      <applyGrouping>false</applyGrouping>
      <groupingSupportType>2</groupingSupportType>
      <libraryActivityUIImage>tool/lafrum11/images/icon_forum.swf</libraryActivityUIImage>
      <readOnly>false</readOnly>
      <initialised>false</initialised>
      <stopAfterActivity>false</stopAfterActivity>
      <inputActivities/>
      <competenceMappingTitles/>
      <activityEvaluations/>
      <languageCode></languageCode>
      <supportsOutputs>true</supportsOutputs>
    </org.lamsfoundation.lams.learningdesign.dto.AuthoringActivityDTO>
    <org.lamsfoundation.lams.learningdesign.dto.AuthoringActivityDTO>
      <activityID>33</activityID>
      <activityUIID>3</activityUIID>
      <description>Online threaded discussion tool (asynchronous).</description>
      <activityTitle>Forum3</activityTitle>
      <helpText>Discussion tool useful for long running collaborations and situations where learners are not all on line at the same time.</helpText>
      <helpURL>http://wiki.lamsfoundation.org/display/lamsdocs/lafrum11</helpURL>
      <xCoord>460</xCoord>
      <yCoord>35</yCoord>
      <activityTypeID>1</activityTypeID>
      <defineLater>false</defineLater>
      <learningDesignID>3</learningDesignID>
      <learningLibraryID>1</learningLibraryID>
      <createDateTime class="sql-timestamp">2009-03-20 19:20:11.0</createDateTime>
      <runOffline>false</runOffline>
      <toolSignature>lafrum11</toolSignature>
      <toolID>1</toolID>
      <toolContentID>1</toolContentID>
      <toolDisplayName>Forum</toolDisplayName>
      <toolVersion>20081118</toolVersion>
      <authoringURL>tool/lafrum11/authoring.do</authoringURL>
      <monitoringURL>tool/lafrum11/monitoring.do</monitoringURL>
      <contributeURL>tool/lafrum11/contribute.do</contributeURL>
      <moderationURL>tool/lafrum11/moderate.do</moderationURL>
      <activityCategoryID>2</activityCategoryID>
      <applyGrouping>false</applyGrouping>
      <groupingSupportType>2</groupingSupportType>
      <libraryActivityUIImage>tool/lafrum11/images/icon_forum.swf</libraryActivityUIImage>
      <readOnly>false</readOnly>
      <initialised>false</initialised>
      <stopAfterActivity>false</stopAfterActivity>
      <inputActivities/>
      <competenceMappingTitles/>
      <activityEvaluations/>
      <languageCode></languageCode>
      <supportsOutputs>true</supportsOutputs>
    </org.lamsfoundation.lams.learningdesign.dto.AuthoringActivityDTO>
    <org.lamsfoundation.lams.learningdesign.dto.AuthoringActivityDTO>
      <activityID>34</activityID>
      <activityUIID>4</activityUIID>
      <description>Online threaded discussion tool (asynchronous).</description>
      <activityTitle>Forum4</activityTitle>
      <helpText>Discussion tool useful for long running collaborations and situations where learners are not all on line at the same time.</helpText>
      <helpURL>http://wiki.lamsfoundation.org/display/lamsdocs/lafrum11</helpURL>
      <xCoord>680</xCoord>
      <yCoord>35</yCoord>
      <activityTypeID>1</activityTypeID>
      <defineLater>false</defineLater>
      <learningDesignID>3</learningDesignID>
      <learningLibraryID>1</learningLibraryID>
      <createDateTime class="sql-timestamp">2009-03-20 19:20:11.0</createDateTime>
      <runOffline>false</runOffline>
      <toolSignature>lafrum11</toolSignature>
      <toolID>1</toolID>
      <toolContentID>1</toolContentID>
      <toolDisplayName>Forum</toolDisplayName>
      <toolVersion>20081118</toolVersion>
      <authoringURL>tool/lafrum11/authoring.do</authoringURL>
      <monitoringURL>tool/lafrum11/monitoring.do</monitoringURL>
      <contributeURL>tool/lafrum11/contribute.do</contributeURL>
      <moderationURL>tool/lafrum11/moderate.do</moderationURL>
      <activityCategoryID>2</activityCategoryID>
      <applyGrouping>false</applyGrouping>
      <groupingSupportType>2</groupingSupportType>
      <libraryActivityUIImage>tool/lafrum11/images/icon_forum.swf</libraryActivityUIImage>
      <readOnly>false</readOnly>
      <initialised>false</initialised>
      <stopAfterActivity>false</stopAfterActivity>
      <inputActivities/>
      <competenceMappingTitles/>
      <activityEvaluations/>
      <languageCode></languageCode>
      <supportsOutputs>true</supportsOutputs>
    </org.lamsfoundation.lams.learningdesign.dto.AuthoringActivityDTO>
    <org.lamsfoundation.lams.learningdesign.dto.AuthoringActivityDTO>
      <activityID>35</activityID>
      <activityUIID>5</activityUIID>
      <description>Online threaded discussion tool (asynchronous).</description>
      <activityTitle>Forum5</activityTitle>
      <helpText>Discussion tool useful for long running collaborations and situations where learners are not all on line at the same time.</helpText>
      <helpURL>http://wiki.lamsfoundation.org/display/lamsdocs/lafrum11</helpURL>
      <xCoord>20</xCoord>
      <yCoord>117</yCoord>
      <activityTypeID>1</activityTypeID>
      <defineLater>false</defineLater>
      <learningDesignID>3</learningDesignID>
      <learningLibraryID>1</learningLibraryID>
      <createDateTime class="sql-timestamp">2009-03-20 19:20:11.0</createDateTime>
      <runOffline>false</runOffline>
      <toolSignature>lafrum11</toolSignature>
      <toolID>1</toolID>
      <toolContentID>1</toolContentID>
      <toolDisplayName>Forum</toolDisplayName>
      <toolVersion>20081118</toolVersion>
      <authoringURL>tool/lafrum11/authoring.do</authoringURL>
      <monitoringURL>tool/lafrum11/monitoring.do</monitoringURL>
      <contributeURL>tool/lafrum11/contribute.do</contributeURL>
      <moderationURL>tool/lafrum11/moderate.do</moderationURL>
      <activityCategoryID>2</activityCategoryID>
      <applyGrouping>false</applyGrouping>
      <groupingSupportType>2</groupingSupportType>
      <libraryActivityUIImage>tool/lafrum11/images/icon_forum.swf</libraryActivityUIImage>
      <readOnly>false</readOnly>
      <initialised>false</initialised>
      <stopAfterActivity>false</stopAfterActivity>
      <inputActivities/>
      <competenceMappingTitles/>
      <activityEvaluations/>
      <languageCode></languageCode>
      <supportsOutputs>true</supportsOutputs>
    </org.lamsfoundation.lams.learningdesign.dto.AuthoringActivityDTO>
    <org.lamsfoundation.lams.learningdesign.dto.AuthoringActivityDTO>
      <activityID>36</activityID>
      <activityUIID>6</activityUIID>
      <description>Online threaded discussion tool (asynchronous).</description>
      <activityTitle>Forum6</activityTitle>
      <helpText>Discussion tool useful for long running collaborations and situations where learners are not all on line at the same time.</helpText>
      <helpURL>http://wiki.lamsfoundation.org/display/lamsdocs/lafrum11</helpURL>
      <xCoord>240</xCoord>
      <yCoord>117</yCoord>
      <activityTypeID>1</activityTypeID>
      <defineLater>false</defineLater>
      <learningDesignID>3</learningDesignID>
      <learningLibraryID>1</learningLibraryID>
      <createDateTime class="sql-timestamp">2009-03-20 19:20:11.0</createDateTime>
      <runOffline>false</runOffline>
      <toolSignature>lafrum11</toolSignature>
      <toolID>1</toolID>
      <toolContentID>1</toolContentID>
      <toolDisplayName>Forum</toolDisplayName>
      <toolVersion>20081118</toolVersion>
      <authoringURL>tool/lafrum11/authoring.do</authoringURL>
      <monitoringURL>tool/lafrum11/monitoring.do</monitoringURL>
      <contributeURL>tool/lafrum11/contribute.do</contributeURL>
      <moderationURL>tool/lafrum11/moderate.do</moderationURL>
      <activityCategoryID>2</activityCategoryID>
      <applyGrouping>false</applyGrouping>
      <groupingSupportType>2</groupingSupportType>
      <libraryActivityUIImage>tool/lafrum11/images/icon_forum.swf</libraryActivityUIImage>
      <readOnly>false</readOnly>
      <initialised>false</initialised>
      <stopAfterActivity>false</stopAfterActivity>
      <inputActivities/>
      <competenceMappingTitles/>
      <activityEvaluations/>
      <languageCode></languageCode>
      <supportsOutputs>true</supportsOutputs>
    </org.lamsfoundation.lams.learningdesign.dto.AuthoringActivityDTO>
    <org.lamsfoundation.lams.learningdesign.dto.AuthoringActivityDTO>
      <activityID>37</activityID>
      <activityUIID>7</activityUIID>
      <description>Online threaded discussion tool (asynchronous).</description>
      <activityTitle>Forum7</activityTitle>
      <helpText>Discussion tool useful for long running collaborations and situations where learners are not all on line at the same time.</helpText>
      <helpURL>http://wiki.lamsfoundation.org/display/lamsdocs/lafrum11</helpURL>
      <xCoord>460</xCoord>
      <yCoord>117</yCoord>
      <activityTypeID>1</activityTypeID>
      <defineLater>false</defineLater>
      <learningDesignID>3</learningDesignID>
      <learningLibraryID>1</learningLibraryID>
      <createDateTime class="sql-timestamp">2009-03-20 19:20:11.0</createDateTime>
      <runOffline>false</runOffline>
      <toolSignature>lafrum11</toolSignature>
      <toolID>1</toolID>
      <toolContentID>1</toolContentID>
      <toolDisplayName>Forum</toolDisplayName>
      <toolVersion>20081118</toolVersion>
      <authoringURL>tool/lafrum11/authoring.do</authoringURL>
      <monitoringURL>tool/lafrum11/monitoring.do</monitoringURL>
      <contributeURL>tool/lafrum11/contribute.do</contributeURL>
      <moderationURL>tool/lafrum11/moderate.do</moderationURL>
      <activityCategoryID>2</activityCategoryID>
      <applyGrouping>false</applyGrouping>
      <groupingSupportType>2</groupingSupportType>
      <libraryActivityUIImage>tool/lafrum11/images/icon_forum.swf</libraryActivityUIImage>
      <readOnly>false</readOnly>
      <initialised>false</initialised>
      <stopAfterActivity>false</stopAfterActivity>
      <inputActivities/>
      <competenceMappingTitles/>
      <activityEvaluations/>
      <languageCode></languageCode>
      <supportsOutputs>true</supportsOutputs>
    </org.lamsfoundation.lams.learningdesign.dto.AuthoringActivityDTO>
    <org.lamsfoundation.lams.learningdesign.dto.AuthoringActivityDTO>
      <activityID>38</activityID>
      <activityUIID>8</activityUIID>
      <description>Online threaded discussion tool (asynchronous).</description>
      <activityTitle>Forum8</activityTitle>
      <helpText>Discussion tool useful for long running collaborations and situations where learners are not all on line at the same time.</helpText>
      <helpURL>http://wiki.lamsfoundation.org/display/lamsdocs/lafrum11</helpURL>
      <xCoord>680</xCoord>
      <yCoord>117</yCoord>
      <activityTypeID>1</activityTypeID>
      <defineLater>false</defineLater>
      <learningDesignID>3</learningDesignID>
      <learningLibraryID>1</learningLibraryID>
      <createDateTime class="sql-timestamp">2009-03-20 19:20:11.0</createDateTime>
      <runOffline>false</runOffline>
      <toolSignature>lafrum11</toolSignature>
      <toolID>1</toolID>
      <toolContentID>1</toolContentID>
      <toolDisplayName>Forum</toolDisplayName>
      <toolVersion>20081118</toolVersion>
      <authoringURL>tool/lafrum11/authoring.do</authoringURL>
      <monitoringURL>tool/lafrum11/monitoring.do</monitoringURL>
      <contributeURL>tool/lafrum11/contribute.do</contributeURL>
      <moderationURL>tool/lafrum11/moderate.do</moderationURL>
      <activityCategoryID>2</activityCategoryID>
      <applyGrouping>false</applyGrouping>
      <groupingSupportType>2</groupingSupportType>
      <libraryActivityUIImage>tool/lafrum11/images/icon_forum.swf</libraryActivityUIImage>
      <readOnly>false</readOnly>
      <initialised>false</initialised>
      <stopAfterActivity>false</stopAfterActivity>
      <inputActivities/>
      <competenceMappingTitles/>
      <activityEvaluations/>
      <languageCode></languageCode>
      <supportsOutputs>true</supportsOutputs>
    </org.lamsfoundation.lams.learningdesign.dto.AuthoringActivityDTO>
    <org.lamsfoundation.lams.learningdesign.dto.AuthoringActivityDTO>
      <activityID>39</activityID>
      <activityUIID>9</activityUIID>
      <description>Online threaded discussion tool (asynchronous).</description>
      <activityTitle>Forum9</activityTitle>
      <helpText>Discussion tool useful for long running collaborations and situations where learners are not all on line at the same time.</helpText>
      <helpURL>http://wiki.lamsfoundation.org/display/lamsdocs/lafrum11</helpURL>
      <xCoord>20</xCoord>
      <yCoord>199</yCoord>
      <activityTypeID>1</activityTypeID>
      <defineLater>false</defineLater>
      <learningDesignID>3</learningDesignID>
      <learningLibraryID>1</learningLibraryID>
      <createDateTime class="sql-timestamp">2009-03-20 19:20:11.0</createDateTime>
      <runOffline>false</runOffline>
      <toolSignature>lafrum11</toolSignature>
      <toolID>1</toolID>
      <toolContentID>22</toolContentID>
      <toolDisplayName>Forum</toolDisplayName>
      <toolVersion>20081118</toolVersion>
      <authoringURL>tool/lafrum11/authoring.do</authoringURL>
      <monitoringURL>tool/lafrum11/monitoring.do</monitoringURL>
      <contributeURL>tool/lafrum11/contribute.do</contributeURL>
      <moderationURL>tool/lafrum11/moderate.do</moderationURL>
      <activityCategoryID>2</activityCategoryID>
      <applyGrouping>false</applyGrouping>
      <groupingSupportType>2</groupingSupportType>
      <libraryActivityUIImage>tool/lafrum11/images/icon_forum.swf</libraryActivityUIImage>
      <readOnly>false</readOnly>
      <initialised>false</initialised>
      <stopAfterActivity>false</stopAfterActivity>
      <inputActivities/>
      <competenceMappingTitles/>
      <activityEvaluations/>
      <languageCode></languageCode>
      <supportsOutputs>true</supportsOutputs>
    </org.lamsfoundation.lams.learningdesign.dto.AuthoringActivityDTO>
    <org.lamsfoundation.lams.learningdesign.dto.AuthoringActivityDTO>
      <activityID>40</activityID>
      <activityUIID>10</activityUIID>
      <description>Online threaded discussion tool (asynchronous).</description>
      <activityTitle>Forum10</activityTitle>
      <helpText>Discussion tool useful for long running collaborations and situations where learners are not all on line at the same time.</helpText>
      <helpURL>http://wiki.lamsfoundation.org/display/lamsdocs/lafrum11</helpURL>
      <xCoord>240</xCoord>
      <yCoord>199</yCoord>
      <activityTypeID>1</activityTypeID>
      <defineLater>false</defineLater>
      <learningDesignID>3</learningDesignID>
      <learningLibraryID>1</learningLibraryID>
      <createDateTime class="sql-timestamp">2009-03-20 19:20:11.0</createDateTime>
      <runOffline>false</runOffline>
      <toolSignature>lafrum11</toolSignature>
      <toolID>1</toolID>
      <toolContentID>1</toolContentID>
      <toolDisplayName>Forum</toolDisplayName>
      <toolVersion>20081118</toolVersion>
      <authoringURL>tool/lafrum11/authoring.do</authoringURL>
      <monitoringURL>tool/lafrum11/monitoring.do</monitoringURL>
      <contributeURL>tool/lafrum11/contribute.do</contributeURL>
      <moderationURL>tool/lafrum11/moderate.do</moderationURL>
      <activityCategoryID>2</activityCategoryID>
      <applyGrouping>false</applyGrouping>
      <groupingSupportType>2</groupingSupportType>
      <libraryActivityUIImage>tool/lafrum11/images/icon_forum.swf</libraryActivityUIImage>
      <readOnly>false</readOnly>
      <initialised>false</initialised>
      <stopAfterActivity>false</stopAfterActivity>
      <inputActivities/>
      <competenceMappingTitles/>
      <activityEvaluations/>
      <languageCode></languageCode>
      <supportsOutputs>true</supportsOutputs>
    </org.lamsfoundation.lams.learningdesign.dto.AuthoringActivityDTO>
  </activities>
  <transitions>
    <org.lamsfoundation.lams.learningdesign.dto.TransitionDTO>
      <transitionID>6</transitionID>
      <transitionUIID>14</transitionUIID>
      <toUIID>5</toUIID>
      <fromUIID>4</fromUIID>
      <createDateTime class="sql-timestamp">2009-03-20 19:20:11.0</createDateTime>
      <toActivityID>35</toActivityID>
      <fromActivityID>34</fromActivityID>
      <learningDesignID>3</learningDesignID>
    </org.lamsfoundation.lams.learningdesign.dto.TransitionDTO>
    <org.lamsfoundation.lams.learningdesign.dto.TransitionDTO>
      <transitionID>5</transitionID>
      <transitionUIID>13</transitionUIID>
      <toUIID>4</toUIID>
      <fromUIID>3</fromUIID>
      <createDateTime class="sql-timestamp">2009-03-20 19:20:11.0</createDateTime>
      <toActivityID>34</toActivityID>
      <fromActivityID>33</fromActivityID>
      <learningDesignID>3</learningDesignID>
    </org.lamsfoundation.lams.learningdesign.dto.TransitionDTO>
    <org.lamsfoundation.lams.learningdesign.dto.TransitionDTO>
      <transitionID>4</transitionID>
      <transitionUIID>12</transitionUIID>
      <toUIID>3</toUIID>
      <fromUIID>2</fromUIID>
      <createDateTime class="sql-timestamp">2009-03-20 19:20:11.0</createDateTime>
      <toActivityID>33</toActivityID>
      <fromActivityID>32</fromActivityID>
      <learningDesignID>3</learningDesignID>
    </org.lamsfoundation.lams.learningdesign.dto.TransitionDTO>
    <org.lamsfoundation.lams.learningdesign.dto.TransitionDTO>
      <transitionID>3</transitionID>
      <transitionUIID>11</transitionUIID>
      <toUIID>2</toUIID>
      <fromUIID>1</fromUIID>
      <createDateTime class="sql-timestamp">2009-03-20 19:20:11.0</createDateTime>
      <toActivityID>32</toActivityID>
      <fromActivityID>31</fromActivityID>
      <learningDesignID>3</learningDesignID>
    </org.lamsfoundation.lams.learningdesign.dto.TransitionDTO>
    <org.lamsfoundation.lams.learningdesign.dto.TransitionDTO>
      <transitionID>10</transitionID>
      <transitionUIID>18</transitionUIID>
      <toUIID>9</toUIID>
      <fromUIID>8</fromUIID>
      <createDateTime class="sql-timestamp">2009-03-20 19:20:11.0</createDateTime>
      <toActivityID>39</toActivityID>
      <fromActivityID>38</fromActivityID>
      <learningDesignID>3</learningDesignID>
    </org.lamsfoundation.lams.learningdesign.dto.TransitionDTO>
    <org.lamsfoundation.lams.learningdesign.dto.TransitionDTO>
      <transitionID>11</transitionID>
      <transitionUIID>19</transitionUIID>
      <toUIID>10</toUIID>
      <fromUIID>9</fromUIID>
      <createDateTime class="sql-timestamp">2009-03-20 19:20:11.0</createDateTime>
      <toActivityID>40</toActivityID>
      <fromActivityID>39</fromActivityID>
      <learningDesignID>3</learningDesignID>
    </org.lamsfoundation.lams.learningdesign.dto.TransitionDTO>
    <org.lamsfoundation.lams.learningdesign.dto.TransitionDTO>
      <transitionID>9</transitionID>
      <transitionUIID>17</transitionUIID>
      <toUIID>8</toUIID>
      <fromUIID>7</fromUIID>
      <createDateTime class="sql-timestamp">2009-03-20 19:20:11.0</createDateTime>
      <toActivityID>38</toActivityID>
      <fromActivityID>37</fromActivityID>
      <learningDesignID>3</learningDesignID>
    </org.lamsfoundation.lams.learningdesign.dto.TransitionDTO>
    <org.lamsfoundation.lams.learningdesign.dto.TransitionDTO>
      <transitionID>8</transitionID>
      <transitionUIID>16</transitionUIID>
      <toUIID>7</toUIID>
      <fromUIID>6</fromUIID>
      <createDateTime class="sql-timestamp">2009-03-20 19:20:11.0</createDateTime>
      <toActivityID>37</toActivityID>
      <fromActivityID>36</fromActivityID>
      <learningDesignID>3</learningDesignID>
    </org.lamsfoundation.lams.learningdesign.dto.TransitionDTO>
    <org.lamsfoundation.lams.learningdesign.dto.TransitionDTO>
      <transitionID>7</transitionID>
      <transitionUIID>15</transitionUIID>
      <toUIID>6</toUIID>
      <fromUIID>5</fromUIID>
      <createDateTime class="sql-timestamp">2009-03-20 19:20:11.0</createDateTime>
      <toActivityID>36</toActivityID>
      <fromActivityID>35</fromActivityID>
      <learningDesignID>3</learningDesignID>
    </org.lamsfoundation.lams.learningdesign.dto.TransitionDTO>
  </transitions>
  <branchMappings/>
  <competences/>
</org.lamsfoundation.lams.learningdesign.dto.LearningDesignDTO>