<org.lamsfoundation.lams.learningdesign.dto.LearningDesignDTO>
  <learningDesignID>1</learningDesignID>
  <title>optional</title>
  <firstActivityID>4</firstActivityID>
  <firstActivityUIID>3</firstActivityUIID>
  <maxID>3</maxID>
  <validDesign>true</validDesign>
  <readOnly>false</readOnly>
  <userID>5</userID>
  <copyTypeID>1</copyTypeID>
  <createDateTime class="sql-timestamp">2006-07-30 11:44:10.0</createDateTime>
  <version>1.1_beta</version>
  <workspaceFolderID>5</workspaceFolderID>
  <lastModifiedDateTime class="sql-timestamp">2006-07-30 11:44:10.0</lastModifiedDateTime>
  <groupings/>
  <activities>
    <org.lamsfoundation.lams.learningdesign.dto.AuthoringActivityDTO>
      <activityID>2</activityID>
      <activityUIID>1</activityUIID>
      <description>Tool for displaying HTML content including external sources such as images and other media.</description>
      <activityTitle>Noticeboard</activityTitle>
      <helpText>Displays formatted text and links to external sources on a read only page.</helpText>
      <xCoord>8</xCoord>
      <yCoord>57</yCoord>
      <parentActivityID>4</parentActivityID>
      <parentUIID>3</parentUIID>
      <activityTypeID>1</activityTypeID>
      <orderID>1</orderID>
      <defineLater>false</defineLater>
      <learningDesignID>1</learningDesignID>
      <learningLibraryID>1</learningLibraryID>
      <createDateTime class="sql-timestamp">2006-07-30 11:39:56.0</createDateTime>
      <runOffline>false</runOffline>
      <toolSignature>lanb11</toolSignature>
      <toolID>1</toolID>
      <toolContentID>1</toolContentID>
      <toolDisplayName>NoticeboardX</toolDisplayName>
      <authoringURL>tool/lanb11/authoring.do</authoringURL>
      <monitoringURL>tool/lanb11/monitoring.do</monitoringURL>
      <activityCategoryID>4</activityCategoryID>
      <applyGrouping>false</applyGrouping>
      <groupingSupportType>2</groupingSupportType>
      <libraryActivityUIImage>tool/lanb11/images/icon_htmlnb.swf</libraryActivityUIImage>
    </org.lamsfoundation.lams.learningdesign.dto.AuthoringActivityDTO>
    <org.lamsfoundation.lams.learningdesign.dto.AuthoringActivityDTO>
      <activityID>3</activityID>
      <activityUIID>2</activityUIID>
      <description>Tool for displaying HTML content including external sources such as images and other media.</description>
      <activityTitle>Noticeboard</activityTitle>
      <helpText>Displays formatted text and links to external sources on a read only page.</helpText>
      <xCoord>8</xCoord>
      <yCoord>117</yCoord>
      <parentActivityID>4</parentActivityID>
      <parentUIID>3</parentUIID>
      <activityTypeID>1</activityTypeID>
      <orderID>2</orderID>
      <defineLater>false</defineLater>
      <learningDesignID>1</learningDesignID>
      <learningLibraryID>1</learningLibraryID>
      <createDateTime class="sql-timestamp">2006-07-30 11:39:56.0</createDateTime>
      <runOffline>false</runOffline>
      <toolSignature>lanb11</toolSignature>
      <toolID>1</toolID>
      <toolContentID>1</toolContentID>
      <toolDisplayName>NoticeboardX</toolDisplayName>
      <authoringURL>tool/lanb11/authoring.do</authoringURL>
      <monitoringURL>tool/lanb11/monitoring.do</monitoringURL>
      <activityCategoryID>4</activityCategoryID>
      <applyGrouping>false</applyGrouping>
      <groupingSupportType>2</groupingSupportType>
      <libraryActivityUIImage>tool/lanb11/images/icon_htmlnb.swf</libraryActivityUIImage>
    </org.lamsfoundation.lams.learningdesign.dto.AuthoringActivityDTO>
    <org.lamsfoundation.lams.learningdesign.dto.AuthoringActivityDTO>
      <activityID>4</activityID>
      <activityUIID>3</activityUIID>
      <activityTitle>Optional Activity</activityTitle>
      <xCoord>164</xCoord>
      <yCoord>76</yCoord>
      <activityTypeID>7</activityTypeID>
      <defineLater>false</defineLater>
      <learningDesignID>1</learningDesignID>
      <createDateTime class="sql-timestamp">2006-07-30 11:43:10.0</createDateTime>
      <runOffline>false</runOffline>
      <activityCategoryID>1</activityCategoryID>
      <applyGrouping>false</applyGrouping>
      <groupingSupportType>2</groupingSupportType>
    </org.lamsfoundation.lams.learningdesign.dto.AuthoringActivityDTO>
  </activities>
  <transitions/>
</org.lamsfoundation.lams.learningdesign.dto.LearningDesignDTO>