<org.lamsfoundation.lams.tool.mc.pojos.McContent>
  <mcContentId>2</mcContentId>
  <title>MCQ Title</title>
  <instructions>MCQ Instructions</instructions>
  <defineLater>false</defineLater>
  <runOffline>false</runOffline>
  <creationDate class="sql-timestamp">2006-07-29 07:08:44.0</creationDate>
  <questionsSequenced>false</questionsSequenced>
  <usernameVisible>false</usernameVisible>
  <reportTitle>Report</reportTitle>
  <monitoringReportTitle>Monitoring Report</monitoringReportTitle>
  <createdBy>1</createdBy>
  <synchInMonitor>false</synchInMonitor>
  <contentInUse>false</contentInUse>
  <offlineInstructions>offline instructions</offlineInstructions>
  <onlineInstructions>online instructions</onlineInstructions>
  <endLearningMessage>Finished Activity...</endLearningMessage>
  <retries>false</retries>
  <showReport>false</showReport>
  <passMark>50</passMark>
  <showFeedback>false</showFeedback>
  <mcQueContents class="tree-set">
    <no-comparator/>
    <org.lamsfoundation.lams.tool.mc.pojos.McQueContent>
      <question>A Sample question?</question>
      <displayOrder>1</displayOrder>
      <weight>100</weight>
      <feedbackCorrect>Correct</feedbackCorrect>
      <feedbackIncorrect>Your answer is incorrect</feedbackIncorrect>
      <mcContent reference="../../.."/>
      <mcUsrAttempts class="tree-set">
        <no-comparator/>
      </mcUsrAttempts>
      <mcOptionsContents class="tree-set">
        <no-comparator/>
        <org.lamsfoundation.lams.tool.mc.pojos.McOptsContent>
          <correctOption>false</correctOption>
          <mcQueOptionText>Candidate Answer 1</mcQueOptionText>
          <mcQueContent reference="../../.."/>
          <mcUsrAttempts class="tree-set">
            <no-comparator/>
          </mcUsrAttempts>
        </org.lamsfoundation.lams.tool.mc.pojos.McOptsContent>
        <org.lamsfoundation.lams.tool.mc.pojos.McOptsContent>
          <correctOption>true</correctOption>
          <mcQueOptionText>Candidate Answer 2</mcQueOptionText>
          <mcQueContent reference="../../.."/>
          <mcUsrAttempts class="tree-set">
            <no-comparator/>
          </mcUsrAttempts>
        </org.lamsfoundation.lams.tool.mc.pojos.McOptsContent>
      </mcOptionsContents>
    </org.lamsfoundation.lams.tool.mc.pojos.McQueContent>
  </mcQueContents>
  <mcAttachments class="tree-set">
    <no-comparator/>
  </mcAttachments>
</org.lamsfoundation.lams.tool.mc.pojos.McContent>