<org.lamsfoundation.lams.learningdesign.dto.LearningDesignDTO>
  <learningDesignID>12</learningDesignID>
  <title>5tools</title>
  <firstActivityID>86</firstActivityID>
  <firstActivityUIID>1</firstActivityUIID>
  <maxID>10</maxID>
  <validDesign>true</validDesign>
  <readOnly>false</readOnly>
  <userID>5</userID>
  <copyTypeID>1</copyTypeID>
  <createDateTime class="sql-timestamp">2006-07-29 23:02:51.0</createDateTime>
  <version>1.1_beta</version>
  <workspaceFolderID>5</workspaceFolderID>
  <lastModifiedDateTime class="sql-timestamp">2006-07-29 23:03:24.0</lastModifiedDateTime>
  <groupings>
    <org.lamsfoundation.lams.learningdesign.dto.GroupingDTO>
      <groupingID>9</groupingID>
      <groupingUIID>5</groupingUIID>
      <groupingTypeID>1</groupingTypeID>
      <groups/>
    </org.lamsfoundation.lams.learningdesign.dto.GroupingDTO>
  </groupings>
  <activities>
    <org.lamsfoundation.lams.learningdesign.dto.AuthoringActivityDTO>
      <activityID>86</activityID>
      <activityUIID>1</activityUIID>
      <description>Chat Tool</description>
      <activityTitle>Chat</activityTitle>
      <helpText>Syncronous Chat tool</helpText>
      <xCoord>45</xCoord>
      <yCoord>130</yCoord>
      <activityTypeID>1</activityTypeID>
      <defineLater>false</defineLater>
      <learningDesignID>12</learningDesignID>
      <learningLibraryID>6</learningLibraryID>
      <createDateTime class="sql-timestamp">2006-07-29 07:09:18.0</createDateTime>
      <runOffline>false</runOffline>
      <toolSignature>lachat11</toolSignature>
      <toolID>6</toolID>
      <toolContentID>6</toolContentID>
      <toolDisplayName>Chat</toolDisplayName>
      <authoringURL>tool/lachat11/authoring.do</authoringURL>
      <monitoringURL>tool/lachat11/monitoring.do</monitoringURL>
      <contributeURL>tool/lachat11/contribute.do</contributeURL>
      <moderationURL>tool/lachat11/moderate.do</moderationURL>
      <activityCategoryID>4</activityCategoryID>
      <applyGrouping>false</applyGrouping>
      <groupingSupportType>2</groupingSupportType>
      <libraryActivityUIImage>tool/lachat11/images/icon_chat.swf</libraryActivityUIImage>
    </org.lamsfoundation.lams.learningdesign.dto.AuthoringActivityDTO>
    <org.lamsfoundation.lams.learningdesign.dto.AuthoringActivityDTO>
      <activityID>87</activityID>
      <activityUIID>2</activityUIID>
      <description>Creates automated assessment questions. e.g. Multiple choice and true/false questions. Can provide feedback and scores.</description>
      <activityTitle>Multiple Choice</activityTitle>
      <helpText>Learner answers a series of automated assessment questions. e.g. Multiple choice and true/false questions. Optional features include feedback on each question and scoring. Questions are weighted for scoring.</helpText>
      <xCoord>439</xCoord>
      <yCoord>129</yCoord>
      <activityTypeID>1</activityTypeID>
      <groupingID>9</groupingID>
      <groupingUIID>5</groupingUIID>
      <defineLater>false</defineLater>
      <learningDesignID>12</learningDesignID>
      <learningLibraryID>2</learningLibraryID>
      <createDateTime class="sql-timestamp">2006-07-29 07:08:18.0</createDateTime>
      <runOffline>false</runOffline>
      <toolSignature>lamc11</toolSignature>
      <toolID>2</toolID>
      <toolContentID>2</toolContentID>
      <toolDisplayName>MCQ</toolDisplayName>
      <authoringURL>tool/lamc11/authoringStarter.do</authoringURL>
      <monitoringURL>tool/lamc11/monitoringStarter.do</monitoringURL>
      <contributeURL>tool/lamc11/monitoringStarter.do</contributeURL>
      <moderationURL>tool/lamc11/monitoringStarter.do</moderationURL>
      <activityCategoryID>4</activityCategoryID>
      <applyGrouping>true</applyGrouping>
      <groupingSupportType>2</groupingSupportType>
      <libraryActivityUIImage>tool/lamc11/images/icon_mcq.swf</libraryActivityUIImage>
    </org.lamsfoundation.lams.learningdesign.dto.AuthoringActivityDTO>
    <org.lamsfoundation.lams.learningdesign.dto.AuthoringActivityDTO>
      <activityID>88</activityID>
      <activityUIID>3</activityUIID>
      <description>Tool for displaying HTML content including external sources such as images and other media.</description>
      <activityTitle>Noticeboard</activityTitle>
      <helpText>Displays formatted text and links to external sources on a read only page.</helpText>
      <xCoord>110</xCoord>
      <yCoord>275</yCoord>
      <activityTypeID>1</activityTypeID>
      <defineLater>false</defineLater>
      <learningDesignID>12</learningDesignID>
      <learningLibraryID>3</learningLibraryID>
      <createDateTime class="sql-timestamp">2006-07-29 07:08:18.0</createDateTime>
      <runOffline>false</runOffline>
      <toolSignature>lanb11</toolSignature>
      <toolID>3</toolID>
      <toolContentID>3</toolContentID>
      <toolDisplayName>NoticeboardX</toolDisplayName>
      <authoringURL>tool/lanb11/authoring.do</authoringURL>
      <monitoringURL>tool/lanb11/monitoring.do</monitoringURL>
      <activityCategoryID>4</activityCategoryID>
      <applyGrouping>false</applyGrouping>
      <groupingSupportType>2</groupingSupportType>
      <libraryActivityUIImage>tool/lanb11/images/icon_htmlnb.swf</libraryActivityUIImage>
    </org.lamsfoundation.lams.learningdesign.dto.AuthoringActivityDTO>
    <org.lamsfoundation.lams.learningdesign.dto.AuthoringActivityDTO>
      <activityID>89</activityID>
      <activityUIID>4</activityUIID>
      <description>Notebook Tool</description>
      <activityTitle>Notebook</activityTitle>
      <helpText>Syncronous notebook tool</helpText>
      <xCoord>386</xCoord>
      <yCoord>259</yCoord>
      <activityTypeID>1</activityTypeID>
      <defineLater>false</defineLater>
      <learningDesignID>12</learningDesignID>
      <learningLibraryID>9</learningLibraryID>
      <createDateTime class="sql-timestamp">2006-07-29 07:10:18.0</createDateTime>
      <runOffline>false</runOffline>
      <toolSignature>lantbk11</toolSignature>
      <toolID>9</toolID>
      <toolContentID>9</toolContentID>
      <toolDisplayName>Notebook</toolDisplayName>
      <authoringURL>tool/lantbk11/authoring.do</authoringURL>
      <monitoringURL>tool/lantbk11/monitoring.do</monitoringURL>
      <contributeURL>tool/lantbk11/contribute.do</contributeURL>
      <moderationURL>tool/lantbk11/moderate.do</moderationURL>
      <activityCategoryID>4</activityCategoryID>
      <applyGrouping>false</applyGrouping>
      <groupingSupportType>2</groupingSupportType>
      <libraryActivityUIImage>tool/lantbk11/images/icon_notebook.swf</libraryActivityUIImage>
    </org.lamsfoundation.lams.learningdesign.dto.AuthoringActivityDTO>
    <org.lamsfoundation.lams.learningdesign.dto.AuthoringActivityDTO>
      <activityID>90</activityID>
      <activityUIID>6</activityUIID>
      <activityTitle>Grouping</activityTitle>
      <xCoord>246</xCoord>
      <yCoord>97</yCoord>
      <activityTypeID>2</activityTypeID>
      <defineLater>false</defineLater>
      <learningDesignID>12</learningDesignID>
      <createDateTime class="sql-timestamp">2006-07-29 23:01:44.0</createDateTime>
      <runOffline>false</runOffline>
      <activityCategoryID>1</activityCategoryID>
      <applyGrouping>false</applyGrouping>
      <groupingSupportType>2</groupingSupportType>
      <createGroupingID>9</createGroupingID>
      <createGroupingUIID>5</createGroupingUIID>
    </org.lamsfoundation.lams.learningdesign.dto.AuthoringActivityDTO>
  </activities>
  <transitions>
    <org.lamsfoundation.lams.learningdesign.dto.TransitionDTO>
      <transitionID>62</transitionID>
      <transitionUIID>7</transitionUIID>
      <toUIID>6</toUIID>
      <fromUIID>1</fromUIID>
      <createDateTime class="sql-timestamp">1970-01-01 11:00:00.0</createDateTime>
      <toActivityID>90</toActivityID>
      <fromActivityID>86</fromActivityID>
      <learningDesignID>12</learningDesignID>
    </org.lamsfoundation.lams.learningdesign.dto.TransitionDTO>
    <org.lamsfoundation.lams.learningdesign.dto.TransitionDTO>
      <transitionID>64</transitionID>
      <transitionUIID>9</transitionUIID>
      <toUIID>4</toUIID>
      <fromUIID>2</fromUIID>
      <createDateTime class="sql-timestamp">1970-01-01 11:00:00.0</createDateTime>
      <toActivityID>89</toActivityID>
      <fromActivityID>87</fromActivityID>
      <learningDesignID>12</learningDesignID>
    </org.lamsfoundation.lams.learningdesign.dto.TransitionDTO>
    <org.lamsfoundation.lams.learningdesign.dto.TransitionDTO>
      <transitionID>63</transitionID>
      <transitionUIID>8</transitionUIID>
      <toUIID>2</toUIID>
      <fromUIID>6</fromUIID>
      <createDateTime class="sql-timestamp">1970-01-01 11:00:00.0</createDateTime>
      <toActivityID>87</toActivityID>
      <fromActivityID>90</fromActivityID>
      <learningDesignID>12</learningDesignID>
    </org.lamsfoundation.lams.learningdesign.dto.TransitionDTO>
    <org.lamsfoundation.lams.learningdesign.dto.TransitionDTO>
      <transitionID>65</transitionID>
      <transitionUIID>10</transitionUIID>
      <toUIID>3</toUIID>
      <fromUIID>4</fromUIID>
      <createDateTime class="sql-timestamp">1970-01-01 11:00:00.0</createDateTime>
      <toActivityID>88</toActivityID>
      <fromActivityID>89</fromActivityID>
      <learningDesignID>12</learningDesignID>
    </org.lamsfoundation.lams.learningdesign.dto.TransitionDTO>
  </transitions>
</org.lamsfoundation.lams.learningdesign.dto.LearningDesignDTO>