<org.lamsfoundation.lams.tool.rsrc.model.Resource>
  <contentId>10</contentId>
  <title>Shared Resources</title>
  <instructions>Instruction</instructions>
  <runOffline>false</runOffline>
  <runAuto>true</runAuto>
  <miniViewResourceNumber>0</miniViewResourceNumber>
  <allowAddFiles>true</allowAddFiles>
  <allowAddUrls>true</allowAddUrls>
  <lockWhenFinished>false</lockWhenFinished>
  <defineLater>false</defineLater>
  <contentInUse>false</contentInUse>
  <onlineInstructions>Online instruction</onlineInstructions>
  <offlineInstructions>Offline instruction</offlineInstructions>
  <attachments/>
  <created class="sql-timestamp">2006-07-28 11:56:26.0</created>
  <updated class="sql-timestamp">2006-07-28 11:56:26.0</updated>
  <createdBy>
    <userId>5</userId>
    <firstName>One</firstName>
    <lastName>Test</lastName>
    <loginName>test1</loginName>
  </createdBy>
  <resourceItems/>
</org.lamsfoundation.lams.tool.rsrc.model.Resource>