<org.lamsfoundation.lams.tool.forum.persistence.Forum>
  <contentId>11</contentId>
  <title>LAMS Forum</title>
  <lockWhenFinished>false</lockWhenFinished>
  <runOffline>false</runOffline>
  <allowAnonym>false</allowAnonym>
  <allowEdit>true</allowEdit>
  <allowRichEditor>false</allowRichEditor>
  <instructions>Instruction</instructions>
  <onlineInstructions>Online instruction</onlineInstructions>
  <offlineInstructions>Offline instruction</offlineInstructions>
  <defineLater>false</defineLater>
  <contentInUse>false</contentInUse>
  <created class="sql-timestamp">2006-07-28 11:49:03.0</created>
  <updated class="sql-timestamp">2006-07-28 11:49:30.0</updated>
  <messages>
    <org.lamsfoundation.lams.tool.forum.persistence.Message>
      <subject>topic 1</subject>
      <body>&lt;img src="/lams/fckeditor/editor/images/smiley/msn/shades_smile.gif" alt="" /&gt;</body>
      <isAuthored>true</isAuthored>
      <isAnonymous>false</isAnonymous>
      <created class="sql-timestamp">2006-07-28 11:48:39.0</created>
      <updated class="sql-timestamp">2006-07-28 11:49:31.0</updated>
      <lastReplyDate class="sql-timestamp">2006-07-28 11:48:39.0</lastReplyDate>
      <replyNumber>0</replyNumber>
      <hideFlag>false</hideFlag>
      <modifiedBy>
        <uid>1</uid>
        <userId>5</userId>
        <firstName>One</firstName>
        <lastName>Test</lastName>
        <loginName>test1</loginName>
      </modifiedBy>
      <attachments class="tree-set">
        <no-comparator/>
      </attachments>
    </org.lamsfoundation.lams.tool.forum.persistence.Message>
    <org.lamsfoundation.lams.tool.forum.persistence.Message>
      <subject>topic 2</subject>
      <body>hello world</body>
      <isAuthored>true</isAuthored>
      <isAnonymous>false</isAnonymous>
      <created class="sql-timestamp">2006-07-28 11:49:29.0</created>
      <updated class="sql-timestamp">2006-07-28 11:49:30.0</updated>
      <lastReplyDate class="sql-timestamp">2006-07-28 11:49:29.0</lastReplyDate>
      <replyNumber>0</replyNumber>
      <hideFlag>false</hideFlag>
      <modifiedBy>
        <uid>1</uid>
        <userId>5</userId>
        <firstName>One</firstName>
        <lastName>Test</lastName>
        <loginName>test1</loginName>
      </modifiedBy>
      <attachments class="tree-set">
        <no-comparator/>
      </attachments>
    </org.lamsfoundation.lams.tool.forum.persistence.Message>
  </messages>
  <attachments/>
  <limitedChar>5000</limitedChar>
  <limitedInput>true</limitedInput>
</org.lamsfoundation.lams.tool.forum.persistence.Forum>