<org.lamsfoundation.lams.tool.rsrc.model.Resource>
  <contentId>12</contentId>
  <title>Shared Resources</title>
  <instructions>Instruction</instructions>
  <runOffline>false</runOffline>
  <runAuto>true</runAuto>
  <miniViewResourceNumber>0</miniViewResourceNumber>
  <allowAddFiles>true</allowAddFiles>
  <allowAddUrls>true</allowAddUrls>
  <lockWhenFinished>false</lockWhenFinished>
  <defineLater>false</defineLater>
  <contentInUse>false</contentInUse>
  <onlineInstructions>Online instruction</onlineInstructions>
  <offlineInstructions>Offline instruction</offlineInstructions>
  <attachments/>
  <created class="sql-timestamp">2006-07-28 11:47:46.0</created>
  <updated class="sql-timestamp">2006-07-28 11:47:46.0</updated>
  <createdBy>
    <userId>5</userId>
    <firstName>One</firstName>
    <lastName>Test</lastName>
    <loginName>test1</loginName>
  </createdBy>
  <resourceItems>
    <org.lamsfoundation.lams.tool.rsrc.model.ResourceItem>
      <type>2</type>
      <title>arbitrary file</title>
      <description>arbitrary file</description>
      <openUrlNewWindow>false</openUrlNewWindow>
      <fileUuid>1</fileUuid>
      <fileVersionId>1</fileVersionId>
      <fileName>16noticeboards.zip</fileName>
      <fileType>application/zip</fileType>
      <itemInstructions>
        <org.lamsfoundation.lams.tool.rsrc.model.ResourceItemInstruction>
          <sequenceId>0</sequenceId>
          <description>anything</description>
        </org.lamsfoundation.lams.tool.rsrc.model.ResourceItemInstruction>
        <org.lamsfoundation.lams.tool.rsrc.model.ResourceItemInstruction>
          <sequenceId>1</sequenceId>
          <description>something</description>
        </org.lamsfoundation.lams.tool.rsrc.model.ResourceItemInstruction>
      </itemInstructions>
      <isHide>false</isHide>
      <isCreateByAuthor>true</isCreateByAuthor>
      <createDate class="sql-timestamp">2006-07-28 11:47:46.0</createDate>
      <createBy>
        <userId>5</userId>
        <firstName>One</firstName>
        <lastName>Test</lastName>
        <loginName>test1</loginName>
      </createBy>
      <complete>false</complete>
    </org.lamsfoundation.lams.tool.rsrc.model.ResourceItem>
    <org.lamsfoundation.lams.tool.rsrc.model.ResourceItem>
      <type>1</type>
      <title>google</title>
      <description>This is a search engine</description>
      <url>http://www.google.com</url>
      <openUrlNewWindow>true</openUrlNewWindow>
      <itemInstructions>
        <org.lamsfoundation.lams.tool.rsrc.model.ResourceItemInstruction>
          <sequenceId>1</sequenceId>
          <description>Instruction 2</description>
        </org.lamsfoundation.lams.tool.rsrc.model.ResourceItemInstruction>
        <org.lamsfoundation.lams.tool.rsrc.model.ResourceItemInstruction>
          <sequenceId>0</sequenceId>
          <description>Instruction 1</description>
        </org.lamsfoundation.lams.tool.rsrc.model.ResourceItemInstruction>
      </itemInstructions>
      <isHide>false</isHide>
      <isCreateByAuthor>true</isCreateByAuthor>
      <createDate class="sql-timestamp">2006-07-28 11:47:46.0</createDate>
      <createBy>
        <userId>5</userId>
        <firstName>One</firstName>
        <lastName>Test</lastName>
        <loginName>test1</loginName>
      </createBy>
      <complete>false</complete>
    </org.lamsfoundation.lams.tool.rsrc.model.ResourceItem>
  </resourceItems>
</org.lamsfoundation.lams.tool.rsrc.model.Resource>