<org.lamsfoundation.lams.tool.sbmt.SubmitFilesContent>
  <contentID>14</contentID>
  <title>Java Submission</title>
  <instruction>Submit your java programs</instruction>
  <defineLater>false</defineLater>
  <runOffline>false</runOffline>
  <runOfflineInstruction></runOfflineInstruction>
  <contentInUse>false</contentInUse>
  <offlineInstruction></offlineInstruction>
  <onlineInstruction></onlineInstruction>
  <instructionFiles>
    <org.lamsfoundation.lams.tool.sbmt.InstructionFiles>
      <uuID>2</uuID>
      <versionID>1</versionID>
      <name>2noticeboards.zip</name>
      <type>ONLINE</type>
    </org.lamsfoundation.lams.tool.sbmt.InstructionFiles>
  </instructionFiles>
  <lockOnFinished>false</lockOnFinished>
</org.lamsfoundation.lams.tool.sbmt.SubmitFilesContent>