<org.lamsfoundation.lams.tool.forum.persistence.Forum>
  <contentId>16</contentId>
  <title>LAMS Forum</title>
  <lockWhenFinished>false</lockWhenFinished>
  <runOffline>false</runOffline>
  <allowAnonym>false</allowAnonym>
  <allowEdit>true</allowEdit>
  <allowRichEditor>false</allowRichEditor>
  <instructions>Instruction</instructions>
  <onlineInstructions>Online instruction</onlineInstructions>
  <offlineInstructions>Offline instruction</offlineInstructions>
  <defineLater>false</defineLater>
  <contentInUse>false</contentInUse>
  <created class="sql-timestamp">2006-07-28 11:54:15.0</created>
  <updated class="sql-timestamp">2006-07-28 11:54:15.0</updated>
  <messages/>
  <attachments/>
  <limitedChar>5000</limitedChar>
  <limitedInput>true</limitedInput>
</org.lamsfoundation.lams.tool.forum.persistence.Forum>