<org.lamsfoundation.lams.tool.notebook.model.Notebook>
  <createDate>2006-07-28 11:58:59.375 EST</createDate>
  <updateDate class="sql-timestamp">2006-07-28 11:54:41.0</updateDate>
  <title>LAMS Notebook</title>
  <instructions>Notebook Instruction</instructions>
  <runOffline>false</runOffline>
  <lockOnFinished>false</lockOnFinished>
  <allowRichEditor>false</allowRichEditor>
  <onlineInstructions>Offline instructions</onlineInstructions>
  <offlineInstructions>Online instructions</offlineInstructions>
  <contentInUse>false</contentInUse>
  <defineLater>false</defineLater>
  <toolContentId>17</toolContentId>
  <notebookAttachments/>
</org.lamsfoundation.lams.tool.notebook.model.Notebook>