<org.lamsfoundation.lams.tool.qa.QaContent>
  <qaContentId>18</qaContentId>
  <title>Q&amp;A Title</title>
  <instructions>Q&amp;A Instructions</instructions>
  <reportTitle>Report</reportTitle>
  <monitoringReportTitle>Learner Results</monitoringReportTitle>
  <offlineInstructions>offline instructions</offlineInstructions>
  <onlineInstructions>online instructions</onlineInstructions>
  <createdBy>5</createdBy>
  <defineLater>false</defineLater>
  <runOffline>false</runOffline>
  <questionsSequenced>false</questionsSequenced>
  <usernameVisible>false</usernameVisible>
  <synchInMonitor>false</synchInMonitor>
  <contentLocked>false</contentLocked>
  <endLearningMessage>Thank you!</endLearningMessage>
  <updateDate class="sql-timestamp">2006-07-28 11:55:27.0</updateDate>
  <qaQueContents class="tree-set">
    <no-comparator/>
    <org.lamsfoundation.lams.tool.qa.QaQueContent>
      <question>Sample Question 1?</question>
      <displayOrder>1</displayOrder>
      <isOptional>false</isOptional>
    </org.lamsfoundation.lams.tool.qa.QaQueContent>
    <org.lamsfoundation.lams.tool.qa.QaQueContent>
      <question>Sample question 2</question>
      <displayOrder>2</displayOrder>
      <isOptional>false</isOptional>
    </org.lamsfoundation.lams.tool.qa.QaQueContent>
  </qaQueContents>
  <qaUploadedFiles class="tree-set">
    <no-comparator/>
  </qaUploadedFiles>
</org.lamsfoundation.lams.tool.qa.QaContent>