<org.lamsfoundation.lams.tool.chat.model.Chat>
  <createDate>2006-07-28 11:58:59.625 EST</createDate>
  <title>LAMS Chat</title>
  <instructions>Chat Instruction</instructions>
  <runOffline>false</runOffline>
  <lockOnFinished>false</lockOnFinished>
  <filteringEnabled>false</filteringEnabled>
  <onlineInstructions>Online instructions</onlineInstructions>
  <offlineInstructions>Offline instructions</offlineInstructions>
  <contentInUse>false</contentInUse>
  <defineLater>false</defineLater>
  <toolContentId>6</toolContentId>
  <chatAttachments/>
</org.lamsfoundation.lams.tool.chat.model.Chat>