<org.lamsfoundation.lams.tool.vote.pojos.VoteContent>
  <voteContentId>8</voteContentId>
  <title>Voting Title</title>
  <instructions>Voting Instructions</instructions>
  <defineLater>false</defineLater>
  <runOffline>false</runOffline>
  <creationDate class="sql-timestamp">2006-07-28 11:11:37.0</creationDate>
  <createdBy>1</createdBy>
  <voteChangable>false</voteChangable>
  <allowText>false</allowText>
  <maxNominationCount>1</maxNominationCount>
  <lockOnFinish>false</lockOnFinish>
  <contentInUse>false</contentInUse>
  <offlineInstructions>offline instructions</offlineInstructions>
  <onlineInstructions>online instructions</onlineInstructions>
  <voteQueContents class="tree-set">
    <no-comparator/>
    <org.lamsfoundation.lams.tool.vote.pojos.VoteQueContent>
      <question>Sample Nomination 1</question>
      <displayOrder>1</displayOrder>
      <voteContent reference="../../.."/>
    </org.lamsfoundation.lams.tool.vote.pojos.VoteQueContent>
    <org.lamsfoundation.lams.tool.vote.pojos.VoteQueContent>
      <question>Sample Nomination 2</question>
      <displayOrder>2</displayOrder>
      <voteContent reference="../../.."/>
    </org.lamsfoundation.lams.tool.vote.pojos.VoteQueContent>
  </voteQueContents>
  <voteAttachments class="tree-set">
    <no-comparator/>
  </voteAttachments>
</org.lamsfoundation.lams.tool.vote.pojos.VoteContent>