<org.lamsfoundation.lams.learningdesign.dto.LearningDesignDTO>
  <learningDesignID>1</learningDesignID>
  <title>Benchmark</title>
  <firstActivityID>13</firstActivityID>
  <firstActivityUIID>1</firstActivityUIID>
  <maxID>32</maxID>
  <validDesign>true</validDesign>
  <readOnly>false</readOnly>
  <userID>5</userID>
  <copyTypeID>1</copyTypeID>
  <createDateTime class="sql-timestamp">2006-07-28 11:58:50.0</createDateTime>
  <version>1.1_beta</version>
  <workspaceFolderID>5</workspaceFolderID>
  <lastModifiedDateTime class="sql-timestamp">2006-07-28 11:58:51.0</lastModifiedDateTime>
  <groupings>
    <org.lamsfoundation.lams.learningdesign.dto.GroupingDTO>
      <groupingID>1</groupingID>
      <groupingUIID>16</groupingUIID>
      <groupingTypeID>1</groupingTypeID>
      <numberOfGroups>4</numberOfGroups>
      <groups/>
    </org.lamsfoundation.lams.learningdesign.dto.GroupingDTO>
  </groupings>
  <activities>
    <org.lamsfoundation.lams.learningdesign.dto.AuthoringActivityDTO>
      <activityID>13</activityID>
      <activityUIID>1</activityUIID>
      <description>Tool for displaying HTML content including external sources such as images and other media.</description>
      <activityTitle>Noticeboard</activityTitle>
      <helpText>Displays formatted text and links to external sources on a read only page.</helpText>
      <xCoord>106</xCoord>
      <yCoord>113</yCoord>
      <activityTypeID>1</activityTypeID>
      <defineLater>false</defineLater>
      <learningDesignID>1</learningDesignID>
      <learningLibraryID>3</learningLibraryID>
      <createDateTime class="sql-timestamp">2006-07-28 11:10:42.0</createDateTime>
      <runOffline>false</runOffline>
      <toolSignature>lanb11</toolSignature>
      <toolID>3</toolID>
      <toolContentID>13</toolContentID>
      <toolDisplayName>NoticeboardX</toolDisplayName>
      <authoringURL>tool/lanb11/authoring.do</authoringURL>
      <monitoringURL>tool/lanb11/monitoring.do</monitoringURL>
      <activityCategoryID>4</activityCategoryID>
      <applyGrouping>false</applyGrouping>
      <groupingSupportType>2</groupingSupportType>
      <libraryActivityUIImage>tool/lanb11/images/icon_htmlnb.swf</libraryActivityUIImage>
    </org.lamsfoundation.lams.learningdesign.dto.AuthoringActivityDTO>
    <org.lamsfoundation.lams.learningdesign.dto.AuthoringActivityDTO>
      <activityID>14</activityID>
      <activityUIID>3</activityUIID>
      <description>Sharing resource with others.</description>
      <activityTitle>Share Resources</activityTitle>
      <helpText>Uploading your resources to share with others.</helpText>
      <xCoord>8</xCoord>
      <yCoord>45</yCoord>
      <parentActivityID>16</parentActivityID>
      <parentUIID>2</parentUIID>
      <activityTypeID>1</activityTypeID>
      <orderID>1</orderID>
      <defineLater>false</defineLater>
      <learningDesignID>1</learningDesignID>
      <createDateTime class="sql-timestamp">2006-07-28 11:34:42.0</createDateTime>
      <runOffline>false</runOffline>
      <toolSignature>larsrc11</toolSignature>
      <toolID>7</toolID>
      <toolContentID>10</toolContentID>
      <toolDisplayName>Shared Resources</toolDisplayName>
      <authoringURL>tool/larsrc11/authoring/start.do</authoringURL>
      <monitoringURL>tool/larsrc11/monitoring/summary.do</monitoringURL>
      <contributeURL>tool/larsrc11/contribute.do</contributeURL>
      <moderationURL>tool/larsrc11/moderate.do</moderationURL>
      <activityCategoryID>4</activityCategoryID>
      <applyGrouping>false</applyGrouping>
      <groupingSupportType>2</groupingSupportType>
      <libraryActivityUIImage>tool/larsrc11/images/icon_rsrc.swf</libraryActivityUIImage>
    </org.lamsfoundation.lams.learningdesign.dto.AuthoringActivityDTO>
    <org.lamsfoundation.lams.learningdesign.dto.AuthoringActivityDTO>
      <activityID>16</activityID>
      <activityUIID>2</activityUIID>
      <description>Combined Share Resources and Forum </description>
      <activityTitle>Resources and Forum</activityTitle>
      <helpText>The top window has a Share Resources area and the bottom window has a forum for learners to discuss items they have view via the Share Resources area.</helpText>
      <xCoord>343</xCoord>
      <yCoord>70</yCoord>
      <activityTypeID>6</activityTypeID>
      <defineLater>false</defineLater>
      <learningDesignID>1</learningDesignID>
      <learningLibraryID>10</learningLibraryID>
      <createDateTime class="sql-timestamp">2006-07-28 11:34:42.0</createDateTime>
      <runOffline>false</runOffline>
      <activityCategoryID>1</activityCategoryID>
      <applyGrouping>false</applyGrouping>
      <groupingSupportType>2</groupingSupportType>
      <libraryActivityUIImage>images/icon_urlcontentmessageboard.swf</libraryActivityUIImage>
    </org.lamsfoundation.lams.learningdesign.dto.AuthoringActivityDTO>
    <org.lamsfoundation.lams.learningdesign.dto.AuthoringActivityDTO>
      <activityID>17</activityID>
      <activityUIID>5</activityUIID>
      <description>Learners submit files for assessment by the teacher. Scores and comments may be exported as a spreadsheet.</description>
      <activityTitle>File Submission</activityTitle>
      <helpText>Learners submit files for assessment by the teacher. Scores and comments for each learner are recorded and may be exported as a spreadsheet.</helpText>
      <xCoord>577</xCoord>
      <yCoord>76</yCoord>
      <activityTypeID>1</activityTypeID>
      <defineLater>false</defineLater>
      <learningDesignID>1</learningDesignID>
      <learningLibraryID>5</learningLibraryID>
      <createDateTime class="sql-timestamp">2006-07-28 11:10:42.0</createDateTime>
      <runOffline>false</runOffline>
      <toolSignature>lasbmt11</toolSignature>
      <toolID>5</toolID>
      <toolContentID>14</toolContentID>
      <toolDisplayName>Submit File</toolDisplayName>
      <authoringURL>tool/lasbmt11/authoring.do</authoringURL>
      <monitoringURL>tool/lasbmt11/monitoring.do</monitoringURL>
      <contributeURL>tool/lasbmt11/contribute.do</contributeURL>
      <moderationURL>tool/lasbmt11/moderation.do</moderationURL>
      <activityCategoryID>4</activityCategoryID>
      <applyGrouping>false</applyGrouping>
      <groupingSupportType>2</groupingSupportType>
      <libraryActivityUIImage>tool/lasbmt11/images/icon_reportsubmission.swf</libraryActivityUIImage>
    </org.lamsfoundation.lams.learningdesign.dto.AuthoringActivityDTO>
    <org.lamsfoundation.lams.learningdesign.dto.AuthoringActivityDTO>
      <activityID>18</activityID>
      <activityUIID>6</activityUIID>
      <description>Creates automated assessment questions. e.g. Multiple choice and true/false questions. Can provide feedback and scores.</description>
      <activityTitle>Multiple Choice</activityTitle>
      <helpText>Learner answers a series of automated assessment questions. e.g. Multiple choice and true/false questions. Optional features include feedback on each question and scoring. Questions are weighted for scoring.</helpText>
      <xCoord>811</xCoord>
      <yCoord>73</yCoord>
      <activityTypeID>1</activityTypeID>
      <defineLater>false</defineLater>
      <learningDesignID>1</learningDesignID>
      <learningLibraryID>2</learningLibraryID>
      <createDateTime class="sql-timestamp">2006-07-28 11:10:42.0</createDateTime>
      <runOffline>false</runOffline>
      <toolSignature>lamc11</toolSignature>
      <toolID>2</toolID>
      <toolContentID>15</toolContentID>
      <toolDisplayName>MCQ</toolDisplayName>
      <authoringURL>tool/lamc11/authoringStarter.do</authoringURL>
      <monitoringURL>tool/lamc11/monitoringStarter.do</monitoringURL>
      <contributeURL>tool/lamc11/monitoringStarter.do</contributeURL>
      <moderationURL>tool/lamc11/monitoringStarter.do</moderationURL>
      <activityCategoryID>4</activityCategoryID>
      <applyGrouping>false</applyGrouping>
      <groupingSupportType>2</groupingSupportType>
      <libraryActivityUIImage>tool/lamc11/images/icon_mcq.swf</libraryActivityUIImage>
    </org.lamsfoundation.lams.learningdesign.dto.AuthoringActivityDTO>
    <org.lamsfoundation.lams.learningdesign.dto.AuthoringActivityDTO>
      <activityID>19</activityID>
      <activityUIID>7</activityUIID>
      <description>Online threaded discussion tool (asynchronous).</description>
      <activityTitle>Forum</activityTitle>
      <helpText>Discussion tool useful for long running collaborations and situations where learners are not all on line at the same time.</helpText>
      <xCoord>818</xCoord>
      <yCoord>374</yCoord>
      <activityTypeID>1</activityTypeID>
      <groupingID>1</groupingID>
      <groupingUIID>16</groupingUIID>
      <defineLater>false</defineLater>
      <learningDesignID>1</learningDesignID>
      <learningLibraryID>1</learningLibraryID>
      <createDateTime class="sql-timestamp">2006-07-28 11:09:42.0</createDateTime>
      <runOffline>false</runOffline>
      <toolSignature>lafrum11</toolSignature>
      <toolID>1</toolID>
      <toolContentID>16</toolContentID>
      <toolDisplayName>Forum</toolDisplayName>
      <authoringURL>tool/lafrum11/authoring.do</authoringURL>
      <monitoringURL>tool/lafrum11/monitoring.do</monitoringURL>
      <contributeURL>tool/lafrum11/contribute.do</contributeURL>
      <moderationURL>tool/lafrum11/moderate.do</moderationURL>
      <activityCategoryID>4</activityCategoryID>
      <applyGrouping>true</applyGrouping>
      <groupingSupportType>2</groupingSupportType>
      <libraryActivityUIImage>tool/lafrum11/images/icon_forum.swf</libraryActivityUIImage>
    </org.lamsfoundation.lams.learningdesign.dto.AuthoringActivityDTO>
    <org.lamsfoundation.lams.learningdesign.dto.AuthoringActivityDTO>
      <activityID>20</activityID>
      <activityUIID>8</activityUIID>
      <description>Notebook Tool</description>
      <activityTitle>Notebook</activityTitle>
      <helpText>Syncronous notebook tool</helpText>
      <xCoord>547</xCoord>
      <yCoord>369</yCoord>
      <activityTypeID>1</activityTypeID>
      <defineLater>false</defineLater>
      <learningDesignID>1</learningDesignID>
      <learningLibraryID>9</learningLibraryID>
      <createDateTime class="sql-timestamp">2006-07-28 11:20:42.0</createDateTime>
      <runOffline>false</runOffline>
      <toolSignature>lantbk11</toolSignature>
      <toolID>9</toolID>
      <toolContentID>17</toolContentID>
      <toolDisplayName>Notebook</toolDisplayName>
      <authoringURL>tool/lantbk11/authoring.do</authoringURL>
      <monitoringURL>tool/lantbk11/monitoring.do</monitoringURL>
      <contributeURL>tool/lantbk11/contribute.do</contributeURL>
      <moderationURL>tool/lantbk11/moderate.do</moderationURL>
      <activityCategoryID>4</activityCategoryID>
      <applyGrouping>false</applyGrouping>
      <groupingSupportType>2</groupingSupportType>
      <libraryActivityUIImage>tool/lantbk11/images/icon_notebook.swf</libraryActivityUIImage>
    </org.lamsfoundation.lams.learningdesign.dto.AuthoringActivityDTO>
    <org.lamsfoundation.lams.learningdesign.dto.AuthoringActivityDTO>
      <activityID>21</activityID>
      <activityUIID>9</activityUIID>
      <description>Each learner answers question(s) and then sees answers from all learners collated on the next page.</description>
      <activityTitle>Q and A</activityTitle>
      <helpText>Each learner answers one or more questions in short answer format and then sees answers from all learners collated on the next page.</helpText>
      <xCoord>333</xCoord>
      <yCoord>365</yCoord>
      <activityTypeID>1</activityTypeID>
      <defineLater>false</defineLater>
      <learningDesignID>1</learningDesignID>
      <learningLibraryID>4</learningLibraryID>
      <createDateTime class="sql-timestamp">2006-07-28 11:10:42.0</createDateTime>
      <runOffline>false</runOffline>
      <toolSignature>laqa11</toolSignature>
      <toolID>4</toolID>
      <toolContentID>18</toolContentID>
      <toolDisplayName>Question and Answer</toolDisplayName>
      <authoringURL>tool/laqa11/authoringStarter.do</authoringURL>
      <monitoringURL>tool/laqa11/monitoringStarter.do</monitoringURL>
      <contributeURL>tool/laqa11/monitoringStarter.do</contributeURL>
      <moderationURL>tool/laqa11/monitoringStarter.do</moderationURL>
      <activityCategoryID>4</activityCategoryID>
      <applyGrouping>false</applyGrouping>
      <groupingSupportType>2</groupingSupportType>
      <libraryActivityUIImage>tool/laqa11/images/icon_questionanswer.swf</libraryActivityUIImage>
    </org.lamsfoundation.lams.learningdesign.dto.AuthoringActivityDTO>
    <org.lamsfoundation.lams.learningdesign.dto.AuthoringActivityDTO>
      <activityID>22</activityID>
      <activityUIID>10</activityUIID>
      <description>Sharing resource with others.</description>
      <activityTitle>Share Resources</activityTitle>
      <helpText>Uploading your resources to share with others.</helpText>
      <xCoord>124</xCoord>
      <yCoord>363</yCoord>
      <activityTypeID>1</activityTypeID>
      <defineLater>false</defineLater>
      <learningDesignID>1</learningDesignID>
      <learningLibraryID>7</learningLibraryID>
      <createDateTime class="sql-timestamp">2006-07-28 11:11:42.0</createDateTime>
      <runOffline>false</runOffline>
      <toolSignature>larsrc11</toolSignature>
      <toolID>7</toolID>
      <toolContentID>12</toolContentID>
      <toolDisplayName>Shared Resources</toolDisplayName>
      <authoringURL>tool/larsrc11/authoring/start.do</authoringURL>
      <monitoringURL>tool/larsrc11/monitoring/summary.do</monitoringURL>
      <contributeURL>tool/larsrc11/contribute.do</contributeURL>
      <moderationURL>tool/larsrc11/moderate.do</moderationURL>
      <activityCategoryID>4</activityCategoryID>
      <applyGrouping>false</applyGrouping>
      <groupingSupportType>2</groupingSupportType>
      <libraryActivityUIImage>tool/larsrc11/images/icon_rsrc.swf</libraryActivityUIImage>
    </org.lamsfoundation.lams.learningdesign.dto.AuthoringActivityDTO>
    <org.lamsfoundation.lams.learningdesign.dto.AuthoringActivityDTO>
      <activityID>23</activityID>
      <activityUIID>11</activityUIID>
      <description>Allows voting format</description>
      <activityTitle>Voting</activityTitle>
      <helpText>Voting help text</helpText>
      <xCoord>313</xCoord>
      <yCoord>549</yCoord>
      <activityTypeID>1</activityTypeID>
      <groupingID>1</groupingID>
      <groupingUIID>16</groupingUIID>
      <defineLater>false</defineLater>
      <learningDesignID>1</learningDesignID>
      <learningLibraryID>8</learningLibraryID>
      <createDateTime class="sql-timestamp">2006-07-28 11:11:42.0</createDateTime>
      <runOffline>false</runOffline>
      <toolSignature>lavote11</toolSignature>
      <toolID>8</toolID>
      <toolContentID>8</toolContentID>
      <toolDisplayName>Voting</toolDisplayName>
      <authoringURL>tool/lavote11/authoringStarter.do</authoringURL>
      <monitoringURL>tool/lavote11/monitoringStarter.do</monitoringURL>
      <contributeURL>tool/lavote11/monitoringStarter.do</contributeURL>
      <moderationURL>tool/lavote11/monitoringStarter.do</moderationURL>
      <activityCategoryID>4</activityCategoryID>
      <applyGrouping>true</applyGrouping>
      <groupingSupportType>2</groupingSupportType>
      <libraryActivityUIImage>tool/lavote11/images/icon_ranking.swf</libraryActivityUIImage>
    </org.lamsfoundation.lams.learningdesign.dto.AuthoringActivityDTO>
    <org.lamsfoundation.lams.learningdesign.dto.AuthoringActivityDTO>
      <activityID>24</activityID>
      <activityUIID>12</activityUIID>
      <activityTitle>Optional Activity</activityTitle>
      <xCoord>543</xCoord>
      <yCoord>505</yCoord>
      <activityTypeID>7</activityTypeID>
      <defineLater>false</defineLater>
      <learningDesignID>1</learningDesignID>
      <createDateTime class="sql-timestamp">2006-07-28 11:41:40.0</createDateTime>
      <runOffline>false</runOffline>
      <activityCategoryID>1</activityCategoryID>
      <applyGrouping>false</applyGrouping>
      <groupingSupportType>2</groupingSupportType>
    </org.lamsfoundation.lams.learningdesign.dto.AuthoringActivityDTO>
    <org.lamsfoundation.lams.learningdesign.dto.AuthoringActivityDTO>
      <activityID>25</activityID>
      <activityUIID>13</activityUIID>
      <description>Tool for displaying HTML content including external sources such as images and other media.</description>
      <activityTitle>Noticeboard</activityTitle>
      <helpText>Displays formatted text and links to external sources on a read only page.</helpText>
      <xCoord>8</xCoord>
      <yCoord>57</yCoord>
      <parentActivityID>24</parentActivityID>
      <parentUIID>12</parentUIID>
      <activityTypeID>1</activityTypeID>
      <orderID>1</orderID>
      <defineLater>false</defineLater>
      <learningDesignID>1</learningDesignID>
      <learningLibraryID>3</learningLibraryID>
      <createDateTime class="sql-timestamp">2006-07-28 11:10:42.0</createDateTime>
      <runOffline>false</runOffline>
      <toolSignature>lanb11</toolSignature>
      <toolID>3</toolID>
      <toolContentID>3</toolContentID>
      <toolDisplayName>NoticeboardX</toolDisplayName>
      <authoringURL>tool/lanb11/authoring.do</authoringURL>
      <monitoringURL>tool/lanb11/monitoring.do</monitoringURL>
      <activityCategoryID>4</activityCategoryID>
      <applyGrouping>false</applyGrouping>
      <groupingSupportType>2</groupingSupportType>
      <libraryActivityUIImage>tool/lanb11/images/icon_htmlnb.swf</libraryActivityUIImage>
    </org.lamsfoundation.lams.learningdesign.dto.AuthoringActivityDTO>
    <org.lamsfoundation.lams.learningdesign.dto.AuthoringActivityDTO>
      <activityID>15</activityID>
      <activityUIID>4</activityUIID>
      <description>Online threaded discussion tool (asynchronous).</description>
      <activityTitle>Forum</activityTitle>
      <helpText>Discussion tool useful for long running collaborations and situations where learners are not all on line at the same time.</helpText>
      <xCoord>8</xCoord>
      <yCoord>108</yCoord>
      <parentActivityID>16</parentActivityID>
      <parentUIID>2</parentUIID>
      <activityTypeID>1</activityTypeID>
      <orderID>2</orderID>
      <defineLater>false</defineLater>
      <learningDesignID>1</learningDesignID>
      <createDateTime class="sql-timestamp">2006-07-28 11:34:42.0</createDateTime>
      <runOffline>false</runOffline>
      <toolSignature>lafrum11</toolSignature>
      <toolID>1</toolID>
      <toolContentID>11</toolContentID>
      <toolDisplayName>Forum</toolDisplayName>
      <authoringURL>tool/lafrum11/authoring.do</authoringURL>
      <monitoringURL>tool/lafrum11/monitoring.do</monitoringURL>
      <contributeURL>tool/lafrum11/contribute.do</contributeURL>
      <moderationURL>tool/lafrum11/moderate.do</moderationURL>
      <activityCategoryID>4</activityCategoryID>
      <applyGrouping>false</applyGrouping>
      <groupingSupportType>2</groupingSupportType>
      <libraryActivityUIImage>tool/lafrum11/images/icon_forum.swf</libraryActivityUIImage>
    </org.lamsfoundation.lams.learningdesign.dto.AuthoringActivityDTO>
    <org.lamsfoundation.lams.learningdesign.dto.AuthoringActivityDTO>
      <activityID>26</activityID>
      <activityUIID>14</activityUIID>
      <description>Notebook Tool</description>
      <activityTitle>Notebook</activityTitle>
      <helpText>Syncronous notebook tool</helpText>
      <xCoord>8</xCoord>
      <yCoord>117</yCoord>
      <parentActivityID>24</parentActivityID>
      <parentUIID>12</parentUIID>
      <activityTypeID>1</activityTypeID>
      <orderID>2</orderID>
      <defineLater>false</defineLater>
      <learningDesignID>1</learningDesignID>
      <learningLibraryID>9</learningLibraryID>
      <createDateTime class="sql-timestamp">2006-07-28 11:20:42.0</createDateTime>
      <runOffline>false</runOffline>
      <toolSignature>lantbk11</toolSignature>
      <toolID>9</toolID>
      <toolContentID>9</toolContentID>
      <toolDisplayName>Notebook</toolDisplayName>
      <authoringURL>tool/lantbk11/authoring.do</authoringURL>
      <monitoringURL>tool/lantbk11/monitoring.do</monitoringURL>
      <contributeURL>tool/lantbk11/contribute.do</contributeURL>
      <moderationURL>tool/lantbk11/moderate.do</moderationURL>
      <activityCategoryID>4</activityCategoryID>
      <applyGrouping>false</applyGrouping>
      <groupingSupportType>2</groupingSupportType>
      <libraryActivityUIImage>tool/lantbk11/images/icon_notebook.swf</libraryActivityUIImage>
    </org.lamsfoundation.lams.learningdesign.dto.AuthoringActivityDTO>
    <org.lamsfoundation.lams.learningdesign.dto.AuthoringActivityDTO>
      <activityID>27</activityID>
      <activityUIID>15</activityUIID>
      <description>Chat Tool</description>
      <activityTitle>Chat</activityTitle>
      <helpText>Syncronous chat tool</helpText>
      <xCoord>827</xCoord>
      <yCoord>533</yCoord>
      <activityTypeID>1</activityTypeID>
      <groupingID>1</groupingID>
      <groupingUIID>16</groupingUIID>
      <defineLater>false</defineLater>
      <learningDesignID>1</learningDesignID>
      <learningLibraryID>6</learningLibraryID>
      <createDateTime class="sql-timestamp">2006-07-28 11:11:42.0</createDateTime>
      <runOffline>false</runOffline>
      <toolSignature>lachat11</toolSignature>
      <toolID>6</toolID>
      <toolContentID>6</toolContentID>
      <toolDisplayName>Chat</toolDisplayName>
      <authoringURL>tool/lachat11/authoring.do</authoringURL>
      <monitoringURL>tool/lachat11/monitoring.do</monitoringURL>
      <contributeURL>tool/lachat11/contribute.do</contributeURL>
      <moderationURL>tool/lachat11/moderate.do</moderationURL>
      <activityCategoryID>4</activityCategoryID>
      <applyGrouping>true</applyGrouping>
      <groupingSupportType>2</groupingSupportType>
      <libraryActivityUIImage>tool/lachat11/images/icon_chat.swf</libraryActivityUIImage>
    </org.lamsfoundation.lams.learningdesign.dto.AuthoringActivityDTO>
    <org.lamsfoundation.lams.learningdesign.dto.AuthoringActivityDTO>
      <activityID>28</activityID>
      <activityUIID>17</activityUIID>
      <activityTitle>Grouping</activityTitle>
      <xCoord>814</xCoord>
      <yCoord>209</yCoord>
      <activityTypeID>2</activityTypeID>
      <defineLater>false</defineLater>
      <learningDesignID>1</learningDesignID>
      <createDateTime class="sql-timestamp">2006-07-28 11:42:36.0</createDateTime>
      <runOffline>false</runOffline>
      <activityCategoryID>1</activityCategoryID>
      <applyGrouping>false</applyGrouping>
      <groupingSupportType>2</groupingSupportType>
      <createGroupingID>1</createGroupingID>
      <createGroupingUIID>16</createGroupingUIID>
    </org.lamsfoundation.lams.learningdesign.dto.AuthoringActivityDTO>
    <org.lamsfoundation.lams.learningdesign.dto.AuthoringActivityDTO>
      <activityID>29</activityID>
      <activityUIID>18</activityUIID>
      <activityTitle>Gate</activityTitle>
      <xCoord>150</xCoord>
      <yCoord>554</yCoord>
      <activityTypeID>3</activityTypeID>
      <defineLater>false</defineLater>
      <learningDesignID>1</learningDesignID>
      <createDateTime class="sql-timestamp">2006-07-28 11:42:49.0</createDateTime>
      <runOffline>false</runOffline>
      <activityCategoryID>1</activityCategoryID>
      <gateActivityLevelID>1</gateActivityLevelID>
      <applyGrouping>false</applyGrouping>
      <groupingSupportType>2</groupingSupportType>
    </org.lamsfoundation.lams.learningdesign.dto.AuthoringActivityDTO>
  </activities>
  <transitions>
    <org.lamsfoundation.lams.learningdesign.dto.TransitionDTO>
      <transitionID>10</transitionID>
      <transitionUIID>29</transitionUIID>
      <toUIID>15</toUIID>
      <fromUIID>12</fromUIID>
      <createDateTime class="sql-timestamp">1970-01-01 11:00:00.0</createDateTime>
      <toActivityID>27</toActivityID>
      <fromActivityID>24</fromActivityID>
      <learningDesignID>1</learningDesignID>
    </org.lamsfoundation.lams.learningdesign.dto.TransitionDTO>
    <org.lamsfoundation.lams.learningdesign.dto.TransitionDTO>
      <transitionID>4</transitionID>
      <transitionUIID>22</transitionUIID>
      <toUIID>17</toUIID>
      <fromUIID>6</fromUIID>
      <createDateTime class="sql-timestamp">1970-01-01 11:00:00.0</createDateTime>
      <toActivityID>28</toActivityID>
      <fromActivityID>18</fromActivityID>
      <learningDesignID>1</learningDesignID>
    </org.lamsfoundation.lams.learningdesign.dto.TransitionDTO>
    <org.lamsfoundation.lams.learningdesign.dto.TransitionDTO>
      <transitionID>6</transitionID>
      <transitionUIID>24</transitionUIID>
      <toUIID>8</toUIID>
      <fromUIID>7</fromUIID>
      <createDateTime class="sql-timestamp">1970-01-01 11:00:00.0</createDateTime>
      <toActivityID>20</toActivityID>
      <fromActivityID>19</fromActivityID>
      <learningDesignID>1</learningDesignID>
    </org.lamsfoundation.lams.learningdesign.dto.TransitionDTO>
    <org.lamsfoundation.lams.learningdesign.dto.TransitionDTO>
      <transitionID>8</transitionID>
      <transitionUIID>26</transitionUIID>
      <toUIID>10</toUIID>
      <fromUIID>9</fromUIID>
      <createDateTime class="sql-timestamp">1970-01-01 11:00:00.0</createDateTime>
      <toActivityID>22</toActivityID>
      <fromActivityID>21</fromActivityID>
      <learningDesignID>1</learningDesignID>
    </org.lamsfoundation.lams.learningdesign.dto.TransitionDTO>
    <org.lamsfoundation.lams.learningdesign.dto.TransitionDTO>
      <transitionID>3</transitionID>
      <transitionUIID>21</transitionUIID>
      <toUIID>6</toUIID>
      <fromUIID>5</fromUIID>
      <createDateTime class="sql-timestamp">1970-01-01 11:00:00.0</createDateTime>
      <toActivityID>18</toActivityID>
      <fromActivityID>17</fromActivityID>
      <learningDesignID>1</learningDesignID>
    </org.lamsfoundation.lams.learningdesign.dto.TransitionDTO>
    <org.lamsfoundation.lams.learningdesign.dto.TransitionDTO>
      <transitionID>1</transitionID>
      <transitionUIID>19</transitionUIID>
      <toUIID>2</toUIID>
      <fromUIID>1</fromUIID>
      <createDateTime class="sql-timestamp">1970-01-01 11:00:00.0</createDateTime>
      <toActivityID>16</toActivityID>
      <fromActivityID>13</fromActivityID>
      <learningDesignID>1</learningDesignID>
    </org.lamsfoundation.lams.learningdesign.dto.TransitionDTO>
    <org.lamsfoundation.lams.learningdesign.dto.TransitionDTO>
      <transitionID>5</transitionID>
      <transitionUIID>23</transitionUIID>
      <toUIID>7</toUIID>
      <fromUIID>17</fromUIID>
      <createDateTime class="sql-timestamp">1970-01-01 11:00:00.0</createDateTime>
      <toActivityID>19</toActivityID>
      <fromActivityID>28</fromActivityID>
      <learningDesignID>1</learningDesignID>
    </org.lamsfoundation.lams.learningdesign.dto.TransitionDTO>
    <org.lamsfoundation.lams.learningdesign.dto.TransitionDTO>
      <transitionID>11</transitionID>
      <transitionUIID>30</transitionUIID>
      <toUIID>18</toUIID>
      <fromUIID>10</fromUIID>
      <createDateTime class="sql-timestamp">1970-01-01 11:00:00.0</createDateTime>
      <toActivityID>29</toActivityID>
      <fromActivityID>22</fromActivityID>
      <learningDesignID>1</learningDesignID>
    </org.lamsfoundation.lams.learningdesign.dto.TransitionDTO>
    <org.lamsfoundation.lams.learningdesign.dto.TransitionDTO>
      <transitionID>9</transitionID>
      <transitionUIID>28</transitionUIID>
      <toUIID>12</toUIID>
      <fromUIID>11</fromUIID>
      <createDateTime class="sql-timestamp">1970-01-01 11:00:00.0</createDateTime>
      <toActivityID>24</toActivityID>
      <fromActivityID>23</fromActivityID>
      <learningDesignID>1</learningDesignID>
    </org.lamsfoundation.lams.learningdesign.dto.TransitionDTO>
    <org.lamsfoundation.lams.learningdesign.dto.TransitionDTO>
      <transitionID>7</transitionID>
      <transitionUIID>25</transitionUIID>
      <toUIID>9</toUIID>
      <fromUIID>8</fromUIID>
      <createDateTime class="sql-timestamp">1970-01-01 11:00:00.0</createDateTime>
      <toActivityID>21</toActivityID>
      <fromActivityID>20</fromActivityID>
      <learningDesignID>1</learningDesignID>
    </org.lamsfoundation.lams.learningdesign.dto.TransitionDTO>
    <org.lamsfoundation.lams.learningdesign.dto.TransitionDTO>
      <transitionID>2</transitionID>
      <transitionUIID>20</transitionUIID>
      <toUIID>5</toUIID>
      <fromUIID>2</fromUIID>
      <createDateTime class="sql-timestamp">1970-01-01 11:00:00.0</createDateTime>
      <toActivityID>17</toActivityID>
      <fromActivityID>16</fromActivityID>
      <learningDesignID>1</learningDesignID>
    </org.lamsfoundation.lams.learningdesign.dto.TransitionDTO>
    <org.lamsfoundation.lams.learningdesign.dto.TransitionDTO>
      <transitionID>12</transitionID>
      <transitionUIID>31</transitionUIID>
      <toUIID>11</toUIID>
      <fromUIID>18</fromUIID>
      <createDateTime class="sql-timestamp">1970-01-01 11:00:00.0</createDateTime>
      <toActivityID>23</toActivityID>
      <fromActivityID>29</fromActivityID>
      <learningDesignID>1</learningDesignID>
    </org.lamsfoundation.lams.learningdesign.dto.TransitionDTO>
  </transitions>
</org.lamsfoundation.lams.learningdesign.dto.LearningDesignDTO>