<org.lamsfoundation.lams.tool.scratchie.model.Scratchie>
  <contentId>86</contentId>
  <title>Scratchie</title>
  <instructions>Scenario explanation </instructions>
  <runOffline>false</runOffline>
  <defineLater>false</defineLater>
  <contentInUse>false</contentInUse>
  <attachments/>
  <scratchieItems>
    <org.lamsfoundation.lams.tool.scratchie.model.ScratchieItem>
      <title>Question Title</title>
      <description>Question Description</description>
      <orderId>1</orderId>
      <isCreateByAuthor>true</isCreateByAuthor>
      <createDate class="sql-timestamp">2013-12-10 14:56:07.0</createDate>
      <answers>
        <org.lamsfoundation.lams.tool.scratchie.model.ScratchieAnswer>
          <description>Question Answer A</description>
          <correct>true</correct>
          <orderId>0</orderId>
          <scratchieItem>
            <uid>1</uid>
            <title>Question Title</title>
            <description>Question Description</description>
            <orderId>1</orderId>
            <isCreateByAuthor>true</isCreateByAuthor>
            <createDate class="sql-timestamp" reference="../../../../createDate"/>
            <answers class="org.hibernate.collection.PersistentSet">
              <set class="linked-hash-set">
                <org.lamsfoundation.lams.tool.scratchie.model.ScratchieAnswer>
                  <uid>1</uid>
                  <description>Question Answer A</description>
                  <correct>true</correct>
                  <orderId>0</orderId>
                  <scratchieItem reference="../../../.."/>
                  <scratched>false</scratched>
                  <attemptOrder>0</attemptOrder>
                </org.lamsfoundation.lams.tool.scratchie.model.ScratchieAnswer>
                <org.lamsfoundation.lams.tool.scratchie.model.ScratchieAnswer>
                  <uid>2</uid>
                  <description>Question Answer B</description>
                  <correct>false</correct>
                  <orderId>1</orderId>
                  <scratchieItem reference="../../../.."/>
                  <scratched>false</scratched>
                  <attemptOrder>0</attemptOrder>
                </org.lamsfoundation.lams.tool.scratchie.model.ScratchieAnswer>
                <org.lamsfoundation.lams.tool.scratchie.model.ScratchieAnswer>
                  <uid>3</uid>
                  <description>Question Answer C</description>
                  <correct>false</correct>
                  <orderId>2</orderId>
                  <scratchieItem reference="../../../.."/>
                  <scratched>false</scratched>
                  <attemptOrder>0</attemptOrder>
                </org.lamsfoundation.lams.tool.scratchie.model.ScratchieAnswer>
                <org.lamsfoundation.lams.tool.scratchie.model.ScratchieAnswer>
                  <uid>4</uid>
                  <description>Question Answer D</description>
                  <correct>false</correct>
                  <orderId>3</orderId>
                  <scratchieItem reference="../../../.."/>
                  <scratched>false</scratched>
                  <attemptOrder>0</attemptOrder>
                </org.lamsfoundation.lams.tool.scratchie.model.ScratchieAnswer>
              </set>
              <initialized>true</initialized>
              <owner class="org.lamsfoundation.lams.tool.scratchie.model.ScratchieItem" reference="../.."/>
              <cachedSize>-1</cachedSize>
              <role>org.lamsfoundation.lams.tool.scratchie.model.ScratchieItem.answers</role>
              <key class="long">1</key>
              <dirty>false</dirty>
              <storedSnapshot class="map">
                <entry>
                  <org.lamsfoundation.lams.tool.scratchie.model.ScratchieAnswer reference="../../../set/org.lamsfoundation.lams.tool.scratchie.model.ScratchieAnswer"/>
                  <org.lamsfoundation.lams.tool.scratchie.model.ScratchieAnswer reference="../../../set/org.lamsfoundation.lams.tool.scratchie.model.ScratchieAnswer"/>
                </entry>
                <entry>
                  <org.lamsfoundation.lams.tool.scratchie.model.ScratchieAnswer reference="../../../set/org.lamsfoundation.lams.tool.scratchie.model.ScratchieAnswer[4]"/>
                  <org.lamsfoundation.lams.tool.scratchie.model.ScratchieAnswer reference="../../../set/org.lamsfoundation.lams.tool.scratchie.model.ScratchieAnswer[4]"/>
                </entry>
                <entry>
                  <org.lamsfoundation.lams.tool.scratchie.model.ScratchieAnswer reference="../../../set/org.lamsfoundation.lams.tool.scratchie.model.ScratchieAnswer[2]"/>
                  <org.lamsfoundation.lams.tool.scratchie.model.ScratchieAnswer reference="../../../set/org.lamsfoundation.lams.tool.scratchie.model.ScratchieAnswer[2]"/>
                </entry>
                <entry>
                  <org.lamsfoundation.lams.tool.scratchie.model.ScratchieAnswer reference="../../../set/org.lamsfoundation.lams.tool.scratchie.model.ScratchieAnswer[3]"/>
                  <org.lamsfoundation.lams.tool.scratchie.model.ScratchieAnswer reference="../../../set/org.lamsfoundation.lams.tool.scratchie.model.ScratchieAnswer[3]"/>
                </entry>
              </storedSnapshot>
            </answers>
            <isUnraveled>false</isUnraveled>
            <userMark>0</userMark>
            <userAttempts>0</userAttempts>
          </scratchieItem>
          <scratched>false</scratched>
          <attemptOrder>0</attemptOrder>
        </org.lamsfoundation.lams.tool.scratchie.model.ScratchieAnswer>
        <org.lamsfoundation.lams.tool.scratchie.model.ScratchieAnswer>
          <description>Question Answer D</description>
          <correct>false</correct>
          <orderId>3</orderId>
          <scratchieItem reference="../../org.lamsfoundation.lams.tool.scratchie.model.ScratchieAnswer/scratchieItem"/>
          <scratched>false</scratched>
          <attemptOrder>0</attemptOrder>
        </org.lamsfoundation.lams.tool.scratchie.model.ScratchieAnswer>
        <org.lamsfoundation.lams.tool.scratchie.model.ScratchieAnswer>
          <description>Question Answer C</description>
          <correct>false</correct>
          <orderId>2</orderId>
          <scratchieItem reference="../../org.lamsfoundation.lams.tool.scratchie.model.ScratchieAnswer/scratchieItem"/>
          <scratched>false</scratched>
          <attemptOrder>0</attemptOrder>
        </org.lamsfoundation.lams.tool.scratchie.model.ScratchieAnswer>
        <org.lamsfoundation.lams.tool.scratchie.model.ScratchieAnswer>
          <description>Question Answer B</description>
          <correct>false</correct>
          <orderId>1</orderId>
          <scratchieItem reference="../../org.lamsfoundation.lams.tool.scratchie.model.ScratchieAnswer/scratchieItem"/>
          <scratched>false</scratched>
          <attemptOrder>0</attemptOrder>
        </org.lamsfoundation.lams.tool.scratchie.model.ScratchieAnswer>
      </answers>
      <isUnraveled>false</isUnraveled>
      <userMark>0</userMark>
      <userAttempts>0</userAttempts>
    </org.lamsfoundation.lams.tool.scratchie.model.ScratchieItem>
  </scratchieItems>
  <extraPoint>false</extraPoint>
  <reflectOnActivity>false</reflectOnActivity>
</org.lamsfoundation.lams.tool.scratchie.model.Scratchie>