<org.lamsfoundation.lams.learningdesign.dto.LearningDesignDTO>
  <learningDesignID>34</learningDesignID>
  <title>leaderscratchie</title>
  <firstActivityID>102</firstActivityID>
  <firstActivityUIID>1</firstActivityUIID>
  <floatingActivityID>102</floatingActivityID>
  <maxID>4</maxID>
  <validDesign>true</validDesign>
  <readOnly>false</readOnly>
  <editOverrideLock>false</editOverrideLock>
  <userID>5</userID>
  <originalUserID>5</originalUserID>
  <copyTypeID>1</copyTypeID>
  <createDateTime class="sql-timestamp">2013-12-10 15:01:42.0</createDateTime>
  <version>2.4.0.201204131000</version>
  <designVersion>1</designVersion>
  <workspaceFolderID>5</workspaceFolderID>
  <lastModifiedDateTime class="sql-timestamp">2013-12-10 15:01:42.0</lastModifiedDateTime>
  <contentFolderID>4028808e42dccc900142dccfcfb00003</contentFolderID>
  <groupings/>
  <activities>
    <org.lamsfoundation.lams.learningdesign.dto.AuthoringActivityDTO>
      <activityID>102</activityID>
      <activityUIID>1</activityUIID>
      <description>Leader Selection Tool</description>
      <activityTitle>Leader Selection</activityTitle>
      <helpText>Leader Selection</helpText>
      <helpURL>http://wiki.lamsfoundation.org/display/lamsdocs/lalead11</helpURL>
      <xCoord>306</xCoord>
      <yCoord>111</yCoord>
      <activityTypeID>1</activityTypeID>
      <defineLater>false</defineLater>
      <learningDesignID>34</learningDesignID>
      <learningLibraryID>31</learningLibraryID>
      <createDateTime class="sql-timestamp">2013-12-10 15:01:42.0</createDateTime>
      <runOffline>false</runOffline>
      <toolSignature>lalead11</toolSignature>
      <toolID>28</toolID>
      <toolContentID>87</toolContentID>
      <toolDisplayName>Leaderselection</toolDisplayName>
      <toolVersion>20130422</toolVersion>
      <authoringURL>tool/lalead11/authoring.do</authoringURL>
      <monitoringURL>tool/lalead11/monitoring.do</monitoringURL>
      <contributeURL>tool/lalead11/contribute.do</contributeURL>
      <moderationURL>tool/lalead11/moderate.do</moderationURL>
      <activityCategoryID>6</activityCategoryID>
      <applyGrouping>false</applyGrouping>
      <groupingSupportType>2</groupingSupportType>
      <libraryActivityUIImage>tool/lalead11/images/icon_leaderselection.swf</libraryActivityUIImage>
      <readOnly>false</readOnly>
      <initialised>false</initialised>
      <stopAfterActivity>false</stopAfterActivity>
      <inputActivities/>
      <competenceMappingTitles/>
      <activityEvaluations/>
      <languageCode></languageCode>
      <supportsOutputs>true</supportsOutputs>
    </org.lamsfoundation.lams.learningdesign.dto.AuthoringActivityDTO>
    <org.lamsfoundation.lams.learningdesign.dto.AuthoringActivityDTO>
      <activityID>103</activityID>
      <activityUIID>3</activityUIID>
      <description>Scratchie</description>
      <activityTitle>Scratchie</activityTitle>
      <helpText>Put some help text here.</helpText>
      <helpURL>http://wiki.lamsfoundation.org/display/lamsdocs/lascrt11</helpURL>
      <xCoord>452</xCoord>
      <yCoord>337</yCoord>
      <activityTypeID>1</activityTypeID>
      <defineLater>false</defineLater>
      <learningDesignID>34</learningDesignID>
      <learningLibraryID>30</learningLibraryID>
      <createDateTime class="sql-timestamp">2013-12-10 15:01:42.0</createDateTime>
      <runOffline>false</runOffline>
      <toolSignature>lascrt11</toolSignature>
      <toolID>27</toolID>
      <toolContentID>86</toolContentID>
      <toolDisplayName>Scratchie</toolDisplayName>
      <toolVersion>20110509</toolVersion>
      <authoringURL>tool/lascrt11/authoring/start.do</authoringURL>
      <monitoringURL>tool/lascrt11/monitoring/summary.do</monitoringURL>
      <contributeURL>tool/lascrt11/contribute.do</contributeURL>
      <moderationURL>tool/lascrt11/moderate.do</moderationURL>
      <activityCategoryID>4</activityCategoryID>
      <applyGrouping>false</applyGrouping>
      <groupingSupportType>2</groupingSupportType>
      <libraryActivityUIImage>tool/lascrt11/images/icon_scratchie.swf</libraryActivityUIImage>
      <readOnly>false</readOnly>
      <initialised>false</initialised>
      <stopAfterActivity>false</stopAfterActivity>
      <inputActivities/>
      <competenceMappingTitles/>
      <activityEvaluations>
        <string>learner.mark</string>
      </activityEvaluations>
      <languageCode></languageCode>
      <supportsOutputs>true</supportsOutputs>
    </org.lamsfoundation.lams.learningdesign.dto.AuthoringActivityDTO>
  </activities>
  <transitions>
    <org.lamsfoundation.lams.learningdesign.dto.TransitionDTO>
      <transitionID>32</transitionID>
      <transitionUIID>4</transitionUIID>
      <toUIID>3</toUIID>
      <fromUIID>1</fromUIID>
      <createDateTime class="sql-timestamp">2013-12-10 15:01:42.0</createDateTime>
      <toActivityID>103</toActivityID>
      <fromActivityID>102</fromActivityID>
      <learningDesignID>34</learningDesignID>
      <transitionType>0</transitionType>
      <dataFlowObjects/>
    </org.lamsfoundation.lams.learningdesign.dto.TransitionDTO>
  </transitions>
  <branchMappings/>
  <competences/>
</org.lamsfoundation.lams.learningdesign.dto.LearningDesignDTO>