<org.lamsfoundation.lams.tool.forum.persistence.Forum>
  <contentId>38</contentId>
  <title>Forum</title>
  <lockWhenFinished>false</lockWhenFinished>
  <runOffline>false</runOffline>
  <allowAnonym>false</allowAnonym>
  <allowEdit>true</allowEdit>
  <allowNewTopic>true</allowNewTopic>
  <allowUpload>false</allowUpload>
  <maximumReply>1</maximumReply>
  <minimumReply>0</minimumReply>
  <allowRichEditor>false</allowRichEditor>
  <instructions>Instructions</instructions>
  <defineLater>false</defineLater>
  <contentInUse>false</contentInUse>
  <created class="sql-timestamp">2008-02-18 06:06:07.0</created>
  <updated class="sql-timestamp">2008-02-18 06:06:07.0</updated>
  <messages>
    <org.lamsfoundation.lams.tool.forum.persistence.Message>
      <subject>Topic Heading</subject>
      <body>Topic message</body>
      <isAuthored>true</isAuthored>
      <isAnonymous>false</isAnonymous>
      <created class="sql-timestamp">2008-02-18 15:46:45.0</created>
      <updated class="sql-timestamp">2008-02-18 06:06:07.0</updated>
      <lastReplyDate class="sql-timestamp">2008-02-18 15:46:45.0</lastReplyDate>
      <replyNumber>0</replyNumber>
      <hideFlag>false</hideFlag>
      <attachments class="tree-set">
        <no-comparator/>
      </attachments>
    </org.lamsfoundation.lams.tool.forum.persistence.Message>
  </messages>
  <attachments/>
  <limitedChar>5000</limitedChar>
  <limitedInput>true</limitedInput>
  <reflectOnActivity>false</reflectOnActivity>
</org.lamsfoundation.lams.tool.forum.persistence.Forum>