<org.lamsfoundation.lams.tool.noticeboard.NoticeboardContent>
  <nbContentId>13</nbContentId>
  <title>Welcome to LAMS</title>
  <content>&lt;strong&gt;Welcome to these activities&lt;/strong&gt;&lt;br /&gt;
&lt;font color="#ff6600"&gt;Welcome to these activities&lt;/font&gt;&lt;br /&gt;
&lt;em&gt;Welcome to these activities&lt;br /&gt;
&lt;/em&gt;&lt;strong&gt;Welcome to these activities&lt;/strong&gt;&lt;br /&gt;
&lt;font color="#ff6600"&gt;Welcome to these activities&lt;/font&gt;&lt;br /&gt;
&lt;em&gt;Welcome to these activities&lt;br /&gt;
&lt;/em&gt;&lt;strong&gt;Welcome to these activities&lt;/strong&gt;&lt;br /&gt;
&lt;font color="#ff6600"&gt;Welcome to these activities&lt;/font&gt;&lt;br /&gt;
&lt;em&gt;Welcome to these activities&lt;br /&gt;
&lt;/em&gt;&lt;strong&gt;Welcome to these activities&lt;/strong&gt;&lt;br /&gt;
&lt;font color="#ff6600"&gt;Welcome to these activities&lt;/font&gt;&lt;br /&gt;
&lt;em&gt;Welcome to these activities&lt;br /&gt;
&lt;/em&gt;&lt;strong&gt;Welcome to these activities&lt;/strong&gt;&lt;br /&gt;
&lt;font color="#ff6600"&gt;Welcome to these activities&lt;/font&gt;&lt;br /&gt;
&lt;em&gt;Welcome to these activities&lt;/em&gt;&lt;strong&gt;&lt;br /&gt;
Welcome to these activities&lt;/strong&gt;&lt;br /&gt;
&lt;font color="#ff6600"&gt;Welcome to these activities&lt;/font&gt;&lt;br /&gt;
&lt;em&gt;Welcome to these activities&lt;br /&gt;
&lt;/em&gt;&lt;strong&gt;Welcome to these activities&lt;br /&gt;
&lt;/strong&gt;&lt;strong&gt;Welcome to these activities&lt;/strong&gt;&lt;br /&gt;
&lt;font color="#ff6600"&gt;Welcome to these activities&lt;/font&gt;&lt;br /&gt;
&lt;em&gt;Welcome to these activities&lt;/em&gt;&lt;br /&gt;
&lt;font color="#ff6600"&gt;Welcome to these activities&lt;/font&gt;&lt;br /&gt;
&lt;em&gt;Welcome to these activities&lt;/em&gt;</content>
  <onlineInstructions>This are some online instructions!</onlineInstructions>
  <offlineInstructions>These are some offline instructions!</offlineInstructions>
  <defineLater>false</defineLater>
  <forceOffline>false</forceOffline>
  <reflectOnActivity>true</reflectOnActivity>
  <reflectInstructions>Reflect!
Reflect!
Reflect!
Reflect!
Reflect!
Reflect!
Reflect!</reflectInstructions>
  <contentInUse>false</contentInUse>
  <creatorUserId>4</creatorUserId>
  <dateCreated class="sql-timestamp">2006-09-21 16:12:57.0</dateCreated>
  <dateUpdated class="sql-timestamp">2006-09-21 16:12:57.0</dateUpdated>
  <nbAttachments>
    <org.lamsfoundation.lams.tool.noticeboard.NoticeboardAttachment>
      <nbContent reference="../../.."/>
      <filename>profile.jpg</filename>
      <uuid>4</uuid>
      <versionId>1</versionId>
      <onlineFile>false</onlineFile>
    </org.lamsfoundation.lams.tool.noticeboard.NoticeboardAttachment>
    <org.lamsfoundation.lams.tool.noticeboard.NoticeboardAttachment>
      <nbContent reference="../../.."/>
      <filename>MD5SUMS.txt</filename>
      <uuid>3</uuid>
      <versionId>1</versionId>
      <onlineFile>true</onlineFile>
    </org.lamsfoundation.lams.tool.noticeboard.NoticeboardAttachment>
  </nbAttachments>
</org.lamsfoundation.lams.tool.noticeboard.NoticeboardContent>