<org.lamsfoundation.lams.tool.noticeboard.NoticeboardContent>
  <nbContentId>22</nbContentId>
  <title>Welcome</title>
  <content>Welcome to these activities</content>
  <onlineInstructions>Enter the online instructions here</onlineInstructions>
  <offlineInstructions>Enter the offline instructions here</offlineInstructions>
  <defineLater>false</defineLater>
  <forceOffline>false</forceOffline>
  <reflectOnActivity>false</reflectOnActivity>
  <reflectInstructions>Reflect on noticeboard</reflectInstructions>
  <contentInUse>false</contentInUse>
  <dateCreated class="sql-timestamp">2006-09-21 16:23:28.0</dateCreated>
  <nbAttachments/>
</org.lamsfoundation.lams.tool.noticeboard.NoticeboardContent>