<org.lamsfoundation.lams.tool.notebook.model.Notebook>
  <createDate>2008-02-18 06:06:43.38 GMT</createDate>
  <createBy>5</createBy>
  <title>Notebook</title>
  <instructions>Instructions</instructions>
  <runOffline>false</runOffline>
  <lockOnFinished>false</lockOnFinished>
  <allowRichEditor>false</allowRichEditor>
  <onlineInstructions></onlineInstructions>
  <offlineInstructions></offlineInstructions>
  <contentInUse>false</contentInUse>
  <defineLater>false</defineLater>
  <toolContentId>29</toolContentId>
  <notebookAttachments/>
</org.lamsfoundation.lams.tool.notebook.model.Notebook>