<org.lamsfoundation.lams.learningdesign.dto.LearningDesignDTO>
  <learningDesignID>1</learningDesignID>
  <title>123</title>
  <firstActivityID>21</firstActivityID>
  <firstActivityUIID>1</firstActivityUIID>
  <maxID>131</maxID>
  <validDesign>true</validDesign>
  <readOnly>false</readOnly>
  <editOverrideLock>false</editOverrideLock>
  <userID>5</userID>
  <copyTypeID>1</copyTypeID>
  <createDateTime class="sql-timestamp">2008-02-18 06:06:07.0</createDateTime>
  <version>2.0.99.200802180446</version>
  <designVersion>1</designVersion>
  <workspaceFolderID>5</workspaceFolderID>
  <lastModifiedDateTime class="sql-timestamp">2008-02-18 06:06:34.0</lastModifiedDateTime>
  <contentFolderID>ff808181181acf0c01181ad96d6c004c</contentFolderID>
  <groupings>
    <org.lamsfoundation.lams.learningdesign.dto.GroupingDTO>
      <groupingID>1</groupingID>
      <groupingUIID>76</groupingUIID>
      <groupingTypeID>1</groupingTypeID>
      <numberOfGroups>2</numberOfGroups>
      <groups>
        <org.lamsfoundation.lams.learningdesign.dto.GroupDTO>
          <groupID>1</groupID>
          <groupName>Prisoners</groupName>
          <orderID>0</orderID>
          <userList/>
          <groupUIID>79</groupUIID>
        </org.lamsfoundation.lams.learningdesign.dto.GroupDTO>
        <org.lamsfoundation.lams.learningdesign.dto.GroupDTO>
          <groupID>2</groupID>
          <groupName>Convicts</groupName>
          <orderID>1</orderID>
          <userList/>
          <groupUIID>80</groupUIID>
        </org.lamsfoundation.lams.learningdesign.dto.GroupDTO>
      </groups>
    </org.lamsfoundation.lams.learningdesign.dto.GroupingDTO>
  </groupings>
  <activities>
    <org.lamsfoundation.lams.learningdesign.dto.AuthoringActivityDTO>
      <activityID>21</activityID>
      <activityUIID>1</activityUIID>
      <description>Creates automated assessment questions. e.g. Multiple choice and true/false questions. Can provide feedback and scores.</description>
      <activityTitle>Multiple Choice</activityTitle>
      <helpText>Learner answers a series of automated assessment questions. e.g. Multiple choice and true/false questions. Optional features include feedback on each question and scoring. Questions are weighted for scoring.</helpText>
      <helpURL>http://wiki.lamsfoundation.org/display/lamsdocs/lamc11</helpURL>
      <xCoord>34</xCoord>
      <yCoord>30</yCoord>
      <activityTypeID>1</activityTypeID>
      <defineLater>false</defineLater>
      <learningDesignID>1</learningDesignID>
      <createDateTime class="sql-timestamp">2008-02-18 06:06:07.0</createDateTime>
      <runOffline>false</runOffline>
      <toolSignature>lamc11</toolSignature>
      <toolID>11</toolID>
      <toolContentID>12</toolContentID>
      <toolDisplayName>MCQ</toolDisplayName>
      <toolVersion>20070820</toolVersion>
      <authoringURL>tool/lamc11/authoringStarter.do</authoringURL>
      <monitoringURL>tool/lamc11/monitoringStarter.do</monitoringURL>
      <contributeURL>tool/lamc11/monitoringStarter.do</contributeURL>
      <moderationURL>tool/lamc11/monitoringStarter.do</moderationURL>
      <activityCategoryID>3</activityCategoryID>
      <applyGrouping>false</applyGrouping>
      <groupingSupportType>2</groupingSupportType>
      <libraryActivityUIImage>tool/lamc11/images/icon_mcq.swf</libraryActivityUIImage>
      <readOnly>false</readOnly>
      <initialised>false</initialised>
      <stopAfterActivity>false</stopAfterActivity>
      <inputActivities/>
      <languageCode></languageCode>
    </org.lamsfoundation.lams.learningdesign.dto.AuthoringActivityDTO>
    <org.lamsfoundation.lams.learningdesign.dto.AuthoringActivityDTO>
      <activityID>22</activityID>
      <activityUIID>2</activityUIID>
      <activityTitle>Branching</activityTitle>
      <xCoord>177</xCoord>
      <yCoord>33</yCoord>
      <activityTypeID>12</activityTypeID>
      <defineLater>false</defineLater>
      <learningDesignID>1</learningDesignID>
      <createDateTime class="sql-timestamp">2008-02-18 06:06:07.0</createDateTime>
      <runOffline>false</runOffline>
      <activityCategoryID>1</activityCategoryID>
      <applyGrouping>false</applyGrouping>
      <groupingSupportType>2</groupingSupportType>
      <readOnly>false</readOnly>
      <initialised>false</initialised>
      <stopAfterActivity>false</stopAfterActivity>
      <inputActivities>
        <int>1</int>
      </inputActivities>
      <toolActivityUIID>1</toolActivityUIID>
      <defaultActivityUIID>4</defaultActivityUIID>
      <startXCoord>25</startXCoord>
      <startYCoord>256</startYCoord>
      <endXCoord>684</endXCoord>
      <endYCoord>225</endYCoord>
      <languageCode></languageCode>
    </org.lamsfoundation.lams.learningdesign.dto.AuthoringActivityDTO>
    <org.lamsfoundation.lams.learningdesign.dto.AuthoringActivityDTO>
      <activityID>23</activityID>
      <activityUIID>4</activityUIID>
      <activityTitle>Branch 1</activityTitle>
      <parentActivityID>22</parentActivityID>
      <parentUIID>2</parentUIID>
      <activityTypeID>8</activityTypeID>
      <orderID>1</orderID>
      <defineLater>false</defineLater>
      <learningDesignID>1</learningDesignID>
      <createDateTime class="sql-timestamp">2008-02-18 06:06:07.0</createDateTime>
      <runOffline>false</runOffline>
      <activityCategoryID>1</activityCategoryID>
      <applyGrouping>false</applyGrouping>
      <groupingSupportType>2</groupingSupportType>
      <readOnly>false</readOnly>
      <initialised>false</initialised>
      <stopAfterActivity>true</stopAfterActivity>
      <inputActivities/>
      <defaultActivityUIID>5</defaultActivityUIID>
      <languageCode></languageCode>
    </org.lamsfoundation.lams.learningdesign.dto.AuthoringActivityDTO>
    <org.lamsfoundation.lams.learningdesign.dto.AuthoringActivityDTO>
      <activityID>24</activityID>
      <activityUIID>5</activityUIID>
      <description>Each learner answers question(s) and then sees answers from all learners collated on the next page.</description>
      <activityTitle>Q and A</activityTitle>
      <helpText>Each learner answers one or more questions in short answer format and then sees answers from all learners collated on the next page.</helpText>
      <helpURL>http://wiki.lamsfoundation.org/display/lamsdocs/laqa11</helpURL>
      <xCoord>205</xCoord>
      <yCoord>75</yCoord>
      <parentActivityID>23</parentActivityID>
      <parentUIID>4</parentUIID>
      <activityTypeID>1</activityTypeID>
      <orderID>1</orderID>
      <defineLater>false</defineLater>
      <learningDesignID>1</learningDesignID>
      <createDateTime class="sql-timestamp">2008-02-18 06:06:07.0</createDateTime>
      <runOffline>false</runOffline>
      <toolSignature>laqa11</toolSignature>
      <toolID>3</toolID>
      <toolContentID>16</toolContentID>
      <toolDisplayName>Question and Answer</toolDisplayName>
      <toolVersion>20080108</toolVersion>
      <authoringURL>tool/laqa11/authoringStarter.do</authoringURL>
      <monitoringURL>tool/laqa11/monitoringStarter.do</monitoringURL>
      <contributeURL>tool/laqa11/monitoringStarter.do</contributeURL>
      <moderationURL>tool/laqa11/monitoringStarter.do</moderationURL>
      <activityCategoryID>6</activityCategoryID>
      <applyGrouping>false</applyGrouping>
      <groupingSupportType>2</groupingSupportType>
      <libraryActivityUIImage>tool/laqa11/images/icon_questionanswer.swf</libraryActivityUIImage>
      <readOnly>false</readOnly>
      <initialised>false</initialised>
      <stopAfterActivity>false</stopAfterActivity>
      <inputActivities/>
      <languageCode></languageCode>
    </org.lamsfoundation.lams.learningdesign.dto.AuthoringActivityDTO>
    <org.lamsfoundation.lams.learningdesign.dto.AuthoringActivityDTO>
      <activityID>25</activityID>
      <activityUIID>33</activityUIID>
      <description>Online threaded discussion tool (asynchronous).</description>
      <activityTitle>Forum</activityTitle>
      <helpText>Discussion tool useful for long running collaborations and situations where learners are not all on line at the same time.</helpText>
      <helpURL>http://wiki.lamsfoundation.org/display/lamsdocs/lafrum11</helpURL>
      <xCoord>315</xCoord>
      <yCoord>32</yCoord>
      <activityTypeID>1</activityTypeID>
      <defineLater>false</defineLater>
      <learningDesignID>1</learningDesignID>
      <createDateTime class="sql-timestamp">2008-02-18 06:06:07.0</createDateTime>
      <runOffline>false</runOffline>
      <toolSignature>lafrum11</toolSignature>
      <toolID>1</toolID>
      <toolContentID>36</toolContentID>
      <toolDisplayName>Forum</toolDisplayName>
      <toolVersion>20070524</toolVersion>
      <authoringURL>tool/lafrum11/authoring.do</authoringURL>
      <monitoringURL>tool/lafrum11/monitoring.do</monitoringURL>
      <contributeURL>tool/lafrum11/contribute.do</contributeURL>
      <moderationURL>tool/lafrum11/moderate.do</moderationURL>
      <activityCategoryID>2</activityCategoryID>
      <applyGrouping>false</applyGrouping>
      <groupingSupportType>2</groupingSupportType>
      <libraryActivityUIImage>tool/lafrum11/images/icon_forum.swf</libraryActivityUIImage>
      <readOnly>false</readOnly>
      <initialised>false</initialised>
      <stopAfterActivity>false</stopAfterActivity>
      <inputActivities/>
      <languageCode></languageCode>
    </org.lamsfoundation.lams.learningdesign.dto.AuthoringActivityDTO>
    <org.lamsfoundation.lams.learningdesign.dto.AuthoringActivityDTO>
      <activityID>26</activityID>
      <activityUIID>35</activityUIID>
      <activityTitle>Optional Sequences</activityTitle>
      <xCoord>467</xCoord>
      <yCoord>8</yCoord>
      <activityTypeID>13</activityTypeID>
      <defineLater>false</defineLater>
      <learningDesignID>1</learningDesignID>
      <createDateTime class="sql-timestamp">2008-02-18 06:06:07.0</createDateTime>
      <runOffline>false</runOffline>
      <activityCategoryID>1</activityCategoryID>
      <applyGrouping>false</applyGrouping>
      <groupingSupportType>2</groupingSupportType>
      <readOnly>false</readOnly>
      <initialised>false</initialised>
      <stopAfterActivity>false</stopAfterActivity>
      <inputActivities/>
      <languageCode></languageCode>
    </org.lamsfoundation.lams.learningdesign.dto.AuthoringActivityDTO>
    <org.lamsfoundation.lams.learningdesign.dto.AuthoringActivityDTO>
      <activityID>27</activityID>
      <activityUIID>36</activityUIID>
      <activityTitle>Sequence 1</activityTitle>
      <xCoord>4</xCoord>
      <yCoord>48</yCoord>
      <parentActivityID>26</parentActivityID>
      <parentUIID>35</parentUIID>
      <activityTypeID>8</activityTypeID>
      <orderID>1</orderID>
      <defineLater>false</defineLater>
      <learningDesignID>1</learningDesignID>
      <createDateTime class="sql-timestamp">2008-02-18 06:06:07.0</createDateTime>
      <runOffline>false</runOffline>
      <activityCategoryID>1</activityCategoryID>
      <applyGrouping>false</applyGrouping>
      <groupingSupportType>2</groupingSupportType>
      <readOnly>false</readOnly>
      <initialised>false</initialised>
      <stopAfterActivity>false</stopAfterActivity>
      <inputActivities/>
      <defaultActivityUIID>38</defaultActivityUIID>
      <languageCode></languageCode>
    </org.lamsfoundation.lams.learningdesign.dto.AuthoringActivityDTO>
    <org.lamsfoundation.lams.learningdesign.dto.AuthoringActivityDTO>
      <activityID>28</activityID>
      <activityUIID>38</activityUIID>
      <description>Creates automated assessment questions. e.g. Multiple choice and true/false questions. Can provide feedback and scores.</description>
      <activityTitle>Copy of Multiple Choice</activityTitle>
      <helpText>Learner answers a series of automated assessment questions. e.g. Multiple choice and true/false questions. Optional features include feedback on each question and scoring. Questions are weighted for scoring.</helpText>
      <helpURL>http://wiki.lamsfoundation.org/display/lamsdocs/lamc11</helpURL>
      <xCoord>5</xCoord>
      <yCoord>5</yCoord>
      <parentActivityID>27</parentActivityID>
      <parentUIID>36</parentUIID>
      <activityTypeID>1</activityTypeID>
      <orderID>1</orderID>
      <defineLater>false</defineLater>
      <learningDesignID>1</learningDesignID>
      <createDateTime class="sql-timestamp">2008-02-18 06:06:07.0</createDateTime>
      <runOffline>false</runOffline>
      <toolSignature>lamc11</toolSignature>
      <toolID>11</toolID>
      <toolContentID>17</toolContentID>
      <toolDisplayName>MCQ</toolDisplayName>
      <toolVersion>20070820</toolVersion>
      <authoringURL>tool/lamc11/authoringStarter.do</authoringURL>
      <monitoringURL>tool/lamc11/monitoringStarter.do</monitoringURL>
      <contributeURL>tool/lamc11/monitoringStarter.do</contributeURL>
      <moderationURL>tool/lamc11/monitoringStarter.do</moderationURL>
      <activityCategoryID>3</activityCategoryID>
      <applyGrouping>false</applyGrouping>
      <groupingSupportType>2</groupingSupportType>
      <libraryActivityUIImage>tool/lamc11/images/icon_mcq.swf</libraryActivityUIImage>
      <readOnly>false</readOnly>
      <initialised>false</initialised>
      <stopAfterActivity>false</stopAfterActivity>
      <inputActivities/>
      <languageCode></languageCode>
    </org.lamsfoundation.lams.learningdesign.dto.AuthoringActivityDTO>
    <org.lamsfoundation.lams.learningdesign.dto.AuthoringActivityDTO>
      <activityID>47</activityID>
      <activityUIID>39</activityUIID>
      <description>Creates automated assessment questions. e.g. Multiple choice and true/false questions. Can provide feedback and scores.</description>
      <activityTitle>Copy (2) ofMultiple Choice</activityTitle>
      <helpText>Learner answers a series of automated assessment questions. e.g. Multiple choice and true/false questions. Optional features include feedback on each question and scoring. Questions are weighted for scoring.</helpText>
      <helpURL>http://wiki.lamsfoundation.org/display/lamsdocs/lamc11</helpURL>
      <xCoord>5</xCoord>
      <yCoord>5</yCoord>
      <parentActivityID>31</parentActivityID>
      <parentUIID>37</parentUIID>
      <activityTypeID>1</activityTypeID>
      <orderID>1</orderID>
      <defineLater>false</defineLater>
      <learningDesignID>1</learningDesignID>
      <createDateTime class="sql-timestamp">2008-02-18 06:06:07.0</createDateTime>
      <runOffline>false</runOffline>
      <toolSignature>lamc11</toolSignature>
      <toolID>11</toolID>
      <toolContentID>18</toolContentID>
      <toolDisplayName>MCQ</toolDisplayName>
      <toolVersion>20070820</toolVersion>
      <authoringURL>tool/lamc11/authoringStarter.do</authoringURL>
      <monitoringURL>tool/lamc11/monitoringStarter.do</monitoringURL>
      <contributeURL>tool/lamc11/monitoringStarter.do</contributeURL>
      <moderationURL>tool/lamc11/monitoringStarter.do</moderationURL>
      <activityCategoryID>3</activityCategoryID>
      <applyGrouping>false</applyGrouping>
      <groupingSupportType>2</groupingSupportType>
      <libraryActivityUIImage>tool/lamc11/images/icon_mcq.swf</libraryActivityUIImage>
      <readOnly>false</readOnly>
      <initialised>false</initialised>
      <stopAfterActivity>false</stopAfterActivity>
      <inputActivities/>
      <languageCode></languageCode>
    </org.lamsfoundation.lams.learningdesign.dto.AuthoringActivityDTO>
    <org.lamsfoundation.lams.learningdesign.dto.AuthoringActivityDTO>
      <activityID>48</activityID>
      <activityUIID>70</activityUIID>
      <description>Online threaded discussion tool (asynchronous).</description>
      <activityTitle>Forum</activityTitle>
      <helpText>Discussion tool useful for long running collaborations and situations where learners are not all on line at the same time.</helpText>
      <helpURL>http://wiki.lamsfoundation.org/display/lamsdocs/lafrum11</helpURL>
      <xCoord>8</xCoord>
      <yCoord>57</yCoord>
      <parentActivityID>40</parentActivityID>
      <parentUIID>65</parentUIID>
      <activityTypeID>1</activityTypeID>
      <orderID>1</orderID>
      <defineLater>false</defineLater>
      <learningDesignID>1</learningDesignID>
      <createDateTime class="sql-timestamp">2008-02-18 06:06:07.0</createDateTime>
      <runOffline>false</runOffline>
      <toolSignature>lafrum11</toolSignature>
      <toolID>1</toolID>
      <toolContentID>19</toolContentID>
      <toolDisplayName>Forum</toolDisplayName>
      <toolVersion>20070524</toolVersion>
      <authoringURL>tool/lafrum11/authoring.do</authoringURL>
      <monitoringURL>tool/lafrum11/monitoring.do</monitoringURL>
      <contributeURL>tool/lafrum11/contribute.do</contributeURL>
      <moderationURL>tool/lafrum11/moderate.do</moderationURL>
      <activityCategoryID>2</activityCategoryID>
      <applyGrouping>false</applyGrouping>
      <groupingSupportType>2</groupingSupportType>
      <libraryActivityUIImage>tool/lafrum11/images/icon_forum.swf</libraryActivityUIImage>
      <readOnly>false</readOnly>
      <initialised>false</initialised>
      <stopAfterActivity>false</stopAfterActivity>
      <inputActivities/>
      <languageCode></languageCode>
    </org.lamsfoundation.lams.learningdesign.dto.AuthoringActivityDTO>
    <org.lamsfoundation.lams.learningdesign.dto.AuthoringActivityDTO>
      <activityID>49</activityID>
      <activityUIID>83</activityUIID>
      <description>Tool for displaying HTML content including external sources such as images and other media.</description>
      <activityTitle>Noticeboard</activityTitle>
      <helpText>Displays formatted text and links to external sources on a read only page.</helpText>
      <helpURL>http://wiki.lamsfoundation.org/display/lamsdocs/lanb11</helpURL>
      <xCoord>8</xCoord>
      <yCoord>57</yCoord>
      <parentActivityID>35</parentActivityID>
      <parentUIID>81</parentUIID>
      <activityTypeID>1</activityTypeID>
      <orderID>1</orderID>
      <defineLater>false</defineLater>
      <learningDesignID>1</learningDesignID>
      <createDateTime class="sql-timestamp">2008-02-18 06:06:07.0</createDateTime>
      <runOffline>false</runOffline>
      <toolSignature>lanb11</toolSignature>
      <toolID>2</toolID>
      <toolContentID>39</toolContentID>
      <toolDisplayName>NoticeboardX</toolDisplayName>
      <toolVersion>20070524</toolVersion>
      <authoringURL>tool/lanb11/authoring.do</authoringURL>
      <monitoringURL>tool/lanb11/monitoring.do</monitoringURL>
      <activityCategoryID>4</activityCategoryID>
      <applyGrouping>false</applyGrouping>
      <groupingSupportType>2</groupingSupportType>
      <libraryActivityUIImage>tool/lanb11/images/icon_htmlnb.swf</libraryActivityUIImage>
      <readOnly>false</readOnly>
      <initialised>false</initialised>
      <stopAfterActivity>false</stopAfterActivity>
      <inputActivities/>
      <languageCode></languageCode>
    </org.lamsfoundation.lams.learningdesign.dto.AuthoringActivityDTO>
    <org.lamsfoundation.lams.learningdesign.dto.AuthoringActivityDTO>
      <activityID>50</activityID>
      <activityUIID>88</activityUIID>
      <activityTitle>Branch 1</activityTitle>
      <parentActivityID>41</parentActivityID>
      <parentUIID>86</parentUIID>
      <activityTypeID>8</activityTypeID>
      <orderID>1</orderID>
      <defineLater>false</defineLater>
      <learningDesignID>1</learningDesignID>
      <createDateTime class="sql-timestamp">2008-02-18 06:06:07.0</createDateTime>
      <runOffline>false</runOffline>
      <activityCategoryID>1</activityCategoryID>
      <applyGrouping>false</applyGrouping>
      <groupingSupportType>2</groupingSupportType>
      <readOnly>false</readOnly>
      <initialised>false</initialised>
      <stopAfterActivity>true</stopAfterActivity>
      <inputActivities/>
      <defaultActivityUIID>89</defaultActivityUIID>
      <languageCode></languageCode>
    </org.lamsfoundation.lams.learningdesign.dto.AuthoringActivityDTO>
    <org.lamsfoundation.lams.learningdesign.dto.AuthoringActivityDTO>
      <activityID>51</activityID>
      <activityUIID>89</activityUIID>
      <description>Online threaded discussion tool (asynchronous).</description>
      <activityTitle>Forum</activityTitle>
      <helpText>Discussion tool useful for long running collaborations and situations where learners are not all on line at the same time.</helpText>
      <helpURL>http://wiki.lamsfoundation.org/display/lamsdocs/lafrum11</helpURL>
      <xCoord>238</xCoord>
      <yCoord>112</yCoord>
      <parentActivityID>50</parentActivityID>
      <parentUIID>88</parentUIID>
      <activityTypeID>1</activityTypeID>
      <orderID>1</orderID>
      <defineLater>false</defineLater>
      <learningDesignID>1</learningDesignID>
      <createDateTime class="sql-timestamp">2008-02-18 06:06:07.0</createDateTime>
      <runOffline>false</runOffline>
      <toolSignature>lafrum11</toolSignature>
      <toolID>1</toolID>
      <toolContentID>38</toolContentID>
      <toolDisplayName>Forum</toolDisplayName>
      <toolVersion>20070524</toolVersion>
      <authoringURL>tool/lafrum11/authoring.do</authoringURL>
      <monitoringURL>tool/lafrum11/monitoring.do</monitoringURL>
      <contributeURL>tool/lafrum11/contribute.do</contributeURL>
      <moderationURL>tool/lafrum11/moderate.do</moderationURL>
      <activityCategoryID>2</activityCategoryID>
      <applyGrouping>false</applyGrouping>
      <groupingSupportType>2</groupingSupportType>
      <libraryActivityUIImage>tool/lafrum11/images/icon_forum.swf</libraryActivityUIImage>
      <readOnly>false</readOnly>
      <initialised>false</initialised>
      <stopAfterActivity>false</stopAfterActivity>
      <inputActivities/>
      <languageCode></languageCode>
    </org.lamsfoundation.lams.learningdesign.dto.AuthoringActivityDTO>
    <org.lamsfoundation.lams.learningdesign.dto.AuthoringActivityDTO>
      <activityID>52</activityID>
      <activityUIID>129</activityUIID>
      <description>Online threaded discussion tool (asynchronous).</description>
      <activityTitle>Forum</activityTitle>
      <helpText>Discussion tool useful for long running collaborations and situations where learners are not all on line at the same time.</helpText>
      <helpURL>http://wiki.lamsfoundation.org/display/lamsdocs/lafrum11</helpURL>
      <xCoord>8</xCoord>
      <yCoord>57</yCoord>
      <parentActivityID>44</parentActivityID>
      <parentUIID>128</parentUIID>
      <activityTypeID>1</activityTypeID>
      <orderID>1</orderID>
      <defineLater>false</defineLater>
      <learningDesignID>1</learningDesignID>
      <createDateTime class="sql-timestamp">2008-02-18 06:06:07.0</createDateTime>
      <runOffline>false</runOffline>
      <toolSignature>lafrum11</toolSignature>
      <toolID>1</toolID>
      <toolContentID>38</toolContentID>
      <toolDisplayName>Forum</toolDisplayName>
      <toolVersion>20070524</toolVersion>
      <authoringURL>tool/lafrum11/authoring.do</authoringURL>
      <monitoringURL>tool/lafrum11/monitoring.do</monitoringURL>
      <contributeURL>tool/lafrum11/contribute.do</contributeURL>
      <moderationURL>tool/lafrum11/moderate.do</moderationURL>
      <activityCategoryID>2</activityCategoryID>
      <applyGrouping>false</applyGrouping>
      <groupingSupportType>2</groupingSupportType>
      <libraryActivityUIImage>tool/lafrum11/images/icon_forum.swf</libraryActivityUIImage>
      <readOnly>false</readOnly>
      <initialised>false</initialised>
      <stopAfterActivity>false</stopAfterActivity>
      <inputActivities/>
      <languageCode></languageCode>
    </org.lamsfoundation.lams.learningdesign.dto.AuthoringActivityDTO>
    <org.lamsfoundation.lams.learningdesign.dto.AuthoringActivityDTO>
      <activityID>61</activityID>
      <activityUIID>94</activityUIID>
      <description>Creates automated assessment questions. e.g. Multiple choice and true/false questions. Can provide feedback and scores.</description>
      <activityTitle>MCQ 5000</activityTitle>
      <helpText>Learner answers a series of automated assessment questions. e.g. Multiple choice and true/false questions. Optional features include feedback on each question and scoring. Questions are weighted for scoring.</helpText>
      <helpURL>http://wiki.lamsfoundation.org/display/lamsdocs/lamc11</helpURL>
      <xCoord>212</xCoord>
      <yCoord>336</yCoord>
      <parentActivityID>55</parentActivityID>
      <parentUIID>92</parentUIID>
      <activityTypeID>1</activityTypeID>
      <orderID>1</orderID>
      <defineLater>false</defineLater>
      <learningDesignID>1</learningDesignID>
      <createDateTime class="sql-timestamp">2008-02-18 06:06:07.0</createDateTime>
      <runOffline>false</runOffline>
      <toolSignature>lamc11</toolSignature>
      <toolID>11</toolID>
      <toolContentID>22</toolContentID>
      <toolDisplayName>MCQ</toolDisplayName>
      <toolVersion>20070820</toolVersion>
      <authoringURL>tool/lamc11/authoringStarter.do</authoringURL>
      <monitoringURL>tool/lamc11/monitoringStarter.do</monitoringURL>
      <contributeURL>tool/lamc11/monitoringStarter.do</contributeURL>
      <moderationURL>tool/lamc11/monitoringStarter.do</moderationURL>
      <activityCategoryID>3</activityCategoryID>
      <applyGrouping>false</applyGrouping>
      <groupingSupportType>2</groupingSupportType>
      <libraryActivityUIImage>tool/lamc11/images/icon_mcq.swf</libraryActivityUIImage>
      <readOnly>false</readOnly>
      <initialised>false</initialised>
      <stopAfterActivity>false</stopAfterActivity>
      <inputActivities/>
      <languageCode></languageCode>
    </org.lamsfoundation.lams.learningdesign.dto.AuthoringActivityDTO>
    <org.lamsfoundation.lams.learningdesign.dto.AuthoringActivityDTO>
      <activityID>62</activityID>
      <activityUIID>99</activityUIID>
      <activityTitle>Branch 1</activityTitle>
      <parentActivityID>56</parentActivityID>
      <parentUIID>97</parentUIID>
      <activityTypeID>8</activityTypeID>
      <orderID>1</orderID>
      <defineLater>false</defineLater>
      <learningDesignID>1</learningDesignID>
      <createDateTime class="sql-timestamp">2008-02-18 06:06:07.0</createDateTime>
      <runOffline>false</runOffline>
      <activityCategoryID>1</activityCategoryID>
      <applyGrouping>false</applyGrouping>
      <groupingSupportType>2</groupingSupportType>
      <readOnly>false</readOnly>
      <initialised>false</initialised>
      <stopAfterActivity>false</stopAfterActivity>
      <inputActivities/>
      <defaultActivityUIID>101</defaultActivityUIID>
      <languageCode></languageCode>
    </org.lamsfoundation.lams.learningdesign.dto.AuthoringActivityDTO>
    <org.lamsfoundation.lams.learningdesign.dto.AuthoringActivityDTO>
      <activityID>63</activityID>
      <activityUIID>113</activityUIID>
      <activityTitle>Sequence 1</activityTitle>
      <xCoord>4</xCoord>
      <yCoord>48</yCoord>
      <parentActivityID>60</parentActivityID>
      <parentUIID>112</parentUIID>
      <activityTypeID>8</activityTypeID>
      <orderID>1</orderID>
      <defineLater>false</defineLater>
      <learningDesignID>1</learningDesignID>
      <createDateTime class="sql-timestamp">2008-02-18 06:06:07.0</createDateTime>
      <runOffline>false</runOffline>
      <activityCategoryID>1</activityCategoryID>
      <applyGrouping>false</applyGrouping>
      <groupingSupportType>2</groupingSupportType>
      <readOnly>false</readOnly>
      <initialised>false</initialised>
      <stopAfterActivity>false</stopAfterActivity>
      <inputActivities/>
      <defaultActivityUIID>116</defaultActivityUIID>
      <languageCode></languageCode>
    </org.lamsfoundation.lams.learningdesign.dto.AuthoringActivityDTO>
    <org.lamsfoundation.lams.learningdesign.dto.AuthoringActivityDTO>
      <activityID>64</activityID>
      <activityUIID>116</activityUIID>
      <description>Online threaded discussion tool (asynchronous).</description>
      <activityTitle>Forum</activityTitle>
      <helpText>Discussion tool useful for long running collaborations and situations where learners are not all on line at the same time.</helpText>
      <helpURL>http://wiki.lamsfoundation.org/display/lamsdocs/lafrum11</helpURL>
      <xCoord>5</xCoord>
      <yCoord>5</yCoord>
      <parentActivityID>63</parentActivityID>
      <parentUIID>113</parentUIID>
      <activityTypeID>1</activityTypeID>
      <orderID>1</orderID>
      <defineLater>false</defineLater>
      <learningDesignID>1</learningDesignID>
      <createDateTime class="sql-timestamp">2008-02-18 06:06:07.0</createDateTime>
      <runOffline>false</runOffline>
      <toolSignature>lafrum11</toolSignature>
      <toolID>1</toolID>
      <toolContentID>38</toolContentID>
      <toolDisplayName>Forum</toolDisplayName>
      <toolVersion>20070524</toolVersion>
      <authoringURL>tool/lafrum11/authoring.do</authoringURL>
      <monitoringURL>tool/lafrum11/monitoring.do</monitoringURL>
      <contributeURL>tool/lafrum11/contribute.do</contributeURL>
      <moderationURL>tool/lafrum11/moderate.do</moderationURL>
      <activityCategoryID>2</activityCategoryID>
      <applyGrouping>false</applyGrouping>
      <groupingSupportType>2</groupingSupportType>
      <libraryActivityUIImage>tool/lafrum11/images/icon_forum.swf</libraryActivityUIImage>
      <readOnly>false</readOnly>
      <initialised>false</initialised>
      <stopAfterActivity>false</stopAfterActivity>
      <inputActivities/>
      <languageCode></languageCode>
    </org.lamsfoundation.lams.learningdesign.dto.AuthoringActivityDTO>
    <org.lamsfoundation.lams.learningdesign.dto.AuthoringActivityDTO>
      <activityID>69</activityID>
      <activityUIID>118</activityUIID>
      <description>Each learner answers question(s) and then sees answers from all learners collated on the next page.</description>
      <activityTitle>Q and A</activityTitle>
      <helpText>Each learner answers one or more questions in short answer format and then sees answers from all learners collated on the next page.</helpText>
      <helpURL>http://wiki.lamsfoundation.org/display/lamsdocs/laqa11</helpURL>
      <xCoord>5</xCoord>
      <yCoord>5</yCoord>
      <parentActivityID>65</parentActivityID>
      <parentUIID>114</parentUIID>
      <activityTypeID>1</activityTypeID>
      <orderID>1</orderID>
      <defineLater>false</defineLater>
      <learningDesignID>1</learningDesignID>
      <createDateTime class="sql-timestamp">2008-02-18 06:06:07.0</createDateTime>
      <runOffline>false</runOffline>
      <toolSignature>laqa11</toolSignature>
      <toolID>3</toolID>
      <toolContentID>34</toolContentID>
      <toolDisplayName>Question and Answer</toolDisplayName>
      <toolVersion>20080108</toolVersion>
      <authoringURL>tool/laqa11/authoringStarter.do</authoringURL>
      <monitoringURL>tool/laqa11/monitoringStarter.do</monitoringURL>
      <contributeURL>tool/laqa11/monitoringStarter.do</contributeURL>
      <moderationURL>tool/laqa11/monitoringStarter.do</moderationURL>
      <activityCategoryID>6</activityCategoryID>
      <applyGrouping>false</applyGrouping>
      <groupingSupportType>2</groupingSupportType>
      <libraryActivityUIImage>tool/laqa11/images/icon_questionanswer.swf</libraryActivityUIImage>
      <readOnly>false</readOnly>
      <initialised>false</initialised>
      <stopAfterActivity>false</stopAfterActivity>
      <inputActivities/>
      <languageCode></languageCode>
    </org.lamsfoundation.lams.learningdesign.dto.AuthoringActivityDTO>
    <org.lamsfoundation.lams.learningdesign.dto.AuthoringActivityDTO>
      <activityID>29</activityID>
      <activityUIID>9</activityUIID>
      <activityTitle>Branch 2</activityTitle>
      <parentActivityID>22</parentActivityID>
      <parentUIID>2</parentUIID>
      <activityTypeID>8</activityTypeID>
      <orderID>2</orderID>
      <defineLater>false</defineLater>
      <learningDesignID>1</learningDesignID>
      <createDateTime class="sql-timestamp">2008-02-18 06:06:07.0</createDateTime>
      <runOffline>false</runOffline>
      <activityCategoryID>1</activityCategoryID>
      <applyGrouping>false</applyGrouping>
      <groupingSupportType>2</groupingSupportType>
      <readOnly>false</readOnly>
      <initialised>false</initialised>
      <stopAfterActivity>false</stopAfterActivity>
      <inputActivities/>
      <defaultActivityUIID>6</defaultActivityUIID>
      <languageCode></languageCode>
    </org.lamsfoundation.lams.learningdesign.dto.AuthoringActivityDTO>
    <org.lamsfoundation.lams.learningdesign.dto.AuthoringActivityDTO>
      <activityID>30</activityID>
      <activityUIID>30</activityUIID>
      <description>Online threaded discussion tool (asynchronous).</description>
      <activityTitle>Forum</activityTitle>
      <helpText>Discussion tool useful for long running collaborations and situations where learners are not all on line at the same time.</helpText>
      <helpURL>http://wiki.lamsfoundation.org/display/lamsdocs/lafrum11</helpURL>
      <xCoord>442</xCoord>
      <yCoord>216</yCoord>
      <parentActivityID>29</parentActivityID>
      <parentUIID>9</parentUIID>
      <activityTypeID>1</activityTypeID>
      <orderID>2</orderID>
      <defineLater>false</defineLater>
      <learningDesignID>1</learningDesignID>
      <createDateTime class="sql-timestamp">2008-02-18 06:06:07.0</createDateTime>
      <runOffline>false</runOffline>
      <toolSignature>lafrum11</toolSignature>
      <toolID>1</toolID>
      <toolContentID>36</toolContentID>
      <toolDisplayName>Forum</toolDisplayName>
      <toolVersion>20070524</toolVersion>
      <authoringURL>tool/lafrum11/authoring.do</authoringURL>
      <monitoringURL>tool/lafrum11/monitoring.do</monitoringURL>
      <contributeURL>tool/lafrum11/contribute.do</contributeURL>
      <moderationURL>tool/lafrum11/moderate.do</moderationURL>
      <activityCategoryID>2</activityCategoryID>
      <applyGrouping>false</applyGrouping>
      <groupingSupportType>2</groupingSupportType>
      <libraryActivityUIImage>tool/lafrum11/images/icon_forum.swf</libraryActivityUIImage>
      <readOnly>false</readOnly>
      <initialised>false</initialised>
      <stopAfterActivity>false</stopAfterActivity>
      <inputActivities/>
      <languageCode></languageCode>
    </org.lamsfoundation.lams.learningdesign.dto.AuthoringActivityDTO>
    <org.lamsfoundation.lams.learningdesign.dto.AuthoringActivityDTO>
      <activityID>31</activityID>
      <activityUIID>37</activityUIID>
      <activityTitle>Sequence 2</activityTitle>
      <xCoord>4</xCoord>
      <yCoord>105</yCoord>
      <parentActivityID>26</parentActivityID>
      <parentUIID>35</parentUIID>
      <activityTypeID>8</activityTypeID>
      <orderID>2</orderID>
      <defineLater>false</defineLater>
      <learningDesignID>1</learningDesignID>
      <createDateTime class="sql-timestamp">2008-02-18 06:06:07.0</createDateTime>
      <runOffline>false</runOffline>
      <activityCategoryID>1</activityCategoryID>
      <applyGrouping>false</applyGrouping>
      <groupingSupportType>2</groupingSupportType>
      <readOnly>false</readOnly>
      <initialised>false</initialised>
      <stopAfterActivity>false</stopAfterActivity>
      <inputActivities/>
      <defaultActivityUIID>39</defaultActivityUIID>
      <languageCode></languageCode>
    </org.lamsfoundation.lams.learningdesign.dto.AuthoringActivityDTO>
    <org.lamsfoundation.lams.learningdesign.dto.AuthoringActivityDTO>
      <activityID>32</activityID>
      <activityUIID>45</activityUIID>
      <description>Each learner answers question(s) and then sees answers from all learners collated on the next page.</description>
      <activityTitle>Q and A</activityTitle>
      <helpText>Each learner answers one or more questions in short answer format and then sees answers from all learners collated on the next page.</helpText>
      <helpURL>http://wiki.lamsfoundation.org/display/lamsdocs/laqa11</helpURL>
      <xCoord>65</xCoord>
      <yCoord>5</yCoord>
      <parentActivityID>31</parentActivityID>
      <parentUIID>37</parentUIID>
      <activityTypeID>1</activityTypeID>
      <orderID>2</orderID>
      <defineLater>false</defineLater>
      <learningDesignID>1</learningDesignID>
      <createDateTime class="sql-timestamp">2008-02-18 06:06:07.0</createDateTime>
      <runOffline>false</runOffline>
      <toolSignature>laqa11</toolSignature>
      <toolID>3</toolID>
      <toolContentID>27</toolContentID>
      <toolDisplayName>Question and Answer</toolDisplayName>
      <toolVersion>20080108</toolVersion>
      <authoringURL>tool/laqa11/authoringStarter.do</authoringURL>
      <monitoringURL>tool/laqa11/monitoringStarter.do</monitoringURL>
      <contributeURL>tool/laqa11/monitoringStarter.do</contributeURL>
      <moderationURL>tool/laqa11/monitoringStarter.do</moderationURL>
      <activityCategoryID>6</activityCategoryID>
      <applyGrouping>false</applyGrouping>
      <groupingSupportType>2</groupingSupportType>
      <libraryActivityUIImage>tool/laqa11/images/icon_questionanswer.swf</libraryActivityUIImage>
      <readOnly>false</readOnly>
      <initialised>false</initialised>
      <stopAfterActivity>false</stopAfterActivity>
      <inputActivities/>
      <languageCode></languageCode>
    </org.lamsfoundation.lams.learningdesign.dto.AuthoringActivityDTO>
    <org.lamsfoundation.lams.learningdesign.dto.AuthoringActivityDTO>
      <activityID>33</activityID>
      <activityUIID>40</activityUIID>
      <description>Online threaded discussion tool (asynchronous).</description>
      <activityTitle>Forum</activityTitle>
      <helpText>Discussion tool useful for long running collaborations and situations where learners are not all on line at the same time.</helpText>
      <helpURL>http://wiki.lamsfoundation.org/display/lamsdocs/lafrum11</helpURL>
      <xCoord>65</xCoord>
      <yCoord>5</yCoord>
      <parentActivityID>27</parentActivityID>
      <parentUIID>36</parentUIID>
      <activityTypeID>1</activityTypeID>
      <orderID>2</orderID>
      <defineLater>false</defineLater>
      <learningDesignID>1</learningDesignID>
      <createDateTime class="sql-timestamp">2008-02-18 06:06:07.0</createDateTime>
      <runOffline>false</runOffline>
      <toolSignature>lafrum11</toolSignature>
      <toolID>1</toolID>
      <toolContentID>36</toolContentID>
      <toolDisplayName>Forum</toolDisplayName>
      <toolVersion>20070524</toolVersion>
      <authoringURL>tool/lafrum11/authoring.do</authoringURL>
      <monitoringURL>tool/lafrum11/monitoring.do</monitoringURL>
      <contributeURL>tool/lafrum11/contribute.do</contributeURL>
      <moderationURL>tool/lafrum11/moderate.do</moderationURL>
      <activityCategoryID>2</activityCategoryID>
      <applyGrouping>false</applyGrouping>
      <groupingSupportType>2</groupingSupportType>
      <libraryActivityUIImage>tool/lafrum11/images/icon_forum.swf</libraryActivityUIImage>
      <readOnly>false</readOnly>
      <initialised>false</initialised>
      <stopAfterActivity>false</stopAfterActivity>
      <inputActivities/>
      <languageCode></languageCode>
    </org.lamsfoundation.lams.learningdesign.dto.AuthoringActivityDTO>
    <org.lamsfoundation.lams.learningdesign.dto.AuthoringActivityDTO>
      <activityID>34</activityID>
      <activityUIID>77</activityUIID>
      <activityTitle>Grouping</activityTitle>
      <xCoord>766</xCoord>
      <yCoord>51</yCoord>
      <activityTypeID>2</activityTypeID>
      <defineLater>false</defineLater>
      <learningDesignID>1</learningDesignID>
      <createDateTime class="sql-timestamp">2008-02-18 06:06:07.0</createDateTime>
      <runOffline>false</runOffline>
      <activityCategoryID>1</activityCategoryID>
      <applyGrouping>false</applyGrouping>
      <groupingSupportType>2</groupingSupportType>
      <createGroupingID>1</createGroupingID>
      <createGroupingUIID>76</createGroupingUIID>
      <readOnly>false</readOnly>
      <initialised>false</initialised>
      <stopAfterActivity>false</stopAfterActivity>
      <inputActivities/>
      <languageCode></languageCode>
    </org.lamsfoundation.lams.learningdesign.dto.AuthoringActivityDTO>
    <org.lamsfoundation.lams.learningdesign.dto.AuthoringActivityDTO>
      <activityID>35</activityID>
      <activityUIID>81</activityUIID>
      <activityTitle>Optional Activity</activityTitle>
      <xCoord>926</xCoord>
      <yCoord>6</yCoord>
      <activityTypeID>7</activityTypeID>
      <defineLater>false</defineLater>
      <learningDesignID>1</learningDesignID>
      <createDateTime class="sql-timestamp">2008-02-18 06:06:07.0</createDateTime>
      <runOffline>false</runOffline>
      <activityCategoryID>1</activityCategoryID>
      <applyGrouping>false</applyGrouping>
      <groupingSupportType>2</groupingSupportType>
      <readOnly>false</readOnly>
      <initialised>false</initialised>
      <stopAfterActivity>false</stopAfterActivity>
      <inputActivities/>
      <languageCode></languageCode>
    </org.lamsfoundation.lams.learningdesign.dto.AuthoringActivityDTO>
    <org.lamsfoundation.lams.learningdesign.dto.AuthoringActivityDTO>
      <activityID>36</activityID>
      <activityUIID>85</activityUIID>
      <description>Creates automated assessment questions. e.g. Multiple choice and true/false questions. Can provide feedback and scores.</description>
      <activityTitle>Copy of Multiple Choice</activityTitle>
      <helpText>Learner answers a series of automated assessment questions. e.g. Multiple choice and true/false questions. Optional features include feedback on each question and scoring. Questions are weighted for scoring.</helpText>
      <helpURL>http://wiki.lamsfoundation.org/display/lamsdocs/lamc11</helpURL>
      <xCoord>8</xCoord>
      <yCoord>117</yCoord>
      <parentActivityID>35</parentActivityID>
      <parentUIID>81</parentUIID>
      <activityTypeID>1</activityTypeID>
      <orderID>2</orderID>
      <defineLater>false</defineLater>
      <learningDesignID>1</learningDesignID>
      <createDateTime class="sql-timestamp">2008-02-18 06:06:07.0</createDateTime>
      <runOffline>false</runOffline>
      <toolSignature>lamc11</toolSignature>
      <toolID>11</toolID>
      <toolContentID>30</toolContentID>
      <toolDisplayName>MCQ</toolDisplayName>
      <toolVersion>20070820</toolVersion>
      <authoringURL>tool/lamc11/authoringStarter.do</authoringURL>
      <monitoringURL>tool/lamc11/monitoringStarter.do</monitoringURL>
      <contributeURL>tool/lamc11/monitoringStarter.do</contributeURL>
      <moderationURL>tool/lamc11/monitoringStarter.do</moderationURL>
      <activityCategoryID>3</activityCategoryID>
      <applyGrouping>false</applyGrouping>
      <groupingSupportType>2</groupingSupportType>
      <libraryActivityUIImage>tool/lamc11/images/icon_mcq.swf</libraryActivityUIImage>
      <readOnly>false</readOnly>
      <initialised>false</initialised>
      <stopAfterActivity>false</stopAfterActivity>
      <inputActivities/>
      <languageCode></languageCode>
    </org.lamsfoundation.lams.learningdesign.dto.AuthoringActivityDTO>
    <org.lamsfoundation.lams.learningdesign.dto.AuthoringActivityDTO>
      <activityID>42</activityID>
      <activityUIID>96</activityUIID>
      <activityTitle>Branch 3</activityTitle>
      <parentActivityID>41</parentActivityID>
      <parentUIID>86</parentUIID>
      <activityTypeID>8</activityTypeID>
      <orderID>2</orderID>
      <defineLater>false</defineLater>
      <learningDesignID>1</learningDesignID>
      <createDateTime class="sql-timestamp">2008-02-18 06:06:07.0</createDateTime>
      <runOffline>false</runOffline>
      <activityCategoryID>1</activityCategoryID>
      <applyGrouping>false</applyGrouping>
      <groupingSupportType>2</groupingSupportType>
      <readOnly>false</readOnly>
      <initialised>false</initialised>
      <stopAfterActivity>true</stopAfterActivity>
      <inputActivities/>
      <languageCode></languageCode>
    </org.lamsfoundation.lams.learningdesign.dto.AuthoringActivityDTO>
    <org.lamsfoundation.lams.learningdesign.dto.AuthoringActivityDTO>
      <activityID>37</activityID>
      <activityUIID>11</activityUIID>
      <activityTitle>Branch 3</activityTitle>
      <parentActivityID>22</parentActivityID>
      <parentUIID>2</parentUIID>
      <activityTypeID>8</activityTypeID>
      <orderID>3</orderID>
      <defineLater>false</defineLater>
      <learningDesignID>1</learningDesignID>
      <createDateTime class="sql-timestamp">2008-02-18 06:06:07.0</createDateTime>
      <runOffline>false</runOffline>
      <activityCategoryID>1</activityCategoryID>
      <applyGrouping>false</applyGrouping>
      <groupingSupportType>2</groupingSupportType>
      <readOnly>false</readOnly>
      <initialised>false</initialised>
      <stopAfterActivity>false</stopAfterActivity>
      <inputActivities/>
      <defaultActivityUIID>7</defaultActivityUIID>
      <languageCode></languageCode>
    </org.lamsfoundation.lams.learningdesign.dto.AuthoringActivityDTO>
    <org.lamsfoundation.lams.learningdesign.dto.AuthoringActivityDTO>
      <activityID>38</activityID>
      <activityUIID>47</activityUIID>
      <description>Creates automated assessment questions. e.g. Multiple choice and true/false questions. Can provide feedback and scores.</description>
      <activityTitle>Multiple Choice</activityTitle>
      <helpText>Learner answers a series of automated assessment questions. e.g. Multiple choice and true/false questions. Optional features include feedback on each question and scoring. Questions are weighted for scoring.</helpText>
      <helpURL>http://wiki.lamsfoundation.org/display/lamsdocs/lamc11</helpURL>
      <xCoord>124</xCoord>
      <yCoord>5</yCoord>
      <parentActivityID>31</parentActivityID>
      <parentUIID>37</parentUIID>
      <activityTypeID>1</activityTypeID>
      <orderID>3</orderID>
      <defineLater>false</defineLater>
      <learningDesignID>1</learningDesignID>
      <createDateTime class="sql-timestamp">2008-02-18 06:06:07.0</createDateTime>
      <runOffline>false</runOffline>
      <toolSignature>lamc11</toolSignature>
      <toolID>11</toolID>
      <toolContentID>35</toolContentID>
      <toolDisplayName>MCQ</toolDisplayName>
      <toolVersion>20070820</toolVersion>
      <authoringURL>tool/lamc11/authoringStarter.do</authoringURL>
      <monitoringURL>tool/lamc11/monitoringStarter.do</monitoringURL>
      <contributeURL>tool/lamc11/monitoringStarter.do</contributeURL>
      <moderationURL>tool/lamc11/monitoringStarter.do</moderationURL>
      <activityCategoryID>3</activityCategoryID>
      <applyGrouping>false</applyGrouping>
      <groupingSupportType>2</groupingSupportType>
      <libraryActivityUIImage>tool/lamc11/images/icon_mcq.swf</libraryActivityUIImage>
      <readOnly>false</readOnly>
      <initialised>false</initialised>
      <stopAfterActivity>false</stopAfterActivity>
      <inputActivities/>
      <languageCode></languageCode>
    </org.lamsfoundation.lams.learningdesign.dto.AuthoringActivityDTO>
    <org.lamsfoundation.lams.learningdesign.dto.AuthoringActivityDTO>
      <activityID>39</activityID>
      <activityUIID>42</activityUIID>
      <description>Online threaded discussion tool (asynchronous).</description>
      <activityTitle>Forum</activityTitle>
      <helpText>Discussion tool useful for long running collaborations and situations where learners are not all on line at the same time.</helpText>
      <helpURL>http://wiki.lamsfoundation.org/display/lamsdocs/lafrum11</helpURL>
      <xCoord>124</xCoord>
      <yCoord>5</yCoord>
      <parentActivityID>27</parentActivityID>
      <parentUIID>36</parentUIID>
      <activityTypeID>1</activityTypeID>
      <orderID>3</orderID>
      <defineLater>false</defineLater>
      <learningDesignID>1</learningDesignID>
      <createDateTime class="sql-timestamp">2008-02-18 06:06:07.0</createDateTime>
      <runOffline>false</runOffline>
      <toolSignature>lafrum11</toolSignature>
      <toolID>1</toolID>
      <toolContentID>36</toolContentID>
      <toolDisplayName>Forum</toolDisplayName>
      <toolVersion>20070524</toolVersion>
      <authoringURL>tool/lafrum11/authoring.do</authoringURL>
      <monitoringURL>tool/lafrum11/monitoring.do</monitoringURL>
      <contributeURL>tool/lafrum11/contribute.do</contributeURL>
      <moderationURL>tool/lafrum11/moderate.do</moderationURL>
      <activityCategoryID>2</activityCategoryID>
      <applyGrouping>false</applyGrouping>
      <groupingSupportType>2</groupingSupportType>
      <libraryActivityUIImage>tool/lafrum11/images/icon_forum.swf</libraryActivityUIImage>
      <readOnly>false</readOnly>
      <initialised>false</initialised>
      <stopAfterActivity>false</stopAfterActivity>
      <inputActivities/>
      <languageCode></languageCode>
    </org.lamsfoundation.lams.learningdesign.dto.AuthoringActivityDTO>
    <org.lamsfoundation.lams.learningdesign.dto.AuthoringActivityDTO>
      <activityID>40</activityID>
      <activityUIID>65</activityUIID>
      <description>1312321</description>
      <activityTitle>Optional Activity</activityTitle>
      <xCoord>184</xCoord>
      <yCoord>5</yCoord>
      <parentActivityID>27</parentActivityID>
      <parentUIID>36</parentUIID>
      <activityTypeID>7</activityTypeID>
      <orderID>4</orderID>
      <defineLater>false</defineLater>
      <learningDesignID>1</learningDesignID>
      <createDateTime class="sql-timestamp">2008-02-18 06:06:07.0</createDateTime>
      <runOffline>false</runOffline>
      <activityCategoryID>1</activityCategoryID>
      <applyGrouping>false</applyGrouping>
      <groupingSupportType>2</groupingSupportType>
      <readOnly>false</readOnly>
      <initialised>false</initialised>
      <stopAfterActivity>false</stopAfterActivity>
      <inputActivities/>
      <languageCode></languageCode>
    </org.lamsfoundation.lams.learningdesign.dto.AuthoringActivityDTO>
    <org.lamsfoundation.lams.learningdesign.dto.AuthoringActivityDTO>
      <activityID>41</activityID>
      <activityUIID>86</activityUIID>
      <activityTitle>Branching</activityTitle>
      <xCoord>36</xCoord>
      <yCoord>296</yCoord>
      <activityTypeID>11</activityTypeID>
      <groupingID>1</groupingID>
      <groupingUIID>76</groupingUIID>
      <defineLater>false</defineLater>
      <learningDesignID>1</learningDesignID>
      <createDateTime class="sql-timestamp">2008-02-18 06:06:07.0</createDateTime>
      <runOffline>false</runOffline>
      <activityCategoryID>1</activityCategoryID>
      <applyGrouping>true</applyGrouping>
      <groupingSupportType>2</groupingSupportType>
      <readOnly>false</readOnly>
      <initialised>false</initialised>
      <stopAfterActivity>false</stopAfterActivity>
      <inputActivities/>
      <defaultActivityUIID>88</defaultActivityUIID>
      <startXCoord>25</startXCoord>
      <startYCoord>350</startYCoord>
      <endXCoord>1385</endXCoord>
      <endYCoord>350</endYCoord>
      <languageCode></languageCode>
    </org.lamsfoundation.lams.learningdesign.dto.AuthoringActivityDTO>
    <org.lamsfoundation.lams.learningdesign.dto.AuthoringActivityDTO>
      <activityID>43</activityID>
      <activityUIID>124</activityUIID>
      <description>Tool for displaying HTML content including external sources such as images and other media.</description>
      <activityTitle>Noticeboard</activityTitle>
      <helpText>Displays formatted text and links to external sources on a read only page.</helpText>
      <helpURL>http://wiki.lamsfoundation.org/display/lamsdocs/lanb11</helpURL>
      <xCoord>276</xCoord>
      <yCoord>296</yCoord>
      <activityTypeID>1</activityTypeID>
      <defineLater>false</defineLater>
      <learningDesignID>1</learningDesignID>
      <createDateTime class="sql-timestamp">2008-02-18 06:06:07.0</createDateTime>
      <runOffline>false</runOffline>
      <toolSignature>lanb11</toolSignature>
      <toolID>2</toolID>
      <toolContentID>39</toolContentID>
      <toolDisplayName>NoticeboardX</toolDisplayName>
      <toolVersion>20070524</toolVersion>
      <authoringURL>tool/lanb11/authoring.do</authoringURL>
      <monitoringURL>tool/lanb11/monitoring.do</monitoringURL>
      <activityCategoryID>4</activityCategoryID>
      <applyGrouping>false</applyGrouping>
      <groupingSupportType>2</groupingSupportType>
      <libraryActivityUIImage>tool/lanb11/images/icon_htmlnb.swf</libraryActivityUIImage>
      <readOnly>false</readOnly>
      <initialised>false</initialised>
      <stopAfterActivity>false</stopAfterActivity>
      <inputActivities/>
      <languageCode></languageCode>
    </org.lamsfoundation.lams.learningdesign.dto.AuthoringActivityDTO>
    <org.lamsfoundation.lams.learningdesign.dto.AuthoringActivityDTO>
      <activityID>44</activityID>
      <activityUIID>128</activityUIID>
      <activityTitle>Optional Activity</activityTitle>
      <xCoord>835</xCoord>
      <yCoord>239</yCoord>
      <activityTypeID>7</activityTypeID>
      <defineLater>false</defineLater>
      <learningDesignID>1</learningDesignID>
      <createDateTime class="sql-timestamp">2008-02-18 06:06:07.0</createDateTime>
      <runOffline>false</runOffline>
      <activityCategoryID>1</activityCategoryID>
      <applyGrouping>false</applyGrouping>
      <groupingSupportType>2</groupingSupportType>
      <readOnly>false</readOnly>
      <initialised>false</initialised>
      <stopAfterActivity>false</stopAfterActivity>
      <inputActivities/>
      <languageCode></languageCode>
    </org.lamsfoundation.lams.learningdesign.dto.AuthoringActivityDTO>
    <org.lamsfoundation.lams.learningdesign.dto.AuthoringActivityDTO>
      <activityID>45</activityID>
      <activityUIID>6</activityUIID>
      <description>Each learner answers question(s) and then sees answers from all learners collated on the next page.</description>
      <activityTitle>Q and A</activityTitle>
      <helpText>Each learner answers one or more questions in short answer format and then sees answers from all learners collated on the next page.</helpText>
      <helpURL>http://wiki.lamsfoundation.org/display/lamsdocs/laqa11</helpURL>
      <xCoord>213</xCoord>
      <yCoord>222</yCoord>
      <parentActivityID>29</parentActivityID>
      <parentUIID>9</parentUIID>
      <activityTypeID>1</activityTypeID>
      <orderID>1</orderID>
      <defineLater>false</defineLater>
      <learningDesignID>1</learningDesignID>
      <createDateTime class="sql-timestamp">2008-02-18 06:06:07.0</createDateTime>
      <runOffline>false</runOffline>
      <toolSignature>laqa11</toolSignature>
      <toolID>3</toolID>
      <toolContentID>16</toolContentID>
      <toolDisplayName>Question and Answer</toolDisplayName>
      <toolVersion>20080108</toolVersion>
      <authoringURL>tool/laqa11/authoringStarter.do</authoringURL>
      <monitoringURL>tool/laqa11/monitoringStarter.do</monitoringURL>
      <contributeURL>tool/laqa11/monitoringStarter.do</contributeURL>
      <moderationURL>tool/laqa11/monitoringStarter.do</moderationURL>
      <activityCategoryID>6</activityCategoryID>
      <applyGrouping>false</applyGrouping>
      <groupingSupportType>2</groupingSupportType>
      <libraryActivityUIImage>tool/laqa11/images/icon_questionanswer.swf</libraryActivityUIImage>
      <readOnly>false</readOnly>
      <initialised>false</initialised>
      <stopAfterActivity>false</stopAfterActivity>
      <inputActivities/>
      <languageCode></languageCode>
    </org.lamsfoundation.lams.learningdesign.dto.AuthoringActivityDTO>
    <org.lamsfoundation.lams.learningdesign.dto.AuthoringActivityDTO>
      <activityID>46</activityID>
      <activityUIID>7</activityUIID>
      <description>Each learner answers question(s) and then sees answers from all learners collated on the next page.</description>
      <activityTitle>Q and A</activityTitle>
      <helpText>Each learner answers one or more questions in short answer format and then sees answers from all learners collated on the next page.</helpText>
      <helpURL>http://wiki.lamsfoundation.org/display/lamsdocs/laqa11</helpURL>
      <xCoord>210</xCoord>
      <yCoord>376</yCoord>
      <parentActivityID>37</parentActivityID>
      <parentUIID>11</parentUIID>
      <activityTypeID>1</activityTypeID>
      <orderID>1</orderID>
      <defineLater>false</defineLater>
      <learningDesignID>1</learningDesignID>
      <createDateTime class="sql-timestamp">2008-02-18 06:06:07.0</createDateTime>
      <runOffline>false</runOffline>
      <toolSignature>laqa11</toolSignature>
      <toolID>3</toolID>
      <toolContentID>16</toolContentID>
      <toolDisplayName>Question and Answer</toolDisplayName>
      <toolVersion>20080108</toolVersion>
      <authoringURL>tool/laqa11/authoringStarter.do</authoringURL>
      <monitoringURL>tool/laqa11/monitoringStarter.do</monitoringURL>
      <contributeURL>tool/laqa11/monitoringStarter.do</contributeURL>
      <moderationURL>tool/laqa11/monitoringStarter.do</moderationURL>
      <activityCategoryID>6</activityCategoryID>
      <applyGrouping>false</applyGrouping>
      <groupingSupportType>2</groupingSupportType>
      <libraryActivityUIImage>tool/laqa11/images/icon_questionanswer.swf</libraryActivityUIImage>
      <readOnly>false</readOnly>
      <initialised>false</initialised>
      <stopAfterActivity>false</stopAfterActivity>
      <inputActivities/>
      <languageCode></languageCode>
    </org.lamsfoundation.lams.learningdesign.dto.AuthoringActivityDTO>
    <org.lamsfoundation.lams.learningdesign.dto.AuthoringActivityDTO>
      <activityID>53</activityID>
      <activityUIID>73</activityUIID>
      <description>Notebook Tool</description>
      <activityTitle>Notebook</activityTitle>
      <helpText>Notebook for notes and reflections</helpText>
      <helpURL>http://wiki.lamsfoundation.org/display/lamsdocs/lantbk11</helpURL>
      <xCoord>8</xCoord>
      <yCoord>117</yCoord>
      <parentActivityID>40</parentActivityID>
      <parentUIID>65</parentUIID>
      <activityTypeID>1</activityTypeID>
      <orderID>2</orderID>
      <defineLater>false</defineLater>
      <learningDesignID>1</learningDesignID>
      <createDateTime class="sql-timestamp">2008-02-18 06:06:07.0</createDateTime>
      <runOffline>false</runOffline>
      <toolSignature>lantbk11</toolSignature>
      <toolID>8</toolID>
      <toolContentID>29</toolContentID>
      <toolDisplayName>Notebook</toolDisplayName>
      <toolVersion>20070524</toolVersion>
      <authoringURL>tool/lantbk11/authoring.do</authoringURL>
      <monitoringURL>tool/lantbk11/monitoring.do</monitoringURL>
      <contributeURL>tool/lantbk11/contribute.do</contributeURL>
      <moderationURL>tool/lantbk11/moderate.do</moderationURL>
      <activityCategoryID>6</activityCategoryID>
      <applyGrouping>false</applyGrouping>
      <groupingSupportType>2</groupingSupportType>
      <libraryActivityUIImage>tool/lantbk11/images/icon_notebook.swf</libraryActivityUIImage>
      <readOnly>false</readOnly>
      <initialised>false</initialised>
      <stopAfterActivity>false</stopAfterActivity>
      <inputActivities/>
      <languageCode></languageCode>
    </org.lamsfoundation.lams.learningdesign.dto.AuthoringActivityDTO>
    <org.lamsfoundation.lams.learningdesign.dto.AuthoringActivityDTO>
      <activityID>54</activityID>
      <activityUIID>90</activityUIID>
      <description>Online threaded discussion tool (asynchronous).</description>
      <activityTitle>Forum</activityTitle>
      <helpText>Discussion tool useful for long running collaborations and situations where learners are not all on line at the same time.</helpText>
      <helpURL>http://wiki.lamsfoundation.org/display/lamsdocs/lafrum11</helpURL>
      <xCoord>462</xCoord>
      <yCoord>113</yCoord>
      <parentActivityID>50</parentActivityID>
      <parentUIID>88</parentUIID>
      <activityTypeID>1</activityTypeID>
      <orderID>2</orderID>
      <defineLater>false</defineLater>
      <learningDesignID>1</learningDesignID>
      <createDateTime class="sql-timestamp">2008-02-18 06:06:07.0</createDateTime>
      <runOffline>false</runOffline>
      <toolSignature>lafrum11</toolSignature>
      <toolID>1</toolID>
      <toolContentID>38</toolContentID>
      <toolDisplayName>Forum</toolDisplayName>
      <toolVersion>20070524</toolVersion>
      <authoringURL>tool/lafrum11/authoring.do</authoringURL>
      <monitoringURL>tool/lafrum11/monitoring.do</monitoringURL>
      <contributeURL>tool/lafrum11/contribute.do</contributeURL>
      <moderationURL>tool/lafrum11/moderate.do</moderationURL>
      <activityCategoryID>2</activityCategoryID>
      <applyGrouping>false</applyGrouping>
      <groupingSupportType>2</groupingSupportType>
      <libraryActivityUIImage>tool/lafrum11/images/icon_forum.swf</libraryActivityUIImage>
      <readOnly>false</readOnly>
      <initialised>false</initialised>
      <stopAfterActivity>false</stopAfterActivity>
      <inputActivities/>
      <languageCode></languageCode>
    </org.lamsfoundation.lams.learningdesign.dto.AuthoringActivityDTO>
    <org.lamsfoundation.lams.learningdesign.dto.AuthoringActivityDTO>
      <activityID>56</activityID>
      <activityUIID>97</activityUIID>
      <activityTitle>Branching</activityTitle>
      <xCoord>454</xCoord>
      <yCoord>329</yCoord>
      <parentActivityID>55</parentActivityID>
      <parentUIID>92</parentUIID>
      <activityTypeID>12</activityTypeID>
      <orderID>2</orderID>
      <defineLater>false</defineLater>
      <learningDesignID>1</learningDesignID>
      <createDateTime class="sql-timestamp">2008-02-18 06:06:07.0</createDateTime>
      <runOffline>false</runOffline>
      <activityCategoryID>1</activityCategoryID>
      <applyGrouping>false</applyGrouping>
      <groupingSupportType>2</groupingSupportType>
      <readOnly>false</readOnly>
      <initialised>false</initialised>
      <stopAfterActivity>false</stopAfterActivity>
      <inputActivities>
        <int>94</int>
      </inputActivities>
      <toolActivityUIID>94</toolActivityUIID>
      <defaultActivityUIID>99</defaultActivityUIID>
      <startXCoord>25</startXCoord>
      <startYCoord>350</startYCoord>
      <endXCoord>1385</endXCoord>
      <endYCoord>350</endYCoord>
      <languageCode></languageCode>
    </org.lamsfoundation.lams.learningdesign.dto.AuthoringActivityDTO>
    <org.lamsfoundation.lams.learningdesign.dto.AuthoringActivityDTO>
      <activityID>57</activityID>
      <activityUIID>103</activityUIID>
      <activityTitle>Branch 2</activityTitle>
      <parentActivityID>56</parentActivityID>
      <parentUIID>97</parentUIID>
      <activityTypeID>8</activityTypeID>
      <orderID>2</orderID>
      <defineLater>false</defineLater>
      <learningDesignID>1</learningDesignID>
      <createDateTime class="sql-timestamp">2008-02-18 06:06:07.0</createDateTime>
      <runOffline>false</runOffline>
      <activityCategoryID>1</activityCategoryID>
      <applyGrouping>false</applyGrouping>
      <groupingSupportType>2</groupingSupportType>
      <readOnly>false</readOnly>
      <initialised>false</initialised>
      <stopAfterActivity>false</stopAfterActivity>
      <inputActivities/>
      <defaultActivityUIID>100</defaultActivityUIID>
      <languageCode></languageCode>
    </org.lamsfoundation.lams.learningdesign.dto.AuthoringActivityDTO>
    <org.lamsfoundation.lams.learningdesign.dto.AuthoringActivityDTO>
      <activityID>58</activityID>
      <activityUIID>130</activityUIID>
      <description>Each learner answers question(s) and then sees answers from all learners collated on the next page.</description>
      <activityTitle>Q and A</activityTitle>
      <helpText>Each learner answers one or more questions in short answer format and then sees answers from all learners collated on the next page.</helpText>
      <helpURL>http://wiki.lamsfoundation.org/display/lamsdocs/laqa11</helpURL>
      <xCoord>8</xCoord>
      <yCoord>117</yCoord>
      <parentActivityID>44</parentActivityID>
      <parentUIID>128</parentUIID>
      <activityTypeID>1</activityTypeID>
      <orderID>2</orderID>
      <defineLater>false</defineLater>
      <learningDesignID>1</learningDesignID>
      <createDateTime class="sql-timestamp">2008-02-18 06:06:07.0</createDateTime>
      <runOffline>false</runOffline>
      <toolSignature>laqa11</toolSignature>
      <toolID>3</toolID>
      <toolContentID>34</toolContentID>
      <toolDisplayName>Question and Answer</toolDisplayName>
      <toolVersion>20080108</toolVersion>
      <authoringURL>tool/laqa11/authoringStarter.do</authoringURL>
      <monitoringURL>tool/laqa11/monitoringStarter.do</monitoringURL>
      <contributeURL>tool/laqa11/monitoringStarter.do</contributeURL>
      <moderationURL>tool/laqa11/monitoringStarter.do</moderationURL>
      <activityCategoryID>6</activityCategoryID>
      <applyGrouping>false</applyGrouping>
      <groupingSupportType>2</groupingSupportType>
      <libraryActivityUIImage>tool/laqa11/images/icon_questionanswer.swf</libraryActivityUIImage>
      <readOnly>false</readOnly>
      <initialised>false</initialised>
      <stopAfterActivity>false</stopAfterActivity>
      <inputActivities/>
      <languageCode></languageCode>
    </org.lamsfoundation.lams.learningdesign.dto.AuthoringActivityDTO>
    <org.lamsfoundation.lams.learningdesign.dto.AuthoringActivityDTO>
      <activityID>65</activityID>
      <activityUIID>114</activityUIID>
      <activityTitle>Sequence 2</activityTitle>
      <xCoord>4</xCoord>
      <yCoord>105</yCoord>
      <parentActivityID>60</parentActivityID>
      <parentUIID>112</parentUIID>
      <activityTypeID>8</activityTypeID>
      <orderID>2</orderID>
      <defineLater>false</defineLater>
      <learningDesignID>1</learningDesignID>
      <createDateTime class="sql-timestamp">2008-02-18 06:06:07.0</createDateTime>
      <runOffline>false</runOffline>
      <activityCategoryID>1</activityCategoryID>
      <applyGrouping>false</applyGrouping>
      <groupingSupportType>2</groupingSupportType>
      <readOnly>false</readOnly>
      <initialised>false</initialised>
      <stopAfterActivity>false</stopAfterActivity>
      <inputActivities/>
      <defaultActivityUIID>118</defaultActivityUIID>
      <languageCode></languageCode>
    </org.lamsfoundation.lams.learningdesign.dto.AuthoringActivityDTO>
    <org.lamsfoundation.lams.learningdesign.dto.AuthoringActivityDTO>
      <activityID>66</activityID>
      <activityUIID>119</activityUIID>
      <description>Each learner answers question(s) and then sees answers from all learners collated on the next page.</description>
      <activityTitle>Q and A</activityTitle>
      <helpText>Each learner answers one or more questions in short answer format and then sees answers from all learners collated on the next page.</helpText>
      <helpURL>http://wiki.lamsfoundation.org/display/lamsdocs/laqa11</helpURL>
      <xCoord>65</xCoord>
      <yCoord>5</yCoord>
      <parentActivityID>63</parentActivityID>
      <parentUIID>113</parentUIID>
      <activityTypeID>1</activityTypeID>
      <orderID>2</orderID>
      <defineLater>false</defineLater>
      <learningDesignID>1</learningDesignID>
      <createDateTime class="sql-timestamp">2008-02-18 06:06:07.0</createDateTime>
      <runOffline>false</runOffline>
      <toolSignature>laqa11</toolSignature>
      <toolID>3</toolID>
      <toolContentID>34</toolContentID>
      <toolDisplayName>Question and Answer</toolDisplayName>
      <toolVersion>20080108</toolVersion>
      <authoringURL>tool/laqa11/authoringStarter.do</authoringURL>
      <monitoringURL>tool/laqa11/monitoringStarter.do</monitoringURL>
      <contributeURL>tool/laqa11/monitoringStarter.do</contributeURL>
      <moderationURL>tool/laqa11/monitoringStarter.do</moderationURL>
      <activityCategoryID>6</activityCategoryID>
      <applyGrouping>false</applyGrouping>
      <groupingSupportType>2</groupingSupportType>
      <libraryActivityUIImage>tool/laqa11/images/icon_questionanswer.swf</libraryActivityUIImage>
      <readOnly>false</readOnly>
      <initialised>false</initialised>
      <stopAfterActivity>false</stopAfterActivity>
      <inputActivities/>
      <languageCode></languageCode>
    </org.lamsfoundation.lams.learningdesign.dto.AuthoringActivityDTO>
    <org.lamsfoundation.lams.learningdesign.dto.AuthoringActivityDTO>
      <activityID>67</activityID>
      <activityUIID>121</activityUIID>
      <description>Online threaded discussion tool (asynchronous).</description>
      <activityTitle>Forum</activityTitle>
      <helpText>Discussion tool useful for long running collaborations and situations where learners are not all on line at the same time.</helpText>
      <helpURL>http://wiki.lamsfoundation.org/display/lamsdocs/lafrum11</helpURL>
      <xCoord>65</xCoord>
      <yCoord>5</yCoord>
      <parentActivityID>65</parentActivityID>
      <parentUIID>114</parentUIID>
      <activityTypeID>1</activityTypeID>
      <orderID>2</orderID>
      <defineLater>false</defineLater>
      <learningDesignID>1</learningDesignID>
      <createDateTime class="sql-timestamp">2008-02-18 06:06:07.0</createDateTime>
      <runOffline>false</runOffline>
      <toolSignature>lafrum11</toolSignature>
      <toolID>1</toolID>
      <toolContentID>38</toolContentID>
      <toolDisplayName>Forum</toolDisplayName>
      <toolVersion>20070524</toolVersion>
      <authoringURL>tool/lafrum11/authoring.do</authoringURL>
      <monitoringURL>tool/lafrum11/monitoring.do</monitoringURL>
      <contributeURL>tool/lafrum11/contribute.do</contributeURL>
      <moderationURL>tool/lafrum11/moderate.do</moderationURL>
      <activityCategoryID>2</activityCategoryID>
      <applyGrouping>false</applyGrouping>
      <groupingSupportType>2</groupingSupportType>
      <libraryActivityUIImage>tool/lafrum11/images/icon_forum.swf</libraryActivityUIImage>
      <readOnly>false</readOnly>
      <initialised>false</initialised>
      <stopAfterActivity>false</stopAfterActivity>
      <inputActivities/>
      <languageCode></languageCode>
    </org.lamsfoundation.lams.learningdesign.dto.AuthoringActivityDTO>
    <org.lamsfoundation.lams.learningdesign.dto.AuthoringActivityDTO>
      <activityID>55</activityID>
      <activityUIID>92</activityUIID>
      <activityTitle>Branch 2</activityTitle>
      <parentActivityID>41</parentActivityID>
      <parentUIID>86</parentUIID>
      <activityTypeID>8</activityTypeID>
      <orderID>3</orderID>
      <defineLater>false</defineLater>
      <learningDesignID>1</learningDesignID>
      <createDateTime class="sql-timestamp">2008-02-18 06:06:07.0</createDateTime>
      <runOffline>false</runOffline>
      <activityCategoryID>1</activityCategoryID>
      <applyGrouping>false</applyGrouping>
      <groupingSupportType>2</groupingSupportType>
      <readOnly>false</readOnly>
      <initialised>false</initialised>
      <stopAfterActivity>false</stopAfterActivity>
      <inputActivities/>
      <defaultActivityUIID>94</defaultActivityUIID>
      <languageCode></languageCode>
    </org.lamsfoundation.lams.learningdesign.dto.AuthoringActivityDTO>
    <org.lamsfoundation.lams.learningdesign.dto.AuthoringActivityDTO>
      <activityID>59</activityID>
      <activityUIID>100</activityUIID>
      <description>Notebook Tool</description>
      <activityTitle>Notebook</activityTitle>
      <helpText>Notebook for notes and reflections</helpText>
      <helpURL>http://wiki.lamsfoundation.org/display/lamsdocs/lantbk11</helpURL>
      <xCoord>307</xCoord>
      <yCoord>172</yCoord>
      <parentActivityID>57</parentActivityID>
      <parentUIID>103</parentUIID>
      <activityTypeID>1</activityTypeID>
      <defineLater>false</defineLater>
      <learningDesignID>1</learningDesignID>
      <createDateTime class="sql-timestamp">2008-02-18 06:06:07.0</createDateTime>
      <runOffline>false</runOffline>
      <toolSignature>lantbk11</toolSignature>
      <toolID>8</toolID>
      <toolContentID>37</toolContentID>
      <toolDisplayName>Notebook</toolDisplayName>
      <toolVersion>20070524</toolVersion>
      <authoringURL>tool/lantbk11/authoring.do</authoringURL>
      <monitoringURL>tool/lantbk11/monitoring.do</monitoringURL>
      <contributeURL>tool/lantbk11/contribute.do</contributeURL>
      <moderationURL>tool/lantbk11/moderate.do</moderationURL>
      <activityCategoryID>6</activityCategoryID>
      <applyGrouping>false</applyGrouping>
      <groupingSupportType>2</groupingSupportType>
      <libraryActivityUIImage>tool/lantbk11/images/icon_notebook.swf</libraryActivityUIImage>
      <readOnly>false</readOnly>
      <initialised>false</initialised>
      <stopAfterActivity>false</stopAfterActivity>
      <inputActivities/>
      <languageCode></languageCode>
    </org.lamsfoundation.lams.learningdesign.dto.AuthoringActivityDTO>
    <org.lamsfoundation.lams.learningdesign.dto.AuthoringActivityDTO>
      <activityID>60</activityID>
      <activityUIID>112</activityUIID>
      <activityTitle>Optional Sequences</activityTitle>
      <xCoord>692</xCoord>
      <yCoord>293</yCoord>
      <parentActivityID>55</parentActivityID>
      <parentUIID>92</parentUIID>
      <activityTypeID>13</activityTypeID>
      <defineLater>false</defineLater>
      <learningDesignID>1</learningDesignID>
      <createDateTime class="sql-timestamp">2008-02-18 06:06:07.0</createDateTime>
      <runOffline>false</runOffline>
      <activityCategoryID>1</activityCategoryID>
      <applyGrouping>false</applyGrouping>
      <groupingSupportType>2</groupingSupportType>
      <readOnly>false</readOnly>
      <initialised>false</initialised>
      <stopAfterActivity>false</stopAfterActivity>
      <inputActivities/>
      <languageCode></languageCode>
    </org.lamsfoundation.lams.learningdesign.dto.AuthoringActivityDTO>
    <org.lamsfoundation.lams.learningdesign.dto.AuthoringActivityDTO>
      <activityID>68</activityID>
      <activityUIID>101</activityUIID>
      <description>Online threaded discussion tool (asynchronous).</description>
      <activityTitle>Forum</activityTitle>
      <helpText>Discussion tool useful for long running collaborations and situations where learners are not all on line at the same time.</helpText>
      <helpURL>http://wiki.lamsfoundation.org/display/lamsdocs/lafrum11</helpURL>
      <xCoord>240</xCoord>
      <yCoord>400</yCoord>
      <parentActivityID>62</parentActivityID>
      <parentUIID>99</parentUIID>
      <activityTypeID>1</activityTypeID>
      <defineLater>false</defineLater>
      <learningDesignID>1</learningDesignID>
      <createDateTime class="sql-timestamp">2008-02-18 06:06:07.0</createDateTime>
      <runOffline>false</runOffline>
      <toolSignature>lafrum11</toolSignature>
      <toolID>1</toolID>
      <toolContentID>38</toolContentID>
      <toolDisplayName>Forum</toolDisplayName>
      <toolVersion>20070524</toolVersion>
      <authoringURL>tool/lafrum11/authoring.do</authoringURL>
      <monitoringURL>tool/lafrum11/monitoring.do</monitoringURL>
      <contributeURL>tool/lafrum11/contribute.do</contributeURL>
      <moderationURL>tool/lafrum11/moderate.do</moderationURL>
      <activityCategoryID>2</activityCategoryID>
      <applyGrouping>false</applyGrouping>
      <groupingSupportType>2</groupingSupportType>
      <libraryActivityUIImage>tool/lafrum11/images/icon_forum.swf</libraryActivityUIImage>
      <readOnly>false</readOnly>
      <initialised>false</initialised>
      <stopAfterActivity>false</stopAfterActivity>
      <inputActivities/>
      <languageCode></languageCode>
    </org.lamsfoundation.lams.learningdesign.dto.AuthoringActivityDTO>
  </activities>
  <transitions>
    <org.lamsfoundation.lams.learningdesign.dto.TransitionDTO>
      <transitionID>19</transitionID>
      <transitionUIID>75</transitionUIID>
      <toUIID>65</toUIID>
      <fromUIID>42</fromUIID>
      <createDateTime class="sql-timestamp">2008-02-18 06:06:07.0</createDateTime>
      <toActivityID>40</toActivityID>
      <fromActivityID>39</fromActivityID>
      <learningDesignID>1</learningDesignID>
    </org.lamsfoundation.lams.learningdesign.dto.TransitionDTO>
    <org.lamsfoundation.lams.learningdesign.dto.TransitionDTO>
      <transitionID>16</transitionID>
      <transitionUIID>78</transitionUIID>
      <toUIID>77</toUIID>
      <fromUIID>35</fromUIID>
      <createDateTime class="sql-timestamp">2008-02-18 06:06:07.0</createDateTime>
      <toActivityID>34</toActivityID>
      <fromActivityID>26</fromActivityID>
      <learningDesignID>1</learningDesignID>
    </org.lamsfoundation.lams.learningdesign.dto.TransitionDTO>
    <org.lamsfoundation.lams.learningdesign.dto.TransitionDTO>
      <transitionID>15</transitionID>
      <transitionUIID>41</transitionUIID>
      <toUIID>40</toUIID>
      <fromUIID>38</fromUIID>
      <createDateTime class="sql-timestamp">2008-02-18 06:06:07.0</createDateTime>
      <toActivityID>33</toActivityID>
      <fromActivityID>28</fromActivityID>
      <learningDesignID>1</learningDesignID>
    </org.lamsfoundation.lams.learningdesign.dto.TransitionDTO>
    <org.lamsfoundation.lams.learningdesign.dto.TransitionDTO>
      <transitionID>18</transitionID>
      <transitionUIID>43</transitionUIID>
      <toUIID>42</toUIID>
      <fromUIID>40</fromUIID>
      <createDateTime class="sql-timestamp">2008-02-18 06:06:07.0</createDateTime>
      <toActivityID>39</toActivityID>
      <fromActivityID>33</fromActivityID>
      <learningDesignID>1</learningDesignID>
    </org.lamsfoundation.lams.learningdesign.dto.TransitionDTO>
    <org.lamsfoundation.lams.learningdesign.dto.TransitionDTO>
      <transitionID>17</transitionID>
      <transitionUIID>46</transitionUIID>
      <toUIID>45</toUIID>
      <fromUIID>39</fromUIID>
      <createDateTime class="sql-timestamp">2008-02-18 06:06:07.0</createDateTime>
      <toActivityID>32</toActivityID>
      <fromActivityID>47</fromActivityID>
      <learningDesignID>1</learningDesignID>
    </org.lamsfoundation.lams.learningdesign.dto.TransitionDTO>
    <org.lamsfoundation.lams.learningdesign.dto.TransitionDTO>
      <transitionID>12</transitionID>
      <transitionUIID>49</transitionUIID>
      <toUIID>35</toUIID>
      <fromUIID>33</fromUIID>
      <createDateTime class="sql-timestamp">2008-02-18 06:06:07.0</createDateTime>
      <toActivityID>26</toActivityID>
      <fromActivityID>25</fromActivityID>
      <learningDesignID>1</learningDesignID>
    </org.lamsfoundation.lams.learningdesign.dto.TransitionDTO>
    <org.lamsfoundation.lams.learningdesign.dto.TransitionDTO>
      <transitionID>11</transitionID>
      <transitionUIID>31</transitionUIID>
      <toUIID>30</toUIID>
      <fromUIID>6</fromUIID>
      <createDateTime class="sql-timestamp">2008-02-18 06:06:07.0</createDateTime>
      <toActivityID>30</toActivityID>
      <fromActivityID>45</fromActivityID>
      <learningDesignID>1</learningDesignID>
    </org.lamsfoundation.lams.learningdesign.dto.TransitionDTO>
    <org.lamsfoundation.lams.learningdesign.dto.TransitionDTO>
      <transitionID>14</transitionID>
      <transitionUIID>34</transitionUIID>
      <toUIID>33</toUIID>
      <fromUIID>2</fromUIID>
      <createDateTime class="sql-timestamp">2008-02-18 06:06:07.0</createDateTime>
      <toActivityID>25</toActivityID>
      <fromActivityID>22</fromActivityID>
      <learningDesignID>1</learningDesignID>
    </org.lamsfoundation.lams.learningdesign.dto.TransitionDTO>
    <org.lamsfoundation.lams.learningdesign.dto.TransitionDTO>
      <transitionID>13</transitionID>
      <transitionUIID>48</transitionUIID>
      <toUIID>47</toUIID>
      <fromUIID>45</fromUIID>
      <createDateTime class="sql-timestamp">2008-02-18 06:06:07.0</createDateTime>
      <toActivityID>38</toActivityID>
      <fromActivityID>32</fromActivityID>
      <learningDesignID>1</learningDesignID>
    </org.lamsfoundation.lams.learningdesign.dto.TransitionDTO>
    <org.lamsfoundation.lams.learningdesign.dto.TransitionDTO>
      <transitionID>2</transitionID>
      <transitionUIID>120</transitionUIID>
      <toUIID>119</toUIID>
      <fromUIID>116</fromUIID>
      <createDateTime class="sql-timestamp">2008-02-18 06:06:07.0</createDateTime>
      <toActivityID>66</toActivityID>
      <fromActivityID>64</fromActivityID>
      <learningDesignID>1</learningDesignID>
    </org.lamsfoundation.lams.learningdesign.dto.TransitionDTO>
    <org.lamsfoundation.lams.learningdesign.dto.TransitionDTO>
      <transitionID>1</transitionID>
      <transitionUIID>131</transitionUIID>
      <toUIID>128</toUIID>
      <fromUIID>124</fromUIID>
      <createDateTime class="sql-timestamp">2008-02-18 06:06:07.0</createDateTime>
      <toActivityID>44</toActivityID>
      <fromActivityID>43</fromActivityID>
      <learningDesignID>1</learningDesignID>
    </org.lamsfoundation.lams.learningdesign.dto.TransitionDTO>
    <org.lamsfoundation.lams.learningdesign.dto.TransitionDTO>
      <transitionID>6</transitionID>
      <transitionUIID>87</transitionUIID>
      <toUIID>86</toUIID>
      <fromUIID>81</fromUIID>
      <createDateTime class="sql-timestamp">2008-02-18 06:06:07.0</createDateTime>
      <toActivityID>41</toActivityID>
      <fromActivityID>35</fromActivityID>
      <learningDesignID>1</learningDesignID>
    </org.lamsfoundation.lams.learningdesign.dto.TransitionDTO>
    <org.lamsfoundation.lams.learningdesign.dto.TransitionDTO>
      <transitionID>5</transitionID>
      <transitionUIID>122</transitionUIID>
      <toUIID>121</toUIID>
      <fromUIID>118</fromUIID>
      <createDateTime class="sql-timestamp">2008-02-18 06:06:07.0</createDateTime>
      <toActivityID>67</toActivityID>
      <fromActivityID>69</fromActivityID>
      <learningDesignID>1</learningDesignID>
    </org.lamsfoundation.lams.learningdesign.dto.TransitionDTO>
    <org.lamsfoundation.lams.learningdesign.dto.TransitionDTO>
      <transitionID>4</transitionID>
      <transitionUIID>125</transitionUIID>
      <toUIID>124</toUIID>
      <fromUIID>86</fromUIID>
      <createDateTime class="sql-timestamp">2008-02-18 06:06:07.0</createDateTime>
      <toActivityID>43</toActivityID>
      <fromActivityID>41</fromActivityID>
      <learningDesignID>1</learningDesignID>
    </org.lamsfoundation.lams.learningdesign.dto.TransitionDTO>
    <org.lamsfoundation.lams.learningdesign.dto.TransitionDTO>
      <transitionID>3</transitionID>
      <transitionUIID>115</transitionUIID>
      <toUIID>112</toUIID>
      <fromUIID>97</fromUIID>
      <createDateTime class="sql-timestamp">2008-02-18 06:06:07.0</createDateTime>
      <toActivityID>60</toActivityID>
      <fromActivityID>56</fromActivityID>
      <learningDesignID>1</learningDesignID>
    </org.lamsfoundation.lams.learningdesign.dto.TransitionDTO>
    <org.lamsfoundation.lams.learningdesign.dto.TransitionDTO>
      <transitionID>10</transitionID>
      <transitionUIID>3</transitionUIID>
      <toUIID>2</toUIID>
      <fromUIID>1</fromUIID>
      <createDateTime class="sql-timestamp">2008-02-18 06:06:07.0</createDateTime>
      <toActivityID>22</toActivityID>
      <fromActivityID>21</fromActivityID>
      <learningDesignID>1</learningDesignID>
    </org.lamsfoundation.lams.learningdesign.dto.TransitionDTO>
    <org.lamsfoundation.lams.learningdesign.dto.TransitionDTO>
      <transitionID>9</transitionID>
      <transitionUIID>93</transitionUIID>
      <toUIID>90</toUIID>
      <fromUIID>89</fromUIID>
      <createDateTime class="sql-timestamp">2008-02-18 06:06:07.0</createDateTime>
      <toActivityID>54</toActivityID>
      <fromActivityID>51</fromActivityID>
      <learningDesignID>1</learningDesignID>
    </org.lamsfoundation.lams.learningdesign.dto.TransitionDTO>
    <org.lamsfoundation.lams.learningdesign.dto.TransitionDTO>
      <transitionID>8</transitionID>
      <transitionUIID>98</transitionUIID>
      <toUIID>97</toUIID>
      <fromUIID>94</fromUIID>
      <createDateTime class="sql-timestamp">2008-02-18 06:06:07.0</createDateTime>
      <toActivityID>56</toActivityID>
      <fromActivityID>61</fromActivityID>
      <learningDesignID>1</learningDesignID>
    </org.lamsfoundation.lams.learningdesign.dto.TransitionDTO>
    <org.lamsfoundation.lams.learningdesign.dto.TransitionDTO>
      <transitionID>7</transitionID>
      <transitionUIID>84</transitionUIID>
      <toUIID>81</toUIID>
      <fromUIID>77</fromUIID>
      <createDateTime class="sql-timestamp">2008-02-18 06:06:07.0</createDateTime>
      <toActivityID>35</toActivityID>
      <fromActivityID>34</fromActivityID>
      <learningDesignID>1</learningDesignID>
    </org.lamsfoundation.lams.learningdesign.dto.TransitionDTO>
  </transitions>
  <branchMappings>
    <org.lamsfoundation.lams.learningdesign.dto.ToolOutputBranchActivityEntryDTO>
      <condition>
        <conditionId>1</conditionId>
        <conditionUIID>17</conditionUIID>
        <orderID>1</orderID>
        <name>learner.mark</name>
        <displayName>&lt;3</displayName>
        <type>OUTPUT_LONG</type>
        <endValue>0.0</endValue>
        <toolActivityUIID>1</toolActivityUIID>
      </condition>
      <entryID>3</entryID>
      <entryUIID>20</entryUIID>
      <sequenceActivityUIID>4</sequenceActivityUIID>
      <branchingActivityUIID>2</branchingActivityUIID>
    </org.lamsfoundation.lams.learningdesign.dto.ToolOutputBranchActivityEntryDTO>
    <org.lamsfoundation.lams.learningdesign.dto.ToolOutputBranchActivityEntryDTO>
      <condition>
        <conditionId>2</conditionId>
        <conditionUIID>18</conditionUIID>
        <orderID>1</orderID>
        <name>learner.mark</name>
        <displayName>4 to 7</displayName>
        <type>OUTPUT_LONG</type>
        <startValue>4.0</startValue>
        <endValue>7.0</endValue>
        <toolActivityUIID>1</toolActivityUIID>
      </condition>
      <entryID>4</entryID>
      <entryUIID>21</entryUIID>
      <sequenceActivityUIID>9</sequenceActivityUIID>
      <branchingActivityUIID>2</branchingActivityUIID>
    </org.lamsfoundation.lams.learningdesign.dto.ToolOutputBranchActivityEntryDTO>
    <org.lamsfoundation.lams.learningdesign.dto.ToolOutputBranchActivityEntryDTO>
      <condition>
        <conditionId>3</conditionId>
        <conditionUIID>19</conditionUIID>
        <orderID>1</orderID>
        <name>learner.mark</name>
        <displayName>&gt;8</displayName>
        <type>OUTPUT_LONG</type>
        <startValue>8.0</startValue>
        <toolActivityUIID>1</toolActivityUIID>
      </condition>
      <entryID>5</entryID>
      <entryUIID>22</entryUIID>
      <sequenceActivityUIID>11</sequenceActivityUIID>
      <branchingActivityUIID>2</branchingActivityUIID>
    </org.lamsfoundation.lams.learningdesign.dto.ToolOutputBranchActivityEntryDTO>
    <org.lamsfoundation.lams.learningdesign.dto.BranchActivityEntryDTO>
      <entryID>1</entryID>
      <entryUIID>126</entryUIID>
      <groupUIID>79</groupUIID>
      <sequenceActivityUIID>88</sequenceActivityUIID>
      <branchingActivityUIID>86</branchingActivityUIID>
    </org.lamsfoundation.lams.learningdesign.dto.BranchActivityEntryDTO>
    <org.lamsfoundation.lams.learningdesign.dto.BranchActivityEntryDTO>
      <entryID>2</entryID>
      <entryUIID>127</entryUIID>
      <groupUIID>80</groupUIID>
      <sequenceActivityUIID>92</sequenceActivityUIID>
      <branchingActivityUIID>86</branchingActivityUIID>
    </org.lamsfoundation.lams.learningdesign.dto.BranchActivityEntryDTO>
    <org.lamsfoundation.lams.learningdesign.dto.ToolOutputBranchActivityEntryDTO>
      <condition>
        <conditionId>5</conditionId>
        <conditionUIID>108</conditionUIID>
        <orderID>1</orderID>
        <name>learner.all.correct</name>
        <displayName>All Correct</displayName>
        <type>OUTPUT_BOOLEAN</type>
        <exactMatchValue>true</exactMatchValue>
        <toolActivityUIID>94</toolActivityUIID>
      </condition>
      <entryID>7</entryID>
      <entryUIID>110</entryUIID>
      <sequenceActivityUIID>99</sequenceActivityUIID>
      <branchingActivityUIID>97</branchingActivityUIID>
    </org.lamsfoundation.lams.learningdesign.dto.ToolOutputBranchActivityEntryDTO>
    <org.lamsfoundation.lams.learningdesign.dto.ToolOutputBranchActivityEntryDTO>
      <condition>
        <conditionId>4</conditionId>
        <conditionUIID>109</conditionUIID>
        <orderID>2</orderID>
        <name>learner.all.correct</name>
        <displayName>Not All Correct</displayName>
        <type>OUTPUT_BOOLEAN</type>
        <exactMatchValue>false</exactMatchValue>
        <toolActivityUIID>94</toolActivityUIID>
      </condition>
      <entryID>6</entryID>
      <entryUIID>111</entryUIID>
      <sequenceActivityUIID>103</sequenceActivityUIID>
      <branchingActivityUIID>97</branchingActivityUIID>
    </org.lamsfoundation.lams.learningdesign.dto.ToolOutputBranchActivityEntryDTO>
  </branchMappings>
</org.lamsfoundation.lams.learningdesign.dto.LearningDesignDTO>