<org.lamsfoundation.lams.tool.forum.persistence.Forum>
  <contentId>110</contentId>
  <title>Forum</title>
  <lockWhenFinished>false</lockWhenFinished>
  <runOffline>false</runOffline>
  <allowAnonym>false</allowAnonym>
  <allowEdit>true</allowEdit>
  <allowNewTopic>true</allowNewTopic>
  <allowUpload>false</allowUpload>
  <maximumReply>1</maximumReply>
  <minimumReply>0</minimumReply>
  <allowRichEditor>false</allowRichEditor>
  <instructions>Instructions</instructions>
  <defineLater>false</defineLater>
  <contentInUse>false</contentInUse>
  <created class="sql-timestamp">2009-03-20 19:59:47.0</created>
  <updated class="sql-timestamp">2009-03-20 19:59:59.0</updated>
  <messages>
    <org.lamsfoundation.lams.tool.forum.persistence.Message>
      <subject>Topic Heading</subject>
      <body>Topic message</body>
      <isAuthored>true</isAuthored>
      <isAnonymous>false</isAnonymous>
      <created class="sql-timestamp">2009-03-20 19:04:01.0</created>
      <updated class="sql-timestamp">2009-03-20 19:59:59.0</updated>
      <lastReplyDate class="sql-timestamp">2009-03-20 19:59:59.0</lastReplyDate>
      <replyNumber>0</replyNumber>
      <hideFlag>false</hideFlag>
      <attachments class="tree-set">
        <no-comparator/>
      </attachments>
    </org.lamsfoundation.lams.tool.forum.persistence.Message>
  </messages>
  <attachments/>
  <limitedChar>5000</limitedChar>
  <limitedInput>true</limitedInput>
  <reflectOnActivity>false</reflectOnActivity>
  <notifyLearnersOnMarkRelease>false</notifyLearnersOnMarkRelease>
  <conditions class="tree-set">
    <comparator class="org.lamsfoundation.lams.learningdesign.TextSearchConditionComparator"/>
    <org.lamsfoundation.lams.tool.forum.persistence.ForumCondition>
      <topics class="tree-set">
        <comparator class="org.lamsfoundation.lams.tool.forum.util.ConditionTopicComparator"/>
        <org.lamsfoundation.lams.tool.forum.persistence.Message reference="../../../../messages/org.lamsfoundation.lams.tool.forum.persistence.Message"/>
      </topics>
      <allWords>LAMS</allWords>
      <conditionsParsed>false</conditionsParsed>
      <allWordsCondition/>
      <anyWordsCondition/>
      <excludedWordsCondition/>
      <orderId>1</orderId>
      <name>text.search.output.definition.forum#1</name>
      <displayName>Posts to the first topic contain word "LAMS"</displayName>
      <type>OUTPUT_COMPLEX</type>
    </org.lamsfoundation.lams.tool.forum.persistence.ForumCondition>
  </conditions>
</org.lamsfoundation.lams.tool.forum.persistence.Forum>